SLURM_JOB_ID=2870882
HOSTNAME=i02
NUM_GPUS=1
OUTPUT_DIR=./checkpoints/gator_ft_2870882
Warning, cannot find cuda-compiled version of RoPE2D, using a slow pytorch version instead
| distributed init (rank 0): env://, gpu 0
[14:46:56.921237] output_dir: ./checkpoints/gator_ft_2870882
[14:46:56.922791] Criterion:  LaplacianLossBounded2()
[14:46:58.432765] Building head PixelwiseTaskWithDPT() with 2 channel(s)
[14:46:58.432886] Gator config: GatorConfig(num_register_tokens=4, patch_size=16, image_size=224, shuffle_ratio=0.5, enc_emb_dim=192, enc_depth=12, enc_num_heads=3, dec_emb_dim=192, dec_depth=8, dec_num_heads=3, mlp_ratio=4.0, fused_attn=True, rope_freq=100.0, predict_position=False)
[14:46:58.520162]   PixelwiseTaskWithDPT: automatically setting hook_idxs=[10, 13, 16, 19]
[14:46:58.640543] _IncompatibleKeys(missing_keys=['_dec_pos_embed', 'head.dpt.scratch.layer1_rn.weight', 'head.dpt.scratch.layer2_rn.weight', 'head.dpt.scratch.layer3_rn.weight', 'head.dpt.scratch.layer4_rn.weight', 'head.dpt.scratch.layer_rn.0.weight', 'head.dpt.scratch.layer_rn.1.weight', 'head.dpt.scratch.layer_rn.2.weight', 'head.dpt.scratch.layer_rn.3.weight', 'head.dpt.scratch.refinenet1.out_conv.weight', 'head.dpt.scratch.refinenet1.out_conv.bias', 'head.dpt.scratch.refinenet1.resConfUnit1.conv1.weight', 'head.dpt.scratch.refinenet1.resConfUnit1.conv1.bias', 'head.dpt.scratch.refinenet1.resConfUnit1.conv2.weight', 'head.dpt.scratch.refinenet1.resConfUnit1.conv2.bias', 'head.dpt.scratch.refinenet1.resConfUnit2.conv1.weight', 'head.dpt.scratch.refinenet1.resConfUnit2.conv1.bias', 'head.dpt.scratch.refinenet1.resConfUnit2.conv2.weight', 'head.dpt.scratch.refinenet1.resConfUnit2.conv2.bias', 'head.dpt.scratch.refinenet2.out_conv.weight', 'head.dpt.scratch.refinenet2.out_conv.bias', 'head.dpt.scratch.refinenet2.resConfUnit1.conv1.weight', 'head.dpt.scratch.refinenet2.resConfUnit1.conv1.bias', 'head.dpt.scratch.refinenet2.resConfUnit1.conv2.weight', 'head.dpt.scratch.refinenet2.resConfUnit1.conv2.bias', 'head.dpt.scratch.refinenet2.resConfUnit2.conv1.weight', 'head.dpt.scratch.refinenet2.resConfUnit2.conv1.bias', 'head.dpt.scratch.refinenet2.resConfUnit2.conv2.weight', 'head.dpt.scratch.refinenet2.resConfUnit2.conv2.bias', 'head.dpt.scratch.refinenet3.out_conv.weight', 'head.dpt.scratch.refinenet3.out_conv.bias', 'head.dpt.scratch.refinenet3.resConfUnit1.conv1.weight', 'head.dpt.scratch.refinenet3.resConfUnit1.conv1.bias', 'head.dpt.scratch.refinenet3.resConfUnit1.conv2.weight', 'head.dpt.scratch.refinenet3.resConfUnit1.conv2.bias', 'head.dpt.scratch.refinenet3.resConfUnit2.conv1.weight', 'head.dpt.scratch.refinenet3.resConfUnit2.conv1.bias', 'head.dpt.scratch.refinenet3.resConfUnit2.conv2.weight', 'head.dpt.scratch.refinenet3.resConfUnit2.conv2.bias', 'head.dpt.scratch.refinenet4.out_conv.weight', 'head.dpt.scratch.refinenet4.out_conv.bias', 'head.dpt.scratch.refinenet4.resConfUnit1.conv1.weight', 'head.dpt.scratch.refinenet4.resConfUnit1.conv1.bias', 'head.dpt.scratch.refinenet4.resConfUnit1.conv2.weight', 'head.dpt.scratch.refinenet4.resConfUnit1.conv2.bias', 'head.dpt.scratch.refinenet4.resConfUnit2.conv1.weight', 'head.dpt.scratch.refinenet4.resConfUnit2.conv1.bias', 'head.dpt.scratch.refinenet4.resConfUnit2.conv2.weight', 'head.dpt.scratch.refinenet4.resConfUnit2.conv2.bias', 'head.dpt.head.0.weight', 'head.dpt.head.0.bias', 'head.dpt.head.2.weight', 'head.dpt.head.2.bias', 'head.dpt.head.4.weight', 'head.dpt.head.4.bias', 'head.dpt.act_1_postprocess.0.weight', 'head.dpt.act_1_postprocess.0.bias', 'head.dpt.act_1_postprocess.1.weight', 'head.dpt.act_1_postprocess.1.bias', 'head.dpt.act_2_postprocess.0.weight', 'head.dpt.act_2_postprocess.0.bias', 'head.dpt.act_2_postprocess.1.weight', 'head.dpt.act_2_postprocess.1.bias', 'head.dpt.act_3_postprocess.0.weight', 'head.dpt.act_3_postprocess.0.bias', 'head.dpt.act_4_postprocess.0.weight', 'head.dpt.act_4_postprocess.0.bias', 'head.dpt.act_4_postprocess.1.weight', 'head.dpt.act_4_postprocess.1.bias', 'head.dpt.act_postprocess.0.0.weight', 'head.dpt.act_postprocess.0.0.bias', 'head.dpt.act_postprocess.0.1.weight', 'head.dpt.act_postprocess.0.1.bias', 'head.dpt.act_postprocess.1.0.weight', 'head.dpt.act_postprocess.1.0.bias', 'head.dpt.act_postprocess.1.1.weight', 'head.dpt.act_postprocess.1.1.bias', 'head.dpt.act_postprocess.2.0.weight', 'head.dpt.act_postprocess.2.0.bias', 'head.dpt.act_postprocess.3.0.weight', 'head.dpt.act_postprocess.3.0.bias', 'head.dpt.act_postprocess.3.1.weight', 'head.dpt.act_postprocess.3.1.bias'], unexpected_keys=[])
[14:46:58.642964] Total params: 29512162
[14:46:58.642994] Total params trainable: 29512162
[14:46:58.688087] lr: 3.00e-05
[14:46:58.688150] accumulate grad iterations: 2
[14:46:58.688165] effective batch size: 32
[14:46:58.702569] Param groups = {
  "decay": {
    "weight_decay": 0.05,
    "params": [
      "_no_pos_emb",
      "_register_tokens",
      "_patch_embed.proj.weight",
      "_encoder_blocks.0.attn.qkv.weight",
      "_encoder_blocks.0.attn.proj.weight",
      "_encoder_blocks.0.mlp.fc1.weight",
      "_encoder_blocks.0.mlp.fc2.weight",
      "_encoder_blocks.1.attn.qkv.weight",
      "_encoder_blocks.1.attn.proj.weight",
      "_encoder_blocks.1.mlp.fc1.weight",
      "_encoder_blocks.1.mlp.fc2.weight",
      "_encoder_blocks.2.attn.qkv.weight",
      "_encoder_blocks.2.attn.proj.weight",
      "_encoder_blocks.2.mlp.fc1.weight",
      "_encoder_blocks.2.mlp.fc2.weight",
      "_encoder_blocks.3.attn.qkv.weight",
      "_encoder_blocks.3.attn.proj.weight",
      "_encoder_blocks.3.mlp.fc1.weight",
      "_encoder_blocks.3.mlp.fc2.weight",
      "_encoder_blocks.4.attn.qkv.weight",
      "_encoder_blocks.4.attn.proj.weight",
      "_encoder_blocks.4.mlp.fc1.weight",
      "_encoder_blocks.4.mlp.fc2.weight",
      "_encoder_blocks.5.attn.qkv.weight",
      "_encoder_blocks.5.attn.proj.weight",
      "_encoder_blocks.5.mlp.fc1.weight",
      "_encoder_blocks.5.mlp.fc2.weight",
      "_encoder_blocks.6.attn.qkv.weight",
      "_encoder_blocks.6.attn.proj.weight",
      "_encoder_blocks.6.mlp.fc1.weight",
      "_encoder_blocks.6.mlp.fc2.weight",
      "_encoder_blocks.7.attn.qkv.weight",
      "_encoder_blocks.7.attn.proj.weight",
      "_encoder_blocks.7.mlp.fc1.weight",
      "_encoder_blocks.7.mlp.fc2.weight",
      "_encoder_blocks.8.attn.qkv.weight",
      "_encoder_blocks.8.attn.proj.weight",
      "_encoder_blocks.8.mlp.fc1.weight",
      "_encoder_blocks.8.mlp.fc2.weight",
      "_encoder_blocks.9.attn.qkv.weight",
      "_encoder_blocks.9.attn.proj.weight",
      "_encoder_blocks.9.mlp.fc1.weight",
      "_encoder_blocks.9.mlp.fc2.weight",
      "_encoder_blocks.10.attn.qkv.weight",
      "_encoder_blocks.10.attn.proj.weight",
      "_encoder_blocks.10.mlp.fc1.weight",
      "_encoder_blocks.10.mlp.fc2.weight",
      "_encoder_blocks.11.attn.qkv.weight",
      "_encoder_blocks.11.attn.proj.weight",
      "_encoder_blocks.11.mlp.fc1.weight",
      "_encoder_blocks.11.mlp.fc2.weight",
      "_decoder_embed.weight",
      "_decoder_blocks.0.attn.qkv.weight",
      "_decoder_blocks.0.attn.proj.weight",
      "_decoder_blocks.0.cross_attn.projq.weight",
      "_decoder_blocks.0.cross_attn.projk.weight",
      "_decoder_blocks.0.cross_attn.projv.weight",
      "_decoder_blocks.0.cross_attn.proj.weight",
      "_decoder_blocks.0.mlp.fc1.weight",
      "_decoder_blocks.0.mlp.fc2.weight",
      "_decoder_blocks.1.attn.qkv.weight",
      "_decoder_blocks.1.attn.proj.weight",
      "_decoder_blocks.1.cross_attn.projq.weight",
      "_decoder_blocks.1.cross_attn.projk.weight",
      "_decoder_blocks.1.cross_attn.projv.weight",
      "_decoder_blocks.1.cross_attn.proj.weight",
      "_decoder_blocks.1.mlp.fc1.weight",
      "_decoder_blocks.1.mlp.fc2.weight",
      "_decoder_blocks.2.attn.qkv.weight",
      "_decoder_blocks.2.attn.proj.weight",
      "_decoder_blocks.2.cross_attn.projq.weight",
      "_decoder_blocks.2.cross_attn.projk.weight",
      "_decoder_blocks.2.cross_attn.projv.weight",
      "_decoder_blocks.2.cross_attn.proj.weight",
      "_decoder_blocks.2.mlp.fc1.weight",
      "_decoder_blocks.2.mlp.fc2.weight",
      "_decoder_blocks.3.attn.qkv.weight",
      "_decoder_blocks.3.attn.proj.weight",
      "_decoder_blocks.3.cross_attn.projq.weight",
      "_decoder_blocks.3.cross_attn.projk.weight",
      "_decoder_blocks.3.cross_attn.projv.weight",
      "_decoder_blocks.3.cross_attn.proj.weight",
      "_decoder_blocks.3.mlp.fc1.weight",
      "_decoder_blocks.3.mlp.fc2.weight",
      "_decoder_blocks.4.attn.qkv.weight",
      "_decoder_blocks.4.attn.proj.weight",
      "_decoder_blocks.4.cross_attn.projq.weight",
      "_decoder_blocks.4.cross_attn.projk.weight",
      "_decoder_blocks.4.cross_attn.projv.weight",
      "_decoder_blocks.4.cross_attn.proj.weight",
      "_decoder_blocks.4.mlp.fc1.weight",
      "_decoder_blocks.4.mlp.fc2.weight",
      "_decoder_blocks.5.attn.qkv.weight",
      "_decoder_blocks.5.attn.proj.weight",
      "_decoder_blocks.5.cross_attn.projq.weight",
      "_decoder_blocks.5.cross_attn.projk.weight",
      "_decoder_blocks.5.cross_attn.projv.weight",
      "_decoder_blocks.5.cross_attn.proj.weight",
      "_decoder_blocks.5.mlp.fc1.weight",
      "_decoder_blocks.5.mlp.fc2.weight",
      "_decoder_blocks.6.attn.qkv.weight",
      "_decoder_blocks.6.attn.proj.weight",
      "_decoder_blocks.6.cross_attn.projq.weight",
      "_decoder_blocks.6.cross_attn.projk.weight",
      "_decoder_blocks.6.cross_attn.projv.weight",
      "_decoder_blocks.6.cross_attn.proj.weight",
      "_decoder_blocks.6.mlp.fc1.weight",
      "_decoder_blocks.6.mlp.fc2.weight",
      "_decoder_blocks.7.attn.qkv.weight",
      "_decoder_blocks.7.attn.proj.weight",
      "_decoder_blocks.7.cross_attn.projq.weight",
      "_decoder_blocks.7.cross_attn.projk.weight",
      "_decoder_blocks.7.cross_attn.projv.weight",
      "_decoder_blocks.7.cross_attn.proj.weight",
      "_decoder_blocks.7.mlp.fc1.weight",
      "_decoder_blocks.7.mlp.fc2.weight",
      "head.dpt.scratch.layer1_rn.weight",
      "head.dpt.scratch.layer2_rn.weight",
      "head.dpt.scratch.layer3_rn.weight",
      "head.dpt.scratch.layer4_rn.weight",
      "head.dpt.scratch.refinenet1.out_conv.weight",
      "head.dpt.scratch.refinenet1.resConfUnit1.conv1.weight",
      "head.dpt.scratch.refinenet1.resConfUnit1.conv2.weight",
      "head.dpt.scratch.refinenet1.resConfUnit2.conv1.weight",
      "head.dpt.scratch.refinenet1.resConfUnit2.conv2.weight",
      "head.dpt.scratch.refinenet2.out_conv.weight",
      "head.dpt.scratch.refinenet2.resConfUnit1.conv1.weight",
      "head.dpt.scratch.refinenet2.resConfUnit1.conv2.weight",
      "head.dpt.scratch.refinenet2.resConfUnit2.conv1.weight",
      "head.dpt.scratch.refinenet2.resConfUnit2.conv2.weight",
      "head.dpt.scratch.refinenet3.out_conv.weight",
      "head.dpt.scratch.refinenet3.resConfUnit1.conv1.weight",
      "head.dpt.scratch.refinenet3.resConfUnit1.conv2.weight",
      "head.dpt.scratch.refinenet3.resConfUnit2.conv1.weight",
      "head.dpt.scratch.refinenet3.resConfUnit2.conv2.weight",
      "head.dpt.scratch.refinenet4.out_conv.weight",
      "head.dpt.scratch.refinenet4.resConfUnit1.conv1.weight",
      "head.dpt.scratch.refinenet4.resConfUnit1.conv2.weight",
      "head.dpt.scratch.refinenet4.resConfUnit2.conv1.weight",
      "head.dpt.scratch.refinenet4.resConfUnit2.conv2.weight",
      "head.dpt.head.0.weight",
      "head.dpt.head.2.weight",
      "head.dpt.head.4.weight",
      "head.dpt.act_1_postprocess.0.weight",
      "head.dpt.act_1_postprocess.1.weight",
      "head.dpt.act_2_postprocess.0.weight",
      "head.dpt.act_2_postprocess.1.weight",
      "head.dpt.act_3_postprocess.0.weight",
      "head.dpt.act_4_postprocess.0.weight",
      "head.dpt.act_4_postprocess.1.weight"
    ],
    "lr_scale": 1.0
  },
  "no_decay": {
    "weight_decay": 0.0,
    "params": [
      "_patch_embed.proj.bias",
      "_encoder_blocks.0.norm1.weight",
      "_encoder_blocks.0.norm1.bias",
      "_encoder_blocks.0.attn.qkv.bias",
      "_encoder_blocks.0.attn.proj.bias",
      "_encoder_blocks.0.norm2.weight",
      "_encoder_blocks.0.norm2.bias",
      "_encoder_blocks.0.mlp.fc1.bias",
      "_encoder_blocks.0.mlp.fc2.bias",
      "_encoder_blocks.1.norm1.weight",
      "_encoder_blocks.1.norm1.bias",
      "_encoder_blocks.1.attn.qkv.bias",
      "_encoder_blocks.1.attn.proj.bias",
      "_encoder_blocks.1.norm2.weight",
      "_encoder_blocks.1.norm2.bias",
      "_encoder_blocks.1.mlp.fc1.bias",
      "_encoder_blocks.1.mlp.fc2.bias",
      "_encoder_blocks.2.norm1.weight",
      "_encoder_blocks.2.norm1.bias",
      "_encoder_blocks.2.attn.qkv.bias",
      "_encoder_blocks.2.attn.proj.bias",
      "_encoder_blocks.2.norm2.weight",
      "_encoder_blocks.2.norm2.bias",
      "_encoder_blocks.2.mlp.fc1.bias",
      "_encoder_blocks.2.mlp.fc2.bias",
      "_encoder_blocks.3.norm1.weight",
      "_encoder_blocks.3.norm1.bias",
      "_encoder_blocks.3.attn.qkv.bias",
      "_encoder_blocks.3.attn.proj.bias",
      "_encoder_blocks.3.norm2.weight",
      "_encoder_blocks.3.norm2.bias",
      "_encoder_blocks.3.mlp.fc1.bias",
      "_encoder_blocks.3.mlp.fc2.bias",
      "_encoder_blocks.4.norm1.weight",
      "_encoder_blocks.4.norm1.bias",
      "_encoder_blocks.4.attn.qkv.bias",
      "_encoder_blocks.4.attn.proj.bias",
      "_encoder_blocks.4.norm2.weight",
      "_encoder_blocks.4.norm2.bias",
      "_encoder_blocks.4.mlp.fc1.bias",
      "_encoder_blocks.4.mlp.fc2.bias",
      "_encoder_blocks.5.norm1.weight",
      "_encoder_blocks.5.norm1.bias",
      "_encoder_blocks.5.attn.qkv.bias",
      "_encoder_blocks.5.attn.proj.bias",
      "_encoder_blocks.5.norm2.weight",
      "_encoder_blocks.5.norm2.bias",
      "_encoder_blocks.5.mlp.fc1.bias",
      "_encoder_blocks.5.mlp.fc2.bias",
      "_encoder_blocks.6.norm1.weight",
      "_encoder_blocks.6.norm1.bias",
      "_encoder_blocks.6.attn.qkv.bias",
      "_encoder_blocks.6.attn.proj.bias",
      "_encoder_blocks.6.norm2.weight",
      "_encoder_blocks.6.norm2.bias",
      "_encoder_blocks.6.mlp.fc1.bias",
      "_encoder_blocks.6.mlp.fc2.bias",
      "_encoder_blocks.7.norm1.weight",
      "_encoder_blocks.7.norm1.bias",
      "_encoder_blocks.7.attn.qkv.bias",
      "_encoder_blocks.7.attn.proj.bias",
      "_encoder_blocks.7.norm2.weight",
      "_encoder_blocks.7.norm2.bias",
      "_encoder_blocks.7.mlp.fc1.bias",
      "_encoder_blocks.7.mlp.fc2.bias",
      "_encoder_blocks.8.norm1.weight",
      "_encoder_blocks.8.norm1.bias",
      "_encoder_blocks.8.attn.qkv.bias",
      "_encoder_blocks.8.attn.proj.bias",
      "_encoder_blocks.8.norm2.weight",
      "_encoder_blocks.8.norm2.bias",
      "_encoder_blocks.8.mlp.fc1.bias",
      "_encoder_blocks.8.mlp.fc2.bias",
      "_encoder_blocks.9.norm1.weight",
      "_encoder_blocks.9.norm1.bias",
      "_encoder_blocks.9.attn.qkv.bias",
      "_encoder_blocks.9.attn.proj.bias",
      "_encoder_blocks.9.norm2.weight",
      "_encoder_blocks.9.norm2.bias",
      "_encoder_blocks.9.mlp.fc1.bias",
      "_encoder_blocks.9.mlp.fc2.bias",
      "_encoder_blocks.10.norm1.weight",
      "_encoder_blocks.10.norm1.bias",
      "_encoder_blocks.10.attn.qkv.bias",
      "_encoder_blocks.10.attn.proj.bias",
      "_encoder_blocks.10.norm2.weight",
      "_encoder_blocks.10.norm2.bias",
      "_encoder_blocks.10.mlp.fc1.bias",
      "_encoder_blocks.10.mlp.fc2.bias",
      "_encoder_blocks.11.norm1.weight",
      "_encoder_blocks.11.norm1.bias",
      "_encoder_blocks.11.attn.qkv.bias",
      "_encoder_blocks.11.attn.proj.bias",
      "_encoder_blocks.11.norm2.weight",
      "_encoder_blocks.11.norm2.bias",
      "_encoder_blocks.11.mlp.fc1.bias",
      "_encoder_blocks.11.mlp.fc2.bias",
      "_enc_norm.weight",
      "_enc_norm.bias",
      "_decoder_embed.bias",
      "_decoder_blocks.0.norm1.weight",
      "_decoder_blocks.0.norm1.bias",
      "_decoder_blocks.0.attn.qkv.bias",
      "_decoder_blocks.0.attn.proj.bias",
      "_decoder_blocks.0.cross_attn.projq.bias",
      "_decoder_blocks.0.cross_attn.projk.bias",
      "_decoder_blocks.0.cross_attn.projv.bias",
      "_decoder_blocks.0.cross_attn.proj.bias",
      "_decoder_blocks.0.norm2.weight",
      "_decoder_blocks.0.norm2.bias",
      "_decoder_blocks.0.norm3.weight",
      "_decoder_blocks.0.norm3.bias",
      "_decoder_blocks.0.mlp.fc1.bias",
      "_decoder_blocks.0.mlp.fc2.bias",
      "_decoder_blocks.0.norm_y.weight",
      "_decoder_blocks.0.norm_y.bias",
      "_decoder_blocks.1.norm1.weight",
      "_decoder_blocks.1.norm1.bias",
      "_decoder_blocks.1.attn.qkv.bias",
      "_decoder_blocks.1.attn.proj.bias",
      "_decoder_blocks.1.cross_attn.projq.bias",
      "_decoder_blocks.1.cross_attn.projk.bias",
      "_decoder_blocks.1.cross_attn.projv.bias",
      "_decoder_blocks.1.cross_attn.proj.bias",
      "_decoder_blocks.1.norm2.weight",
      "_decoder_blocks.1.norm2.bias",
      "_decoder_blocks.1.norm3.weight",
      "_decoder_blocks.1.norm3.bias",
      "_decoder_blocks.1.mlp.fc1.bias",
      "_decoder_blocks.1.mlp.fc2.bias",
      "_decoder_blocks.1.norm_y.weight",
      "_decoder_blocks.1.norm_y.bias",
      "_decoder_blocks.2.norm1.weight",
      "_decoder_blocks.2.norm1.bias",
      "_decoder_blocks.2.attn.qkv.bias",
      "_decoder_blocks.2.attn.proj.bias",
      "_decoder_blocks.2.cross_attn.projq.bias",
      "_decoder_blocks.2.cross_attn.projk.bias",
      "_decoder_blocks.2.cross_attn.projv.bias",
      "_decoder_blocks.2.cross_attn.proj.bias",
      "_decoder_blocks.2.norm2.weight",
      "_decoder_blocks.2.norm2.bias",
      "_decoder_blocks.2.norm3.weight",
      "_decoder_blocks.2.norm3.bias",
      "_decoder_blocks.2.mlp.fc1.bias",
      "_decoder_blocks.2.mlp.fc2.bias",
      "_decoder_blocks.2.norm_y.weight",
      "_decoder_blocks.2.norm_y.bias",
      "_decoder_blocks.3.norm1.weight",
      "_decoder_blocks.3.norm1.bias",
      "_decoder_blocks.3.attn.qkv.bias",
      "_decoder_blocks.3.attn.proj.bias",
      "_decoder_blocks.3.cross_attn.projq.bias",
      "_decoder_blocks.3.cross_attn.projk.bias",
      "_decoder_blocks.3.cross_attn.projv.bias",
      "_decoder_blocks.3.cross_attn.proj.bias",
      "_decoder_blocks.3.norm2.weight",
      "_decoder_blocks.3.norm2.bias",
      "_decoder_blocks.3.norm3.weight",
      "_decoder_blocks.3.norm3.bias",
      "_decoder_blocks.3.mlp.fc1.bias",
      "_decoder_blocks.3.mlp.fc2.bias",
      "_decoder_blocks.3.norm_y.weight",
      "_decoder_blocks.3.norm_y.bias",
      "_decoder_blocks.4.norm1.weight",
      "_decoder_blocks.4.norm1.bias",
      "_decoder_blocks.4.attn.qkv.bias",
      "_decoder_blocks.4.attn.proj.bias",
      "_decoder_blocks.4.cross_attn.projq.bias",
      "_decoder_blocks.4.cross_attn.projk.bias",
      "_decoder_blocks.4.cross_attn.projv.bias",
      "_decoder_blocks.4.cross_attn.proj.bias",
      "_decoder_blocks.4.norm2.weight",
      "_decoder_blocks.4.norm2.bias",
      "_decoder_blocks.4.norm3.weight",
      "_decoder_blocks.4.norm3.bias",
      "_decoder_blocks.4.mlp.fc1.bias",
      "_decoder_blocks.4.mlp.fc2.bias",
      "_decoder_blocks.4.norm_y.weight",
      "_decoder_blocks.4.norm_y.bias",
      "_decoder_blocks.5.norm1.weight",
      "_decoder_blocks.5.norm1.bias",
      "_decoder_blocks.5.attn.qkv.bias",
      "_decoder_blocks.5.attn.proj.bias",
      "_decoder_blocks.5.cross_attn.projq.bias",
      "_decoder_blocks.5.cross_attn.projk.bias",
      "_decoder_blocks.5.cross_attn.projv.bias",
      "_decoder_blocks.5.cross_attn.proj.bias",
      "_decoder_blocks.5.norm2.weight",
      "_decoder_blocks.5.norm2.bias",
      "_decoder_blocks.5.norm3.weight",
      "_decoder_blocks.5.norm3.bias",
      "_decoder_blocks.5.mlp.fc1.bias",
      "_decoder_blocks.5.mlp.fc2.bias",
      "_decoder_blocks.5.norm_y.weight",
      "_decoder_blocks.5.norm_y.bias",
      "_decoder_blocks.6.norm1.weight",
      "_decoder_blocks.6.norm1.bias",
      "_decoder_blocks.6.attn.qkv.bias",
      "_decoder_blocks.6.attn.proj.bias",
      "_decoder_blocks.6.cross_attn.projq.bias",
      "_decoder_blocks.6.cross_attn.projk.bias",
      "_decoder_blocks.6.cross_attn.projv.bias",
      "_decoder_blocks.6.cross_attn.proj.bias",
      "_decoder_blocks.6.norm2.weight",
      "_decoder_blocks.6.norm2.bias",
      "_decoder_blocks.6.norm3.weight",
      "_decoder_blocks.6.norm3.bias",
      "_decoder_blocks.6.mlp.fc1.bias",
      "_decoder_blocks.6.mlp.fc2.bias",
      "_decoder_blocks.6.norm_y.weight",
      "_decoder_blocks.6.norm_y.bias",
      "_decoder_blocks.7.norm1.weight",
      "_decoder_blocks.7.norm1.bias",
      "_decoder_blocks.7.attn.qkv.bias",
      "_decoder_blocks.7.attn.proj.bias",
      "_decoder_blocks.7.cross_attn.projq.bias",
      "_decoder_blocks.7.cross_attn.projk.bias",
      "_decoder_blocks.7.cross_attn.projv.bias",
      "_decoder_blocks.7.cross_attn.proj.bias",
      "_decoder_blocks.7.norm2.weight",
      "_decoder_blocks.7.norm2.bias",
      "_decoder_blocks.7.norm3.weight",
      "_decoder_blocks.7.norm3.bias",
      "_decoder_blocks.7.mlp.fc1.bias",
      "_decoder_blocks.7.mlp.fc2.bias",
      "_decoder_blocks.7.norm_y.weight",
      "_decoder_blocks.7.norm_y.bias",
      "_decoder_norm.weight",
      "_decoder_norm.bias",
      "head.dpt.scratch.refinenet1.out_conv.bias",
      "head.dpt.scratch.refinenet1.resConfUnit1.conv1.bias",
      "head.dpt.scratch.refinenet1.resConfUnit1.conv2.bias",
      "head.dpt.scratch.refinenet1.resConfUnit2.conv1.bias",
      "head.dpt.scratch.refinenet1.resConfUnit2.conv2.bias",
      "head.dpt.scratch.refinenet2.out_conv.bias",
      "head.dpt.scratch.refinenet2.resConfUnit1.conv1.bias",
      "head.dpt.scratch.refinenet2.resConfUnit1.conv2.bias",
      "head.dpt.scratch.refinenet2.resConfUnit2.conv1.bias",
      "head.dpt.scratch.refinenet2.resConfUnit2.conv2.bias",
      "head.dpt.scratch.refinenet3.out_conv.bias",
      "head.dpt.scratch.refinenet3.resConfUnit1.conv1.bias",
      "head.dpt.scratch.refinenet3.resConfUnit1.conv2.bias",
      "head.dpt.scratch.refinenet3.resConfUnit2.conv1.bias",
      "head.dpt.scratch.refinenet3.resConfUnit2.conv2.bias",
      "head.dpt.scratch.refinenet4.out_conv.bias",
      "head.dpt.scratch.refinenet4.resConfUnit1.conv1.bias",
      "head.dpt.scratch.refinenet4.resConfUnit1.conv2.bias",
      "head.dpt.scratch.refinenet4.resConfUnit2.conv1.bias",
      "head.dpt.scratch.refinenet4.resConfUnit2.conv2.bias",
      "head.dpt.head.0.bias",
      "head.dpt.head.2.bias",
      "head.dpt.head.4.bias",
      "head.dpt.act_1_postprocess.0.bias",
      "head.dpt.act_1_postprocess.1.bias",
      "head.dpt.act_2_postprocess.0.bias",
      "head.dpt.act_2_postprocess.1.bias",
      "head.dpt.act_3_postprocess.0.bias",
      "head.dpt.act_4_postprocess.0.bias",
      "head.dpt.act_4_postprocess.1.bias"
    ],
    "lr_scale": 1.0
  }
}
[14:46:58.703014] AdamW (
Parameter Group 0
    amsgrad: False
    betas: (0.9, 0.95)
    capturable: False
    differentiable: False
    eps: 1e-08
    foreach: None
    fused: None
    lr: 3e-05
    lr_scale: 1.0
    maximize: False
    weight_decay: 0.05

Parameter Group 1
    amsgrad: False
    betas: (0.9, 0.95)
    capturable: False
    differentiable: False
    eps: 1e-08
    foreach: None
    fused: None
    lr: 3e-05
    lr_scale: 1.0
    maximize: False
    weight_decay: 0.0
)
[14:46:59.487604] Building Train Data loader for dataset:  Kitti12('train')+Kitti15('train')+30*ETH3DLowRes(split='train')+50*Md14('train')+50*Md21('train')+Booster('train_balanced')
[14:46:59.488803] Kitti12Dataset(split=train, augmentor=True, crop_size=[352, 704], totensor=True)
	num pairs: 194
[14:46:59.488836] Kitti15Dataset(split=train, augmentor=True, crop_size=[352, 704], totensor=True)
	num pairs: 200
[14:46:59.488854] ETH3DLowResDataset(split=train, augmentor=True, crop_size=[352, 704], totensor=True)
	num pairs: 810 (27x30)
[14:46:59.488872] Md14Dataset(split=train, augmentor=True, crop_size=[352, 704], totensor=True)
	num pairs: 6900 (138x50)
[14:46:59.488888] Md21Dataset(split=train, augmentor=True, crop_size=[352, 704], totensor=True)
	num pairs: 17750 (355x50)
[14:46:59.488903] BoosterDataset(split=train_balanced, augmentor=True, crop_size=[352, 704], totensor=True)
	num pairs: 228
[14:46:59.488917]   total length: 26082
[14:46:59.489201] Building Val Data loader for datasets:  ETH3DLowRes(split='subval')+Md14('subval')+Booster('subval_balanced')+Md21('subval')
[14:46:59.489574] ETH3DLowResDataset(split=subval, augmentor=False, crop_size=None, totensor=True)
	num pairs: 3
[14:46:59.489600] Md14Dataset(split=subval, augmentor=False, crop_size=None, totensor=True)
	num pairs: 6
[14:46:59.489616] BoosterDataset(split=subval_balanced, augmentor=False, crop_size=None, totensor=True)
	num pairs: 15
[14:46:59.489630] Md21Dataset(split=subval, augmentor=False, crop_size=None, totensor=True)
	num pairs: 20
[14:46:59.489741] Start training for 32 epochs
[14:46:59.491253] log_dir: ./checkpoints/gator_ft_2870882
[14:47:07.767759] Epoch: [0]  [   0/1630]  eta: 3:44:49  lr: 0.000000  loss: 122.1943 (122.1943)  avgerr: 121.0284 (121.0284)  rmse: 126.3433 (126.3433)  bad@0.5: 100.0000 (100.0000)  bad@1.0: 100.0000 (100.0000)  bad@2.0: 100.0000 (100.0000)  bad@3.0: 100.0000 (100.0000)  time: 8.2755  data: 3.5291  max mem: 15488
[14:47:17.426618] Epoch: [0]  [  20/1630]  eta: 0:22:54  lr: 0.000000  loss: 120.2384 (125.9508)  avgerr: 117.4516 (121.4066)  rmse: 120.6301 (125.2374)  bad@0.5: 100.0000 (100.0000)  bad@1.0: 100.0000 (99.9991)  bad@2.0: 100.0000 (99.8134)  bad@3.0: 100.0000 (99.6179)  time: 0.4828  data: 0.0002  max mem: 15488
[14:47:27.121310] Epoch: [0]  [  40/1630]  eta: 0:17:51  lr: 0.000001  loss: 122.1165 (124.1430)  avgerr: 119.3911 (120.0628)  rmse: 123.6444 (123.9648)  bad@0.5: 100.0000 (99.9992)  bad@1.0: 100.0000 (99.9887)  bad@2.0: 100.0000 (99.8290)  bad@3.0: 100.0000 (99.5549)  time: 0.4847  data: 0.0032  max mem: 15488
[14:47:36.643082] Epoch: [0]  [  60/1630]  eta: 0:15:56  lr: 0.000001  loss: 125.2980 (123.7786)  avgerr: 125.5044 (120.2864)  rmse: 130.7719 (124.0090)  bad@0.5: 100.0000 (99.9994)  bad@1.0: 100.0000 (99.9909)  bad@2.0: 100.0000 (99.8204)  bad@3.0: 100.0000 (99.6185)  time: 0.4760  data: 0.0015  max mem: 15488
[14:47:46.266979] Epoch: [0]  [  80/1630]  eta: 0:14:54  lr: 0.000001  loss: 121.1182 (124.2476)  avgerr: 121.6380 (121.3251)  rmse: 124.5128 (125.1199)  bad@0.5: 100.0000 (99.9992)  bad@1.0: 100.0000 (99.9909)  bad@2.0: 100.0000 (99.8198)  bad@3.0: 100.0000 (99.5796)  time: 0.4810  data: 0.0014  max mem: 15488
[14:47:55.819480] Epoch: [0]  [ 100/1630]  eta: 0:14:13  lr: 0.000002  loss: 108.1439 (122.7379)  avgerr: 109.4919 (120.6096)  rmse: 113.4541 (124.5561)  bad@0.5: 100.0000 (99.9993)  bad@1.0: 100.0000 (99.9915)  bad@2.0: 100.0000 (99.8411)  bad@3.0: 100.0000 (99.5769)  time: 0.4775  data: 0.0002  max mem: 15488
[14:48:05.347590] Epoch: [0]  [ 120/1630]  eta: 0:13:41  lr: 0.000002  loss: 120.6451 (121.6224)  avgerr: 125.1208 (120.5665)  rmse: 128.5728 (124.4897)  bad@0.5: 100.0000 (99.9994)  bad@1.0: 100.0000 (99.9929)  bad@2.0: 100.0000 (99.8673)  bad@3.0: 100.0000 (99.6338)  time: 0.4763  data: 0.0002  max mem: 15488
[14:48:14.967294] Epoch: [0]  [ 140/1630]  eta: 0:13:17  lr: 0.000003  loss: 107.7034 (119.7419)  avgerr: 115.8570 (120.0884)  rmse: 119.9471 (124.0571)  bad@0.5: 100.0000 (99.9995)  bad@1.0: 100.0000 (99.9939)  bad@2.0: 100.0000 (99.8859)  bad@3.0: 100.0000 (99.6669)  time: 0.4809  data: 0.0002  max mem: 15488
[14:48:24.586416] Epoch: [0]  [ 160/1630]  eta: 0:12:56  lr: 0.000003  loss: 109.8603 (118.0926)  avgerr: 123.6289 (120.5846)  rmse: 128.2524 (124.5945)  bad@0.5: 100.0000 (99.9996)  bad@1.0: 100.0000 (99.9946)  bad@2.0: 100.0000 (99.8994)  bad@3.0: 100.0000 (99.7038)  time: 0.4809  data: 0.0002  max mem: 15488
[14:48:34.197940] Epoch: [0]  [ 180/1630]  eta: 0:12:38  lr: 0.000003  loss: 97.3842 (115.7498)  avgerr: 122.8594 (121.0282)  rmse: 126.8976 (124.9697)  bad@0.5: 100.0000 (99.9994)  bad@1.0: 100.0000 (99.9934)  bad@2.0: 100.0000 (99.9015)  bad@3.0: 100.0000 (99.7163)  time: 0.4805  data: 0.0014  max mem: 15488
[14:48:43.757449] Epoch: [0]  [ 200/1630]  eta: 0:12:21  lr: 0.000004  loss: 80.2393 (112.4994)  avgerr: 129.3690 (121.8007)  rmse: 134.4001 (125.8008)  bad@0.5: 100.0000 (99.9992)  bad@1.0: 100.0000 (99.9735)  bad@2.0: 100.0000 (99.8636)  bad@3.0: 100.0000 (99.6809)  time: 0.4779  data: 0.0002  max mem: 15488
[14:48:53.223830] Epoch: [0]  [ 220/1630]  eta: 0:12:05  lr: 0.000004  loss: 48.2223 (107.0188)  avgerr: 108.2963 (120.9072)  rmse: 113.5233 (124.9135)  bad@0.5: 100.0000 (99.9993)  bad@1.0: 100.0000 (99.9759)  bad@2.0: 100.0000 (99.8658)  bad@3.0: 100.0000 (99.6753)  time: 0.4732  data: 0.0002  max mem: 15488
[14:49:02.968982] Epoch: [0]  [ 240/1630]  eta: 0:11:51  lr: 0.000004  loss: 29.3643 (100.8156)  avgerr: 115.2979 (121.0432)  rmse: 119.1093 (125.1080)  bad@0.5: 100.0000 (99.9993)  bad@1.0: 100.0000 (99.9773)  bad@2.0: 100.0000 (99.8682)  bad@3.0: 100.0000 (99.6857)  time: 0.4861  data: 0.0012  max mem: 15488
[14:49:12.578205] Epoch: [0]  [ 260/1630]  eta: 0:11:38  lr: 0.000005  loss: 15.3398 (94.3624)  avgerr: 117.7046 (120.9299)  rmse: 124.1408 (124.9862)  bad@0.5: 100.0000 (99.9826)  bad@1.0: 100.0000 (99.9614)  bad@2.0: 100.0000 (99.8577)  bad@3.0: 100.0000 (99.6890)  time: 0.4804  data: 0.0012  max mem: 15488
[14:49:22.168567] Epoch: [0]  [ 280/1630]  eta: 0:11:25  lr: 0.000005  loss: 10.3953 (88.4119)  avgerr: 113.6070 (120.6152)  rmse: 119.0747 (124.6769)  bad@0.5: 100.0000 (99.9800)  bad@1.0: 100.0000 (99.9553)  bad@2.0: 100.0000 (99.8508)  bad@3.0: 100.0000 (99.6830)  time: 0.4794  data: 0.0002  max mem: 15488
[14:49:31.722720] Epoch: [0]  [ 300/1630]  eta: 0:11:12  lr: 0.000006  loss: 8.7453 (83.1378)  avgerr: 108.7699 (119.8042)  rmse: 112.2451 (123.8632)  bad@0.5: 100.0000 (99.9684)  bad@1.0: 100.0000 (99.9318)  bad@2.0: 100.0000 (99.8103)  bad@3.0: 100.0000 (99.6334)  time: 0.4776  data: 0.0013  max mem: 15488
[14:49:41.511413] Epoch: [0]  [ 320/1630]  eta: 0:11:00  lr: 0.000006  loss: 9.3283 (78.5510)  avgerr: 119.1725 (119.9895)  rmse: 122.2739 (124.0937)  bad@0.5: 100.0000 (99.9640)  bad@1.0: 100.0000 (99.9232)  bad@2.0: 100.0000 (99.7943)  bad@3.0: 100.0000 (99.6131)  time: 0.4894  data: 0.0009  max mem: 15488
[14:49:51.282235] Epoch: [0]  [ 340/1630]  eta: 0:10:49  lr: 0.000006  loss: 9.0965 (74.4712)  avgerr: 114.3340 (119.6992)  rmse: 116.5272 (123.7671)  bad@0.5: 99.9688 (99.9565)  bad@1.0: 99.9212 (99.9075)  bad@2.0: 99.8589 (99.7608)  bad@3.0: 99.7853 (99.5711)  time: 0.4885  data: 0.0016  max mem: 15488
[14:50:00.944080] Epoch: [0]  [ 360/1630]  eta: 0:10:38  lr: 0.000007  loss: 8.0725 (70.8136)  avgerr: 98.7725 (118.9534)  rmse: 101.2335 (123.0075)  bad@0.5: 99.9279 (99.9507)  bad@1.0: 99.8448 (99.8957)  bad@2.0: 99.7496 (99.7389)  bad@3.0: 99.6063 (99.5371)  time: 0.4830  data: 0.0090  max mem: 15488
[14:50:10.513284] Epoch: [0]  [ 380/1630]  eta: 0:10:26  lr: 0.000007  loss: 8.3653 (67.5691)  avgerr: 107.5328 (118.8223)  rmse: 113.0174 (122.9003)  bad@0.5: 99.9648 (99.9483)  bad@1.0: 99.9218 (99.8909)  bad@2.0: 99.8685 (99.7311)  bad@3.0: 99.7951 (99.5294)  time: 0.4784  data: 0.0005  max mem: 15488
[14:50:20.039895] Epoch: [0]  [ 400/1630]  eta: 0:10:14  lr: 0.000007  loss: 8.1557 (64.6224)  avgerr: 98.7176 (118.2441)  rmse: 104.1436 (122.3913)  bad@0.5: 99.9029 (99.9450)  bad@1.0: 99.7840 (99.8848)  bad@2.0: 99.5567 (99.7225)  bad@3.0: 99.3678 (99.5200)  time: 0.4763  data: 0.0003  max mem: 15488
[14:50:29.797697] Epoch: [0]  [ 420/1630]  eta: 0:10:04  lr: 0.000008  loss: 7.4921 (61.9150)  avgerr: 90.5792 (116.9668)  rmse: 96.6102 (121.1597)  bad@0.5: 99.7560 (99.9327)  bad@1.0: 99.4270 (99.8605)  bad@2.0: 98.8733 (99.6778)  bad@3.0: 98.3260 (99.4561)  time: 0.4878  data: 0.0012  max mem: 15488
[14:50:39.341439] Epoch: [0]  [ 440/1630]  eta: 0:09:53  lr: 0.000008  loss: 6.5227 (59.4234)  avgerr: 70.9369 (115.2530)  rmse: 77.1166 (119.5564)  bad@0.5: 99.4557 (99.9095)  bad@1.0: 98.8933 (99.8149)  bad@2.0: 97.7882 (99.5907)  bad@3.0: 96.7988 (99.3301)  time: 0.4771  data: 0.0002  max mem: 15488
[14:50:48.895476] Epoch: [0]  [ 460/1630]  eta: 0:09:42  lr: 0.000008  loss: 6.1415 (57.1174)  avgerr: 63.8913 (113.0941)  rmse: 70.7580 (117.5651)  bad@0.5: 99.5148 (99.8909)  bad@1.0: 99.0133 (99.7781)  bad@2.0: 97.9533 (99.5178)  bad@3.0: 97.1544 (99.2223)  time: 0.4776  data: 0.0008  max mem: 15488
[14:50:58.651062] Epoch: [0]  [ 480/1630]  eta: 0:09:31  lr: 0.000009  loss: 6.0843 (54.9984)  avgerr: 61.4366 (111.0535)  rmse: 70.1867 (115.6733)  bad@0.5: 99.5055 (99.8740)  bad@1.0: 99.0055 (99.7439)  bad@2.0: 98.0208 (99.4514)  bad@3.0: 97.0251 (99.1255)  time: 0.4877  data: 0.0004  max mem: 15488
[14:51:08.261880] Epoch: [0]  [ 500/1630]  eta: 0:09:20  lr: 0.000009  loss: 5.8228 (53.0470)  avgerr: 57.0841 (109.1255)  rmse: 65.2728 (113.8630)  bad@0.5: 99.3542 (99.8522)  bad@1.0: 98.7101 (99.7003)  bad@2.0: 97.3837 (99.3650)  bad@3.0: 96.0579 (98.9977)  time: 0.4804  data: 0.0011  max mem: 15488
[14:51:17.869363] Epoch: [0]  [ 520/1630]  eta: 0:09:10  lr: 0.000010  loss: 5.9637 (51.2396)  avgerr: 59.5830 (107.2390)  rmse: 68.8856 (112.1024)  bad@0.5: 99.4484 (99.8335)  bad@1.0: 98.8980 (99.6626)  bad@2.0: 97.7358 (99.2901)  bad@3.0: 96.4435 (98.8870)  time: 0.4803  data: 0.0010  max mem: 15488
[14:51:27.403659] Epoch: [0]  [ 540/1630]  eta: 0:08:59  lr: 0.000010  loss: 5.9412 (49.5742)  avgerr: 59.2517 (105.6685)  rmse: 67.1780 (110.6366)  bad@0.5: 99.4543 (99.8186)  bad@1.0: 98.8958 (99.6328)  bad@2.0: 97.7390 (99.2320)  bad@3.0: 96.6063 (98.8011)  time: 0.4766  data: 0.0003  max mem: 15488
[14:51:37.018845] Epoch: [0]  [ 560/1630]  eta: 0:08:49  lr: 0.000010  loss: 6.1929 (48.0268)  avgerr: 62.7421 (104.1681)  rmse: 69.7786 (109.2150)  bad@0.5: 99.3370 (99.8024)  bad@1.0: 98.6647 (99.6009)  bad@2.0: 97.2529 (99.1696)  bad@3.0: 95.7645 (98.7083)  time: 0.4807  data: 0.0004  max mem: 15488
[14:51:46.794348] Epoch: [0]  [ 580/1630]  eta: 0:08:39  lr: 0.000011  loss: 6.0696 (46.5837)  avgerr: 61.1640 (102.7282)  rmse: 65.7289 (107.8859)  bad@0.5: 99.3926 (99.7879)  bad@1.0: 98.7942 (99.5718)  bad@2.0: 97.5898 (99.1130)  bad@3.0: 96.3204 (98.6261)  time: 0.4887  data: 0.0016  max mem: 15488
[14:51:56.340538] Epoch: [0]  [ 600/1630]  eta: 0:08:28  lr: 0.000011  loss: 5.9934 (45.2387)  avgerr: 57.5424 (101.4297)  rmse: 66.9993 (106.6649)  bad@0.5: 99.2798 (99.7719)  bad@1.0: 98.5299 (99.5397)  bad@2.0: 96.9912 (99.0480)  bad@3.0: 95.5949 (98.5281)  time: 0.4772  data: 0.0015  max mem: 15488
[14:52:05.862706] Epoch: [0]  [ 620/1630]  eta: 0:08:18  lr: 0.000011  loss: 6.0255 (43.9797)  avgerr: 60.7954 (100.1989)  rmse: 68.4926 (105.5157)  bad@0.5: 99.4534 (99.7588)  bad@1.0: 98.9036 (99.5137)  bad@2.0: 97.7666 (98.9968)  bad@3.0: 96.6223 (98.4537)  time: 0.4760  data: 0.0002  max mem: 15488
[14:52:15.386578] Epoch: [0]  [ 640/1630]  eta: 0:08:07  lr: 0.000012  loss: 5.7645 (42.7895)  avgerr: 54.9849 (98.8480)  rmse: 60.6279 (104.2169)  bad@0.5: 99.3083 (99.7426)  bad@1.0: 98.6396 (99.4814)  bad@2.0: 97.2635 (98.9351)  bad@3.0: 95.8325 (98.3634)  time: 0.4761  data: 0.0009  max mem: 15488
[14:52:24.900846] Epoch: [0]  [ 660/1630]  eta: 0:07:57  lr: 0.000012  loss: 5.6523 (41.6686)  avgerr: 53.5193 (97.5732)  rmse: 59.8856 (102.9882)  bad@0.5: 99.2919 (99.7284)  bad@1.0: 98.5630 (99.4535)  bad@2.0: 97.1201 (98.8801)  bad@3.0: 95.6501 (98.2814)  time: 0.4756  data: 0.0002  max mem: 15488
[14:52:34.684008] Epoch: [0]  [ 680/1630]  eta: 0:07:47  lr: 0.000013  loss: 5.7294 (40.6190)  avgerr: 54.3999 (96.4296)  rmse: 62.0848 (101.8916)  bad@0.5: 99.2963 (99.7158)  bad@1.0: 98.5645 (99.4286)  bad@2.0: 97.2852 (98.8311)  bad@3.0: 95.8947 (98.2098)  time: 0.4891  data: 0.0018  max mem: 15488
[14:52:44.350894] Epoch: [0]  [ 700/1630]  eta: 0:07:37  lr: 0.000013  loss: 5.8115 (39.6275)  avgerr: 56.8392 (95.3275)  rmse: 64.6768 (100.8498)  bad@0.5: 99.3099 (99.7032)  bad@1.0: 98.6475 (99.4035)  bad@2.0: 97.4012 (98.7806)  bad@3.0: 96.0432 (98.1341)  time: 0.4833  data: 0.0015  max mem: 15488
[14:52:53.805763] Epoch: [0]  [ 720/1630]  eta: 0:07:27  lr: 0.000013  loss: 5.5821 (38.6871)  avgerr: 52.7199 (94.1938)  rmse: 60.9474 (99.7978)  bad@0.5: 99.2655 (99.6904)  bad@1.0: 98.5253 (99.3777)  bad@2.0: 96.9152 (98.7297)  bad@3.0: 95.4141 (98.0589)  time: 0.4727  data: 0.0002  max mem: 15488
[14:53:03.345605] Epoch: [0]  [ 740/1630]  eta: 0:07:16  lr: 0.000014  loss: 5.3373 (37.7907)  avgerr: 46.6275 (92.9882)  rmse: 57.9411 (98.6423)  bad@0.5: 99.0940 (99.6752)  bad@1.0: 98.1765 (99.3475)  bad@2.0: 96.2687 (98.6690)  bad@3.0: 94.4796 (97.9683)  time: 0.4769  data: 0.0004  max mem: 15488
[14:53:12.906321] Epoch: [0]  [ 760/1630]  eta: 0:07:06  lr: 0.000014  loss: 5.3118 (36.9441)  avgerr: 46.5390 (91.8806)  rmse: 52.9144 (97.5644)  bad@0.5: 99.0483 (99.6597)  bad@1.0: 98.0550 (99.3164)  bad@2.0: 96.2007 (98.6079)  bad@3.0: 94.3272 (97.8776)  time: 0.4780  data: 0.0004  max mem: 15488
[14:53:22.658197] Epoch: [0]  [ 780/1630]  eta: 0:06:56  lr: 0.000014  loss: 5.2075 (36.1360)  avgerr: 45.1217 (90.7824)  rmse: 51.3687 (96.5059)  bad@0.5: 99.1273 (99.6451)  bad@1.0: 98.2646 (99.2870)  bad@2.0: 96.4819 (98.5497)  bad@3.0: 94.6156 (97.7913)  time: 0.4875  data: 0.0014  max mem: 15488
[14:53:32.145515] Epoch: [0]  [ 800/1630]  eta: 0:06:46  lr: 0.000015  loss: 5.3981 (35.3695)  avgerr: 47.6626 (89.7390)  rmse: 56.6568 (95.5097)  bad@0.5: 99.2218 (99.6339)  bad@1.0: 98.4913 (99.2652)  bad@2.0: 96.9424 (98.5065)  bad@3.0: 95.3166 (97.7274)  time: 0.4743  data: 0.0008  max mem: 15488
[14:53:41.900807] Epoch: [0]  [ 820/1630]  eta: 0:06:36  lr: 0.000015  loss: 5.1137 (34.6337)  avgerr: 42.6176 (88.6317)  rmse: 47.9238 (94.4582)  bad@0.5: 99.0783 (99.6203)  bad@1.0: 98.1648 (99.2373)  bad@2.0: 96.1513 (98.4505)  bad@3.0: 93.9929 (97.6421)  time: 0.4875  data: 0.0007  max mem: 15488
[14:53:51.387308] Epoch: [0]  [ 840/1630]  eta: 0:06:26  lr: 0.000015  loss: 5.0075 (33.9328)  avgerr: 40.0757 (87.5563)  rmse: 49.7304 (93.4270)  bad@0.5: 98.9654 (99.6058)  bad@1.0: 97.9122 (99.2081)  bad@2.0: 95.7519 (98.3913)  bad@3.0: 93.5825 (97.5529)  time: 0.4743  data: 0.0003  max mem: 15488
[14:54:00.963153] Epoch: [0]  [ 860/1630]  eta: 0:06:16  lr: 0.000016  loss: 4.8661 (33.2644)  avgerr: 37.8049 (86.5369)  rmse: 45.3839 (92.4281)  bad@0.5: 99.0329 (99.5896)  bad@1.0: 98.0600 (99.1761)  bad@2.0: 96.0753 (98.3285)  bad@3.0: 94.1068 (97.4597)  time: 0.4779  data: 0.0005  max mem: 15488
[14:54:10.721758] Epoch: [0]  [ 880/1630]  eta: 0:06:07  lr: 0.000016  loss: 5.2168 (32.6324)  avgerr: 44.2659 (85.6719)  rmse: 53.2753 (91.6108)  bad@0.5: 98.9387 (99.5760)  bad@1.0: 97.9868 (99.1495)  bad@2.0: 96.2272 (98.2765)  bad@3.0: 94.4831 (97.3834)  time: 0.4878  data: 0.0007  max mem: 15488
[14:54:20.259742] Epoch: [0]  [ 900/1630]  eta: 0:05:57  lr: 0.000017  loss: 5.0639 (32.0249)  avgerr: 41.1191 (84.7660)  rmse: 52.6992 (90.7511)  bad@0.5: 99.0350 (99.5638)  bad@1.0: 98.1139 (99.1251)  bad@2.0: 96.2281 (98.2272)  bad@3.0: 94.2284 (97.3086)  time: 0.4768  data: 0.0005  max mem: 15488
[14:54:29.947570] Epoch: [0]  [ 920/1630]  eta: 0:05:47  lr: 0.000017  loss: 5.0048 (31.4413)  avgerr: 40.2177 (83.8751)  rmse: 46.9721 (89.8816)  bad@0.5: 99.0222 (99.5522)  bad@1.0: 98.0395 (99.1017)  bad@2.0: 95.9594 (98.1809)  bad@3.0: 93.9325 (97.2400)  time: 0.4843  data: 0.0013  max mem: 15488
[14:54:39.608899] Epoch: [0]  [ 940/1630]  eta: 0:05:37  lr: 0.000017  loss: 5.1423 (30.8837)  avgerr: 43.3482 (83.0284)  rmse: 48.3560 (89.0615)  bad@0.5: 99.0684 (99.5427)  bad@1.0: 98.0886 (99.0824)  bad@2.0: 96.2085 (98.1423)  bad@3.0: 94.5728 (97.1828)  time: 0.4830  data: 0.0005  max mem: 15488
[14:54:49.235820] Epoch: [0]  [ 960/1630]  eta: 0:05:27  lr: 0.000018  loss: 5.2805 (30.3546)  avgerr: 45.3008 (82.3125)  rmse: 50.5429 (88.3548)  bad@0.5: 99.0666 (99.5330)  bad@1.0: 98.1627 (99.0630)  bad@2.0: 96.4169 (98.1044)  bad@3.0: 94.6388 (97.1273)  time: 0.4813  data: 0.0004  max mem: 15488
[14:54:58.847946] Epoch: [0]  [ 980/1630]  eta: 0:05:17  lr: 0.000018  loss: 5.1214 (29.8424)  avgerr: 42.1568 (81.5387)  rmse: 49.0290 (87.5953)  bad@0.5: 99.0112 (99.5214)  bad@1.0: 97.9746 (99.0398)  bad@2.0: 95.8655 (98.0583)  bad@3.0: 93.8810 (97.0583)  time: 0.4805  data: 0.0014  max mem: 15488
[14:55:08.337963] Epoch: [0]  [1000/1630]  eta: 0:05:07  lr: 0.000018  loss: 4.9577 (29.3507)  avgerr: 39.5236 (80.8133)  rmse: 45.6768 (86.8965)  bad@0.5: 98.9240 (99.5095)  bad@1.0: 97.8148 (99.0157)  bad@2.0: 95.5313 (98.0096)  bad@3.0: 93.3332 (96.9860)  time: 0.4738  data: 0.0008  max mem: 15488
[14:55:17.853166] Epoch: [0]  [1020/1630]  eta: 0:04:57  lr: 0.000019  loss: 5.0222 (28.8767)  avgerr: 40.7497 (80.0693)  rmse: 47.8127 (86.1858)  bad@0.5: 98.9224 (99.4984)  bad@1.0: 97.8548 (98.9935)  bad@2.0: 95.7389 (97.9655)  bad@3.0: 93.5791 (96.9200)  time: 0.4757  data: 0.0002  max mem: 15488
[14:55:27.535557] Epoch: [0]  [1040/1630]  eta: 0:04:47  lr: 0.000019  loss: 4.9870 (28.4204)  avgerr: 40.2667 (79.3559)  rmse: 48.3880 (85.4841)  bad@0.5: 98.9697 (99.4876)  bad@1.0: 97.9370 (98.9720)  bad@2.0: 95.8548 (97.9219)  bad@3.0: 93.6584 (96.8538)  time: 0.4840  data: 0.0033  max mem: 15488
[14:55:37.139178] Epoch: [0]  [1060/1630]  eta: 0:04:38  lr: 0.000020  loss: 5.0401 (27.9838)  avgerr: 40.7563 (78.7097)  rmse: 48.8014 (84.8486)  bad@0.5: 98.9506 (99.4785)  bad@1.0: 97.8562 (98.9539)  bad@2.0: 95.6222 (97.8857)  bad@3.0: 93.4336 (96.7991)  time: 0.4801  data: 0.0015  max mem: 15488
[14:55:46.800882] Epoch: [0]  [1080/1630]  eta: 0:04:28  lr: 0.000020  loss: 5.0641 (27.5618)  avgerr: 41.5055 (78.0531)  rmse: 47.4626 (84.2100)  bad@0.5: 98.8323 (99.4670)  bad@1.0: 97.7162 (98.9311)  bad@2.0: 95.4839 (97.8414)  bad@3.0: 93.3343 (96.7333)  time: 0.4830  data: 0.0008  max mem: 15488
[14:55:56.327735] Epoch: [0]  [1100/1630]  eta: 0:04:18  lr: 0.000020  loss: 4.5889 (27.1499)  avgerr: 31.8073 (77.3186)  rmse: 36.8134 (83.4761)  bad@0.5: 98.8069 (99.4553)  bad@1.0: 97.5890 (98.9075)  bad@2.0: 95.2521 (97.7950)  bad@3.0: 92.7599 (96.6649)  time: 0.4763  data: 0.0008  max mem: 15488
[14:56:06.010225] Epoch: [0]  [1120/1630]  eta: 0:04:08  lr: 0.000021  loss: 4.6031 (26.7537)  avgerr: 31.8229 (76.6283)  rmse: 37.3698 (82.7802)  bad@0.5: 98.9288 (99.4456)  bad@1.0: 97.8886 (98.8878)  bad@2.0: 95.8091 (97.7557)  bad@3.0: 93.7030 (96.6064)  time: 0.4840  data: 0.0025  max mem: 15488
[14:56:15.560017] Epoch: [0]  [1140/1630]  eta: 0:03:58  lr: 0.000021  loss: 4.8595 (26.3767)  avgerr: 37.7185 (76.0637)  rmse: 42.2496 (82.2327)  bad@0.5: 98.8412 (99.4351)  bad@1.0: 97.6814 (98.8667)  bad@2.0: 95.2759 (97.7138)  bad@3.0: 92.6747 (96.5444)  time: 0.4774  data: 0.0007  max mem: 15488
[14:56:25.248175] Epoch: [0]  [1160/1630]  eta: 0:03:48  lr: 0.000021  loss: 4.8964 (26.0085)  avgerr: 38.1887 (75.4584)  rmse: 42.7233 (81.6229)  bad@0.5: 98.8405 (99.4261)  bad@1.0: 97.6712 (98.8488)  bad@2.0: 95.4083 (97.6780)  bad@3.0: 93.0931 (96.4908)  time: 0.4843  data: 0.0005  max mem: 15488
[14:56:34.780050] Epoch: [0]  [1180/1630]  eta: 0:03:39  lr: 0.000022  loss: 4.9799 (25.6549)  avgerr: 38.8932 (74.9016)  rmse: 46.3144 (81.0819)  bad@0.5: 98.9076 (99.4177)  bad@1.0: 97.7845 (98.8319)  bad@2.0: 95.4219 (97.6444)  bad@3.0: 93.2352 (96.4404)  time: 0.4765  data: 0.0014  max mem: 15488
[14:56:44.651133] Epoch: [0]  [1200/1630]  eta: 0:03:29  lr: 0.000022  loss: 5.2518 (25.3175)  avgerr: 44.8870 (74.4391)  rmse: 50.0556 (80.6324)  bad@0.5: 99.0024 (99.4098)  bad@1.0: 98.0676 (98.8161)  bad@2.0: 96.1073 (97.6124)  bad@3.0: 93.9067 (96.3918)  time: 0.4935  data: 0.0161  max mem: 15488
[14:56:55.257315] Epoch: [0]  [1220/1630]  eta: 0:03:20  lr: 0.000022  loss: 4.8276 (24.9828)  avgerr: 36.3413 (73.8372)  rmse: 41.2780 (80.0291)  bad@0.5: 98.7823 (99.3998)  bad@1.0: 97.5644 (98.7964)  bad@2.0: 95.1924 (97.5736)  bad@3.0: 92.8283 (96.3342)  time: 0.5302  data: 0.0547  max mem: 15488
[14:57:04.757319] Epoch: [0]  [1240/1630]  eta: 0:03:10  lr: 0.000023  loss: 4.7294 (24.6584)  avgerr: 33.5088 (73.2426)  rmse: 40.0346 (79.4326)  bad@0.5: 98.7396 (99.3880)  bad@1.0: 97.5427 (98.7727)  bad@2.0: 94.9880 (97.5275)  bad@3.0: 92.3563 (96.2657)  time: 0.4743  data: 0.0002  max mem: 15488
[14:57:14.328920] Epoch: [0]  [1260/1630]  eta: 0:03:00  lr: 0.000023  loss: 4.7240 (24.3450)  avgerr: 34.1597 (72.6816)  rmse: 39.1909 (78.8829)  bad@0.5: 98.8242 (99.3789)  bad@1.0: 97.6664 (98.7548)  bad@2.0: 95.4378 (97.4920)  bad@3.0: 93.2325 (96.2133)  time: 0.4785  data: 0.0002  max mem: 15488
[14:57:23.965559] Epoch: [0]  [1280/1630]  eta: 0:02:50  lr: 0.000024  loss: 4.7418 (24.0406)  avgerr: 34.7897 (72.1280)  rmse: 40.1140 (78.3303)  bad@0.5: 98.7578 (99.3705)  bad@1.0: 97.5289 (98.7381)  bad@2.0: 95.0757 (97.4588)  bad@3.0: 92.8429 (96.1642)  time: 0.4818  data: 0.0002  max mem: 15488
[14:57:33.584073] Epoch: [0]  [1300/1630]  eta: 0:02:40  lr: 0.000024  loss: 4.4538 (23.7450)  avgerr: 29.0020 (71.5678)  rmse: 35.2597 (77.7660)  bad@0.5: 98.7828 (99.3617)  bad@1.0: 97.5131 (98.7206)  bad@2.0: 95.0490 (97.4237)  bad@3.0: 92.7469 (96.1112)  time: 0.4809  data: 0.0005  max mem: 15488
[14:57:43.104437] Epoch: [0]  [1320/1630]  eta: 0:02:30  lr: 0.000024  loss: 4.7599 (23.4579)  avgerr: 35.3555 (71.0210)  rmse: 38.7187 (77.2249)  bad@0.5: 98.5607 (99.3495)  bad@1.0: 97.0704 (98.6966)  bad@2.0: 94.1555 (97.3761)  bad@3.0: 91.0589 (96.0397)  time: 0.4759  data: 0.0008  max mem: 15488
[14:57:52.622872] Epoch: [0]  [1340/1630]  eta: 0:02:21  lr: 0.000025  loss: 4.7805 (23.1826)  avgerr: 35.7254 (70.5537)  rmse: 41.2813 (76.7567)  bad@0.5: 98.7355 (99.3403)  bad@1.0: 97.5174 (98.6781)  bad@2.0: 94.9460 (97.3394)  bad@3.0: 92.5549 (95.9847)  time: 0.4758  data: 0.0006  max mem: 15488
[14:58:02.249102] Epoch: [0]  [1360/1630]  eta: 0:02:11  lr: 0.000025  loss: 4.4278 (22.9106)  avgerr: 28.8709 (70.0078)  rmse: 34.3300 (76.2065)  bad@0.5: 98.6793 (99.3300)  bad@1.0: 97.3356 (98.6576)  bad@2.0: 94.6181 (97.2986)  bad@3.0: 91.8361 (95.9237)  time: 0.4812  data: 0.0013  max mem: 15488
[14:58:11.883841] Epoch: [0]  [1380/1630]  eta: 0:02:01  lr: 0.000025  loss: 4.8098 (22.6495)  avgerr: 36.7478 (69.5340)  rmse: 44.7622 (75.7497)  bad@0.5: 98.5057 (99.3178)  bad@1.0: 97.0058 (98.6332)  bad@2.0: 93.8761 (97.2503)  bad@3.0: 90.7675 (95.8515)  time: 0.4817  data: 0.0007  max mem: 15488
[14:58:21.454722] Epoch: [0]  [1400/1630]  eta: 0:01:51  lr: 0.000026  loss: 4.5999 (22.3929)  avgerr: 32.5399 (69.0201)  rmse: 38.4254 (75.2426)  bad@0.5: 98.8160 (99.3083)  bad@1.0: 97.5289 (98.6139)  bad@2.0: 94.9110 (97.2113)  bad@3.0: 92.1120 (95.7928)  time: 0.4785  data: 0.0013  max mem: 15488
[14:58:30.988036] Epoch: [0]  [1420/1630]  eta: 0:01:42  lr: 0.000026  loss: 4.7503 (22.1448)  avgerr: 33.5001 (68.5441)  rmse: 39.2562 (74.7676)  bad@0.5: 98.5794 (99.2975)  bad@1.0: 97.1053 (98.5925)  bad@2.0: 93.9481 (97.1684)  bad@3.0: 90.8916 (95.7289)  time: 0.4766  data: 0.0009  max mem: 15488
[14:58:40.448336] Epoch: [0]  [1440/1630]  eta: 0:01:32  lr: 0.000027  loss: 4.6600 (21.9042)  avgerr: 33.1416 (68.0962)  rmse: 39.2443 (74.3169)  bad@0.5: 98.6657 (99.2881)  bad@1.0: 97.2650 (98.5736)  bad@2.0: 94.4954 (97.1312)  bad@3.0: 91.6873 (95.6737)  time: 0.4729  data: 0.0002  max mem: 15488
[14:58:50.081340] Epoch: [0]  [1460/1630]  eta: 0:01:22  lr: 0.000027  loss: 4.7425 (21.6706)  avgerr: 34.8337 (67.6699)  rmse: 40.5398 (73.8880)  bad@0.5: 98.6281 (99.2785)  bad@1.0: 97.2565 (98.5543)  bad@2.0: 94.5551 (97.0928)  bad@3.0: 91.6230 (95.6158)  time: 0.4816  data: 0.0002  max mem: 15488
[14:58:59.705542] Epoch: [0]  [1480/1630]  eta: 0:01:12  lr: 0.000027  loss: 4.7180 (21.4444)  avgerr: 34.5471 (67.2757)  rmse: 41.5810 (73.5034)  bad@0.5: 98.6058 (99.2696)  bad@1.0: 97.1662 (98.5361)  bad@2.0: 94.4319 (97.0556)  bad@3.0: 91.5005 (95.5608)  time: 0.4811  data: 0.0007  max mem: 15488
[14:59:09.274397] Epoch: [0]  [1500/1630]  eta: 0:01:03  lr: 0.000028  loss: 4.4871 (21.2187)  avgerr: 29.7852 (66.7863)  rmse: 34.9669 (73.0157)  bad@0.5: 98.5584 (99.2603)  bad@1.0: 97.1614 (98.5175)  bad@2.0: 94.3988 (97.0182)  bad@3.0: 91.5119 (95.5049)  time: 0.4784  data: 0.0020  max mem: 15488
[14:59:18.886093] Epoch: [0]  [1520/1630]  eta: 0:00:53  lr: 0.000028  loss: 4.5391 (21.0013)  avgerr: 30.7768 (66.3485)  rmse: 35.8695 (72.5679)  bad@0.5: 98.4386 (99.2504)  bad@1.0: 97.0637 (98.4981)  bad@2.0: 94.1267 (96.9797)  bad@3.0: 91.1060 (95.4471)  time: 0.4805  data: 0.0007  max mem: 15488
[14:59:28.612579] Epoch: [0]  [1540/1630]  eta: 0:00:43  lr: 0.000028  loss: 4.5265 (20.7903)  avgerr: 30.3203 (65.9359)  rmse: 36.2447 (72.1493)  bad@0.5: 98.2375 (99.2395)  bad@1.0: 96.5496 (98.4765)  bad@2.0: 93.0036 (96.9367)  bad@3.0: 89.5589 (95.3828)  time: 0.4863  data: 0.0021  max mem: 15488
[14:59:38.329142] Epoch: [0]  [1560/1630]  eta: 0:00:34  lr: 0.000029  loss: 4.7095 (20.5846)  avgerr: 34.5078 (65.5337)  rmse: 38.8387 (71.7348)  bad@0.5: 98.6302 (99.2304)  bad@1.0: 97.1972 (98.4578)  bad@2.0: 94.3855 (96.8996)  bad@3.0: 91.4872 (95.3280)  time: 0.4858  data: 0.0007  max mem: 15488
[14:59:47.979654] Epoch: [0]  [1580/1630]  eta: 0:00:24  lr: 0.000029  loss: 4.6727 (20.3850)  avgerr: 33.6980 (65.1536)  rmse: 37.5631 (71.3463)  bad@0.5: 98.8224 (99.2242)  bad@1.0: 97.6394 (98.4455)  bad@2.0: 95.3340 (96.8750)  bad@3.0: 93.0702 (95.2914)  time: 0.4825  data: 0.0009  max mem: 15488
[14:59:57.513779] Epoch: [0]  [1600/1630]  eta: 0:00:14  lr: 0.000029  loss: 4.5245 (20.1873)  avgerr: 30.3603 (64.7261)  rmse: 35.1141 (70.9111)  bad@0.5: 98.1334 (99.2107)  bad@1.0: 96.1717 (98.4181)  bad@2.0: 92.5500 (96.8208)  bad@3.0: 88.7021 (95.2119)  time: 0.4766  data: 0.0002  max mem: 15488
[15:00:07.063496] Epoch: [0]  [1620/1630]  eta: 0:00:04  lr: 0.000030  loss: 4.4728 (19.9959)  avgerr: 29.4774 (64.3360)  rmse: 36.8798 (70.5172)  bad@0.5: 98.0771 (99.1984)  bad@1.0: 96.2091 (98.3937)  bad@2.0: 92.6946 (96.7731)  bad@3.0: 89.4452 (95.1419)  time: 0.4774  data: 0.0008  max mem: 15488
[15:00:11.247828] Epoch: [0]  [1629/1630]  eta: 0:00:00  lr: 0.000030  loss: 4.7036 (19.9118)  avgerr: 34.2598 (64.1720)  rmse: 42.1424 (70.3563)  bad@0.5: 98.0771 (99.1945)  bad@1.0: 96.2091 (98.3858)  bad@2.0: 92.6946 (96.7577)  bad@3.0: 89.4452 (95.1190)  time: 0.4701  data: 0.0008  max mem: 15488
[15:00:11.325266] Epoch: [0] Total time: 0:13:11 (0.4858 s / it)
[15:00:11.325360] Averaged stats: lr: 0.000030  loss: 4.7036 (19.9118)  avgerr: 34.2598 (64.1720)  rmse: 42.1424 (70.3563)  bad@0.5: 98.0771 (99.1945)  bad@1.0: 96.2091 (98.3858)  bad@2.0: 92.6946 (96.7577)  bad@3.0: 89.4452 (95.1190)
[15:00:11.329415] log_dir: ./checkpoints/gator_ft_2870882
[15:00:16.763350] Epoch: [0]  [0/3]  eta: 0:00:16  loss_tiled: 2.0372 (2.0372)  loss: 2.0206 (2.0206)  ETH3DLowResDataset_subval_avgerr: 2.1977 (2.1977)  ETH3DLowResDataset_subval_rmse: 3.1026 (3.1026)  ETH3DLowResDataset_subval_bad@0.5: 77.4394 (77.4394)  ETH3DLowResDataset_subval_bad@1.0: 59.9742 (59.9742)  ETH3DLowResDataset_subval_bad@2.0: 39.3113 (39.3113)  ETH3DLowResDataset_subval_bad@3.0: 29.2405 (29.2405)  time: 5.4332  data: 0.2065  max mem: 15488
[15:00:17.517374] Epoch: [0]  [2/3]  eta: 0:00:02  loss_tiled: 2.9719 (2.7763)  loss: 2.7917 (2.7370)  ETH3DLowResDataset_subval_avgerr: 4.3277 (4.8977)  ETH3DLowResDataset_subval_rmse: 5.0471 (5.9666)  ETH3DLowResDataset_subval_bad@0.5: 93.5873 (88.7706)  ETH3DLowResDataset_subval_bad@1.0: 85.8456 (78.7088)  ETH3DLowResDataset_subval_bad@2.0: 73.2288 (65.0596)  ETH3DLowResDataset_subval_bad@3.0: 65.5111 (57.0510)  time: 2.0622  data: 0.0689  max mem: 15488
[15:00:17.551179] Epoch: [0] Total time: 0:00:06 (2.0739 s / it)
[15:00:27.819789] Epoch: [0]  [0/6]  eta: 0:01:01  loss_tiled: 4.6995 (4.6995)  loss: 4.5411 (4.5411)  Md14Dataset_subval_avgerr: 30.9545 (30.9545)  Md14Dataset_subval_rmse: 37.5177 (37.5177)  Md14Dataset_subval_bad@0.5: 99.6019 (99.6019)  Md14Dataset_subval_bad@1.0: 99.2095 (99.2095)  Md14Dataset_subval_bad@2.0: 98.3784 (98.3784)  Md14Dataset_subval_bad@3.0: 97.5101 (97.5101)  time: 10.2679  data: 1.6430  max mem: 15488
[15:01:08.994779] Epoch: [0]  [5/6]  eta: 0:00:08  loss_tiled: 5.1546 (5.2213)  loss: 5.0041 (5.1582)  Md14Dataset_subval_avgerr: 40.2528 (43.3481)  Md14Dataset_subval_rmse: 50.1534 (55.4695)  Md14Dataset_subval_bad@0.5: 99.4911 (99.4514)  Md14Dataset_subval_bad@1.0: 99.0007 (98.9163)  Md14Dataset_subval_bad@2.0: 98.0388 (97.8582)  Md14Dataset_subval_bad@3.0: 96.9826 (96.7718)  time: 8.5737  data: 0.2739  max mem: 15488
[15:01:09.032800] Epoch: [0] Total time: 0:00:51 (8.5802 s / it)
[15:01:34.088908] Epoch: [0]  [ 0/15]  eta: 0:06:15  loss_tiled: 10.2219 (10.2219)  loss: 10.0231 (10.0231)  BoosterDataset_subval_balanced_avgerr: 141.0623 (141.0623)  BoosterDataset_subval_balanced_rmse: 149.6129 (149.6129)  BoosterDataset_subval_balanced_bad@0.5: 99.9959 (99.9959)  BoosterDataset_subval_balanced_bad@1.0: 99.9915 (99.9915)  BoosterDataset_subval_balanced_bad@2.0: 99.9834 (99.9834)  BoosterDataset_subval_balanced_bad@3.0: 99.9770 (99.9770)  time: 25.0553  data: 2.4857  max mem: 15488
[15:06:17.886980] Epoch: [0]  [14/15]  eta: 0:00:20  loss_tiled: 10.7368 (13.0178)  loss: 10.6259 (12.5871)  BoosterDataset_subval_balanced_avgerr: 153.1697 (192.5624)  BoosterDataset_subval_balanced_rmse: 161.1659 (207.2525)  BoosterDataset_subval_balanced_bad@0.5: 99.9942 (99.9920)  BoosterDataset_subval_balanced_bad@1.0: 99.9880 (99.9840)  BoosterDataset_subval_balanced_bad@2.0: 99.9756 (99.9679)  BoosterDataset_subval_balanced_bad@3.0: 99.9657 (99.9494)  time: 20.5902  data: 0.1658  max mem: 15488
[15:06:17.930046] Epoch: [0] Total time: 0:05:08 (20.5931 s / it)
[15:06:21.112303] Epoch: [0]  [ 0/20]  eta: 0:01:03  loss_tiled: 4.3220 (4.3220)  loss: 4.2138 (4.2138)  Md21Dataset_subval_avgerr: 24.3789 (24.3789)  Md21Dataset_subval_rmse: 29.5534 (29.5534)  Md21Dataset_subval_bad@0.5: 99.1694 (99.1694)  Md21Dataset_subval_bad@1.0: 98.3049 (98.3049)  Md21Dataset_subval_bad@2.0: 96.3085 (96.3085)  Md21Dataset_subval_bad@3.0: 94.1064 (94.1064)  time: 3.1815  data: 0.4622  max mem: 15488
[15:07:05.541328] Epoch: [0]  [19/20]  eta: 0:00:02  loss_tiled: 4.0157 (4.0519)  loss: 3.9043 (3.9515)  Md21Dataset_subval_avgerr: 18.1633 (19.1105)  Md21Dataset_subval_rmse: 22.9006 (23.9044)  Md21Dataset_subval_bad@0.5: 98.3734 (98.3098)  Md21Dataset_subval_bad@1.0: 96.7743 (96.6223)  Md21Dataset_subval_bad@2.0: 93.7923 (93.1942)  Md21Dataset_subval_bad@3.0: 90.2827 (89.7560)  time: 2.3805  data: 0.0232  max mem: 15488
[15:07:05.584551] Epoch: [0] Total time: 0:00:47 (2.3827 s / it)
[15:07:05.589527] Averaged stats: {'loss_tiled': 4.051904559135437, 'loss': 3.951456665992737, 'ETH3DLowResDataset_subval_avgerr': 4.897744417190552, 'ETH3DLowResDataset_subval_rmse': 5.966613690058391, 'ETH3DLowResDataset_subval_bad@0.5': 88.7705561319987, 'ETH3DLowResDataset_subval_bad@1.0': 78.70875295003255, 'ETH3DLowResDataset_subval_bad@2.0': 65.05964787801106, 'ETH3DLowResDataset_subval_bad@3.0': 57.05098342895508, 'Md14Dataset_subval_avgerr': 43.348109563191734, 'Md14Dataset_subval_rmse': 55.46947797139486, 'Md14Dataset_subval_bad@0.5': 99.45140711466472, 'Md14Dataset_subval_bad@1.0': 98.91633224487305, 'Md14Dataset_subval_bad@2.0': 97.8582280476888, 'Md14Dataset_subval_bad@3.0': 96.77184422810872, 'BoosterDataset_subval_balanced_avgerr': 192.5624272664388, 'BoosterDataset_subval_balanced_rmse': 207.25253499348958, 'BoosterDataset_subval_balanced_bad@0.5': 99.9920145670573, 'BoosterDataset_subval_balanced_bad@1.0': 99.98402811686198, 'BoosterDataset_subval_balanced_bad@2.0': 99.96788736979167, 'BoosterDataset_subval_balanced_bad@3.0': 99.94935150146485, 'Md21Dataset_subval_avgerr': 19.11051845550537, 'Md21Dataset_subval_rmse': 23.904432201385497, 'Md21Dataset_subval_bad@0.5': 98.30977859497071, 'Md21Dataset_subval_bad@1.0': 96.62231636047363, 'Md21Dataset_subval_bad@2.0': 93.19417190551758, 'Md21Dataset_subval_bad@3.0': 89.7559871673584, 'AVG_avgerr': 64.97969992558161, 'AVG_rmse': 73.14826471408207, 'AVG_bad@0.5': 96.63093910217286, 'AVG_bad@1.0': 93.55785741806031, 'AVG_bad@2.0': 89.01998380025228, 'AVG_bad@3.0': 85.88204158147175}
[15:07:05.593725] >> Saving model to checkpoints/gator_ft_2870882/checkpoint-best.pth ...
[15:07:06.241972] >> Saving model to checkpoints/gator_ft_2870882/checkpoint-last.pth ...
[15:07:06.687461] log_dir: ./checkpoints/gator_ft_2870882
[15:07:11.253361] Epoch: [1]  [   0/1630]  eta: 2:04:00  lr: 0.000030  loss: 5.3880 (5.3880)  avgerr: 54.6459 (54.6459)  rmse: 71.2786 (71.2786)  bad@0.5: 98.9429 (98.9429)  bad@1.0: 97.8752 (97.8752)  bad@2.0: 95.5669 (95.5669)  bad@3.0: 93.0853 (93.0853)  time: 4.5650  data: 4.0532  max mem: 15488
[15:07:22.454613] Epoch: [1]  [  20/1630]  eta: 0:20:08  lr: 0.000030  loss: 4.6356 (4.7279)  avgerr: 33.0338 (35.6072)  rmse: 38.1608 (42.6797)  bad@0.5: 98.5135 (98.5089)  bad@1.0: 96.9979 (97.0023)  bad@2.0: 93.8723 (93.9559)  bad@3.0: 91.1090 (90.8832)  time: 0.5600  data: 0.0834  max mem: 15488
[15:07:32.222782] Epoch: [1]  [  40/1630]  eta: 0:16:30  lr: 0.000030  loss: 4.6241 (4.6869)  avgerr: 32.1622 (34.1803)  rmse: 38.0064 (40.6680)  bad@0.5: 98.6596 (98.5707)  bad@1.0: 97.3274 (97.1405)  bad@2.0: 94.4233 (94.2511)  bad@3.0: 91.4765 (91.3541)  time: 0.4883  data: 0.0007  max mem: 15488
[15:07:42.114704] Epoch: [1]  [  60/1630]  eta: 0:15:11  lr: 0.000030  loss: 4.3846 (4.6341)  avgerr: 26.8143 (32.9137)  rmse: 31.3537 (39.0150)  bad@0.5: 98.4809 (98.5181)  bad@1.0: 96.9347 (97.0206)  bad@2.0: 94.0118 (94.0018)  bad@3.0: 91.0477 (90.9594)  time: 0.4945  data: 0.0149  max mem: 15488
[15:07:52.407801] Epoch: [1]  [  80/1630]  eta: 0:14:34  lr: 0.000030  loss: 4.4382 (4.6735)  avgerr: 28.8067 (33.6379)  rmse: 35.5956 (39.6086)  bad@0.5: 98.4716 (98.5003)  bad@1.0: 96.9116 (96.9826)  bad@2.0: 93.8283 (93.9344)  bad@3.0: 90.4692 (90.8651)  time: 0.5139  data: 0.0348  max mem: 15488
[15:08:02.196237] Epoch: [1]  [ 100/1630]  eta: 0:14:00  lr: 0.000030  loss: 4.7348 (4.7268)  avgerr: 34.8225 (34.6265)  rmse: 41.1118 (40.8235)  bad@0.5: 98.6071 (98.5083)  bad@1.0: 97.1942 (96.9968)  bad@2.0: 94.2737 (93.9653)  bad@3.0: 91.5429 (90.9206)  time: 0.4894  data: 0.0117  max mem: 15488
[15:08:12.194727] Epoch: [1]  [ 120/1630]  eta: 0:13:37  lr: 0.000030  loss: 5.0171 (4.7853)  avgerr: 40.1125 (35.7768)  rmse: 47.6074 (42.0706)  bad@0.5: 98.4303 (98.5254)  bad@1.0: 96.9249 (97.0318)  bad@2.0: 93.9427 (94.0301)  bad@3.0: 90.7469 (91.0230)  time: 0.4998  data: 0.0227  max mem: 15488
[15:08:21.954758] Epoch: [1]  [ 140/1630]  eta: 0:13:15  lr: 0.000030  loss: 4.5046 (4.7804)  avgerr: 30.2451 (35.6482)  rmse: 36.6950 (42.0001)  bad@0.5: 98.5330 (98.5095)  bad@1.0: 97.0782 (97.0009)  bad@2.0: 94.0127 (93.9705)  bad@3.0: 90.9860 (90.9365)  time: 0.4879  data: 0.0017  max mem: 15488
[15:08:31.664650] Epoch: [1]  [ 160/1630]  eta: 0:12:55  lr: 0.000030  loss: 4.7922 (4.7922)  avgerr: 35.8125 (35.8556)  rmse: 41.9455 (42.1839)  bad@0.5: 98.4519 (98.4908)  bad@1.0: 96.7358 (96.9611)  bad@2.0: 93.2581 (93.8842)  bad@3.0: 89.8918 (90.8103)  time: 0.4854  data: 0.0002  max mem: 15488
[15:08:41.403518] Epoch: [1]  [ 180/1630]  eta: 0:12:38  lr: 0.000030  loss: 4.4999 (4.7714)  avgerr: 30.3488 (35.4550)  rmse: 35.9058 (41.7769)  bad@0.5: 98.3740 (98.4807)  bad@1.0: 96.7228 (96.9443)  bad@2.0: 93.6948 (93.8638)  bad@3.0: 90.9265 (90.7938)  time: 0.4869  data: 0.0014  max mem: 15488
[15:08:51.031373] Epoch: [1]  [ 200/1630]  eta: 0:12:22  lr: 0.000030  loss: 4.3927 (4.7446)  avgerr: 27.8898 (34.9197)  rmse: 33.2708 (41.2399)  bad@0.5: 98.2716 (98.4477)  bad@1.0: 96.5436 (96.8806)  bad@2.0: 93.0876 (93.7409)  bad@3.0: 89.0269 (90.6144)  time: 0.4813  data: 0.0015  max mem: 15488
[15:09:00.591634] Epoch: [1]  [ 220/1630]  eta: 0:12:06  lr: 0.000030  loss: 4.6293 (4.7512)  avgerr: 33.0123 (35.0315)  rmse: 40.1159 (41.3507)  bad@0.5: 98.2894 (98.4455)  bad@1.0: 96.6289 (96.8769)  bad@2.0: 93.2285 (93.7372)  bad@3.0: 90.1809 (90.6217)  time: 0.4778  data: 0.0015  max mem: 15488
[15:09:10.239440] Epoch: [1]  [ 240/1630]  eta: 0:11:52  lr: 0.000030  loss: 4.2062 (4.7395)  avgerr: 24.2358 (34.7931)  rmse: 29.4549 (41.0973)  bad@0.5: 98.3897 (98.4437)  bad@1.0: 96.9070 (96.8768)  bad@2.0: 93.9984 (93.7358)  bad@3.0: 91.0926 (90.6180)  time: 0.4823  data: 0.0014  max mem: 15488
[15:09:19.884017] Epoch: [1]  [ 260/1630]  eta: 0:11:38  lr: 0.000030  loss: 4.5220 (4.7263)  avgerr: 30.6218 (34.5180)  rmse: 36.7855 (40.7958)  bad@0.5: 98.2792 (98.4337)  bad@1.0: 96.5388 (96.8579)  bad@2.0: 92.9822 (93.6976)  bad@3.0: 89.6766 (90.5592)  time: 0.4822  data: 0.0005  max mem: 15488
[15:09:29.506770] Epoch: [1]  [ 280/1630]  eta: 0:11:25  lr: 0.000030  loss: 4.4337 (4.7194)  avgerr: 27.8647 (34.3796)  rmse: 33.6238 (40.6040)  bad@0.5: 98.5556 (98.4336)  bad@1.0: 97.1219 (96.8582)  bad@2.0: 94.3882 (93.7012)  bad@3.0: 91.4149 (90.5664)  time: 0.4811  data: 0.0002  max mem: 15488
[15:09:39.002826] Epoch: [1]  [ 300/1630]  eta: 0:11:12  lr: 0.000030  loss: 4.3052 (4.7037)  avgerr: 25.9282 (34.0931)  rmse: 30.7032 (40.3324)  bad@0.5: 98.3293 (98.4277)  bad@1.0: 96.7168 (96.8489)  bad@2.0: 93.5083 (93.6877)  bad@3.0: 90.2876 (90.5490)  time: 0.4747  data: 0.0002  max mem: 15488
[15:09:48.685340] Epoch: [1]  [ 320/1630]  eta: 0:11:00  lr: 0.000030  loss: 4.3516 (4.6896)  avgerr: 27.3557 (33.7948)  rmse: 31.8738 (39.9630)  bad@0.5: 98.3119 (98.4142)  bad@1.0: 96.5872 (96.8210)  bad@2.0: 93.0264 (93.6334)  bad@3.0: 89.5954 (90.4753)  time: 0.4841  data: 0.0031  max mem: 15488
[15:09:58.290469] Epoch: [1]  [ 340/1630]  eta: 0:10:48  lr: 0.000030  loss: 4.3903 (4.6806)  avgerr: 27.8505 (33.6120)  rmse: 33.9379 (39.7894)  bad@0.5: 98.3009 (98.4023)  bad@1.0: 96.6429 (96.7978)  bad@2.0: 93.4816 (93.5890)  bad@3.0: 90.4683 (90.4152)  time: 0.4796  data: 0.0008  max mem: 15488
[15:10:07.836193] Epoch: [1]  [ 360/1630]  eta: 0:10:37  lr: 0.000030  loss: 4.4691 (4.6696)  avgerr: 27.8103 (33.3808)  rmse: 31.7244 (39.5464)  bad@0.5: 98.2274 (98.3939)  bad@1.0: 96.4237 (96.7829)  bad@2.0: 93.1373 (93.5623)  bad@3.0: 89.9338 (90.3756)  time: 0.4772  data: 0.0005  max mem: 15488
[15:10:17.485744] Epoch: [1]  [ 380/1630]  eta: 0:10:25  lr: 0.000030  loss: 4.3391 (4.6616)  avgerr: 26.6246 (33.2107)  rmse: 32.7684 (39.3728)  bad@0.5: 98.1489 (98.3797)  bad@1.0: 96.4317 (96.7564)  bad@2.0: 92.8209 (93.5130)  bad@3.0: 89.0525 (90.3069)  time: 0.4824  data: 0.0004  max mem: 15488
[15:10:27.111375] Epoch: [1]  [ 400/1630]  eta: 0:10:14  lr: 0.000030  loss: 4.4363 (4.6557)  avgerr: 28.7248 (33.0757)  rmse: 33.3947 (39.1938)  bad@0.5: 98.2612 (98.3706)  bad@1.0: 96.4235 (96.7392)  bad@2.0: 92.9277 (93.4833)  bad@3.0: 89.6789 (90.2645)  time: 0.4812  data: 0.0005  max mem: 15488
[15:10:36.652125] Epoch: [1]  [ 420/1630]  eta: 0:10:03  lr: 0.000030  loss: 4.4069 (4.6467)  avgerr: 28.2243 (32.8876)  rmse: 33.8117 (38.9835)  bad@0.5: 98.4364 (98.3700)  bad@1.0: 96.8271 (96.7375)  bad@2.0: 93.5748 (93.4733)  bad@3.0: 90.2195 (90.2440)  time: 0.4770  data: 0.0007  max mem: 15488
[15:10:46.161265] Epoch: [1]  [ 440/1630]  eta: 0:09:52  lr: 0.000030  loss: 4.3199 (4.6377)  avgerr: 25.7005 (32.7217)  rmse: 30.8494 (38.7966)  bad@0.5: 98.2071 (98.3638)  bad@1.0: 96.3707 (96.7262)  bad@2.0: 92.9484 (93.4508)  bad@3.0: 89.4498 (90.2101)  time: 0.4754  data: 0.0007  max mem: 15488
[15:10:55.652517] Epoch: [1]  [ 460/1630]  eta: 0:09:40  lr: 0.000030  loss: 4.3648 (4.6368)  avgerr: 26.1818 (32.6721)  rmse: 33.9308 (38.7620)  bad@0.5: 98.2478 (98.3541)  bad@1.0: 96.4653 (96.7061)  bad@2.0: 92.9332 (93.4076)  bad@3.0: 89.0801 (90.1370)  time: 0.4745  data: 0.0002  max mem: 15488
[15:11:05.255435] Epoch: [1]  [ 480/1630]  eta: 0:09:30  lr: 0.000030  loss: 4.4389 (4.6410)  avgerr: 28.5806 (32.7528)  rmse: 33.6530 (38.8341)  bad@0.5: 98.2977 (98.3539)  bad@1.0: 96.6030 (96.7054)  bad@2.0: 93.2380 (93.4072)  bad@3.0: 89.9524 (90.1399)  time: 0.4801  data: 0.0008  max mem: 15488
[15:11:14.821620] Epoch: [1]  [ 500/1630]  eta: 0:09:19  lr: 0.000030  loss: 4.3233 (4.6318)  avgerr: 26.8018 (32.5964)  rmse: 30.8967 (38.6735)  bad@0.5: 98.2243 (98.3436)  bad@1.0: 96.4308 (96.6859)  bad@2.0: 92.6541 (93.3709)  bad@3.0: 89.2501 (90.0876)  time: 0.4782  data: 0.0002  max mem: 15488
[15:11:24.343626] Epoch: [1]  [ 520/1630]  eta: 0:09:08  lr: 0.000030  loss: 4.4071 (4.6262)  avgerr: 28.0748 (32.4782)  rmse: 33.2959 (38.5170)  bad@0.5: 98.1433 (98.3357)  bad@1.0: 96.2710 (96.6710)  bad@2.0: 92.4731 (93.3444)  bad@3.0: 88.5485 (90.0453)  time: 0.4760  data: 0.0013  max mem: 15488
[15:11:34.135351] Epoch: [1]  [ 540/1630]  eta: 0:08:58  lr: 0.000030  loss: 4.3881 (4.6240)  avgerr: 27.4235 (32.4316)  rmse: 32.5610 (38.4481)  bad@0.5: 98.5028 (98.3408)  bad@1.0: 97.0861 (96.6824)  bad@2.0: 93.9815 (93.3698)  bad@3.0: 91.0145 (90.0835)  time: 0.4895  data: 0.0020  max mem: 15488
[15:11:43.814802] Epoch: [1]  [ 560/1630]  eta: 0:08:48  lr: 0.000030  loss: 4.5788 (4.6286)  avgerr: 31.2859 (32.5675)  rmse: 37.4030 (38.5728)  bad@0.5: 98.1192 (98.3343)  bad@1.0: 96.2611 (96.6693)  bad@2.0: 92.9142 (93.3455)  bad@3.0: 89.7566 (90.0506)  time: 0.4839  data: 0.0011  max mem: 15488
[15:11:53.321530] Epoch: [1]  [ 580/1630]  eta: 0:08:37  lr: 0.000030  loss: 4.3188 (4.6225)  avgerr: 26.4396 (32.4439)  rmse: 31.1911 (38.4324)  bad@0.5: 98.4207 (98.3285)  bad@1.0: 96.7718 (96.6602)  bad@2.0: 93.5968 (93.3330)  bad@3.0: 90.0148 (90.0362)  time: 0.4753  data: 0.0003  max mem: 15488
[15:12:02.826540] Epoch: [1]  [ 600/1630]  eta: 0:08:27  lr: 0.000030  loss: 4.3356 (4.6252)  avgerr: 27.5236 (32.4890)  rmse: 32.1230 (38.4792)  bad@0.5: 98.3415 (98.3260)  bad@1.0: 96.6482 (96.6547)  bad@2.0: 93.3810 (93.3212)  bad@3.0: 90.2107 (90.0218)  time: 0.4752  data: 0.0002  max mem: 15488
[15:12:12.475314] Epoch: [1]  [ 620/1630]  eta: 0:08:17  lr: 0.000030  loss: 4.4214 (4.6230)  avgerr: 28.4534 (32.4439)  rmse: 35.0979 (38.4336)  bad@0.5: 98.0316 (98.3191)  bad@1.0: 96.1199 (96.6399)  bad@2.0: 92.4551 (93.2905)  bad@3.0: 88.8790 (89.9782)  time: 0.4823  data: 0.0006  max mem: 15488
[15:12:22.096521] Epoch: [1]  [ 640/1630]  eta: 0:08:07  lr: 0.000030  loss: 4.2194 (4.6151)  avgerr: 24.2778 (32.2881)  rmse: 29.7163 (38.2633)  bad@0.5: 98.0303 (98.3086)  bad@1.0: 96.0793 (96.6195)  bad@2.0: 92.2336 (93.2583)  bad@3.0: 88.4775 (89.9399)  time: 0.4810  data: 0.0016  max mem: 15488
[15:12:31.687099] Epoch: [1]  [ 660/1630]  eta: 0:07:56  lr: 0.000030  loss: 4.4809 (4.6155)  avgerr: 29.8305 (32.2965)  rmse: 38.1449 (38.3062)  bad@0.5: 98.4529 (98.3074)  bad@1.0: 96.8424 (96.6170)  bad@2.0: 93.4618 (93.2539)  bad@3.0: 90.1560 (89.9300)  time: 0.4795  data: 0.0012  max mem: 15488
[15:12:41.307186] Epoch: [1]  [ 680/1630]  eta: 0:07:46  lr: 0.000030  loss: 4.3060 (4.6064)  avgerr: 26.0346 (32.1182)  rmse: 31.3798 (38.1017)  bad@0.5: 98.1478 (98.3008)  bad@1.0: 96.2779 (96.6043)  bad@2.0: 92.5813 (93.2289)  bad@3.0: 88.4146 (89.8921)  time: 0.4809  data: 0.0002  max mem: 15488
[15:12:50.830256] Epoch: [1]  [ 700/1630]  eta: 0:07:36  lr: 0.000030  loss: 4.3370 (4.6019)  avgerr: 27.4007 (32.0469)  rmse: 31.9385 (38.0404)  bad@0.5: 97.9481 (98.2922)  bad@1.0: 95.7379 (96.5867)  bad@2.0: 91.3418 (93.1916)  bad@3.0: 86.9516 (89.8338)  time: 0.4761  data: 0.0002  max mem: 15488
[15:13:00.416127] Epoch: [1]  [ 720/1630]  eta: 0:07:26  lr: 0.000030  loss: 4.2226 (4.5985)  avgerr: 23.7116 (31.9792)  rmse: 30.2374 (37.9570)  bad@0.5: 97.7827 (98.2795)  bad@1.0: 95.5027 (96.5618)  bad@2.0: 91.2593 (93.1446)  bad@3.0: 87.0463 (89.7650)  time: 0.4792  data: 0.0008  max mem: 15488
[15:13:09.874336] Epoch: [1]  [ 740/1630]  eta: 0:07:16  lr: 0.000030  loss: 4.3740 (4.5951)  avgerr: 27.4119 (31.9113)  rmse: 33.9734 (37.8740)  bad@0.5: 98.2309 (98.2777)  bad@1.0: 96.4861 (96.5576)  bad@2.0: 93.0151 (93.1365)  bad@3.0: 89.6288 (89.7532)  time: 0.4728  data: 0.0008  max mem: 15488
[15:13:19.602288] Epoch: [1]  [ 760/1630]  eta: 0:07:06  lr: 0.000030  loss: 4.3764 (4.5920)  avgerr: 27.0214 (31.8482)  rmse: 33.0583 (37.8032)  bad@0.5: 98.1941 (98.2748)  bad@1.0: 96.4494 (96.5528)  bad@2.0: 93.1001 (93.1294)  bad@3.0: 90.0678 (89.7442)  time: 0.4863  data: 0.0008  max mem: 15488
[15:13:29.111862] Epoch: [1]  [ 780/1630]  eta: 0:06:56  lr: 0.000030  loss: 4.2950 (4.5883)  avgerr: 26.6183 (31.8027)  rmse: 32.2235 (37.7527)  bad@0.5: 97.9927 (98.2701)  bad@1.0: 96.1131 (96.5443)  bad@2.0: 92.5420 (93.1135)  bad@3.0: 89.0180 (89.7214)  time: 0.4754  data: 0.0002  max mem: 15488
[15:13:38.583960] Epoch: [1]  [ 800/1630]  eta: 0:06:45  lr: 0.000030  loss: 4.1352 (4.5800)  avgerr: 22.8809 (31.6362)  rmse: 28.2543 (37.5740)  bad@0.5: 98.0400 (98.2644)  bad@1.0: 96.1339 (96.5332)  bad@2.0: 92.1956 (93.0910)  bad@3.0: 88.2776 (89.6875)  time: 0.4735  data: 0.0009  max mem: 15488
[15:13:48.094650] Epoch: [1]  [ 820/1630]  eta: 0:06:35  lr: 0.000030  loss: 4.1911 (4.5753)  avgerr: 24.0807 (31.5353)  rmse: 28.2703 (37.4639)  bad@0.5: 97.8577 (98.2541)  bad@1.0: 95.6844 (96.5130)  bad@2.0: 91.3286 (93.0527)  bad@3.0: 87.3587 (89.6332)  time: 0.4755  data: 0.0003  max mem: 15488
[15:13:57.724879] Epoch: [1]  [ 840/1630]  eta: 0:06:26  lr: 0.000030  loss: 4.3306 (4.5721)  avgerr: 26.8569 (31.4675)  rmse: 32.6374 (37.4103)  bad@0.5: 97.9964 (98.2507)  bad@1.0: 96.0499 (96.5058)  bad@2.0: 92.2974 (93.0388)  bad@3.0: 88.4035 (89.6134)  time: 0.4814  data: 0.0007  max mem: 15488
[15:14:07.162819] Epoch: [1]  [ 860/1630]  eta: 0:06:15  lr: 0.000030  loss: 4.2706 (4.5675)  avgerr: 24.8234 (31.3750)  rmse: 30.8870 (37.3110)  bad@0.5: 97.8114 (98.2418)  bad@1.0: 95.7205 (96.4879)  bad@2.0: 91.6758 (93.0039)  bad@3.0: 87.6975 (89.5624)  time: 0.4718  data: 0.0002  max mem: 15488
[15:14:16.899105] Epoch: [1]  [ 880/1630]  eta: 0:06:06  lr: 0.000030  loss: 4.3893 (4.5618)  avgerr: 27.9720 (31.2654)  rmse: 34.2252 (37.1913)  bad@0.5: 98.0189 (98.2377)  bad@1.0: 96.0852 (96.4798)  bad@2.0: 92.5227 (92.9879)  bad@3.0: 89.0468 (89.5380)  time: 0.4867  data: 0.0007  max mem: 15488
[15:14:26.507844] Epoch: [1]  [ 900/1630]  eta: 0:05:56  lr: 0.000030  loss: 4.3908 (4.5582)  avgerr: 28.0159 (31.2278)  rmse: 34.4373 (37.1598)  bad@0.5: 98.1779 (98.2347)  bad@1.0: 96.4227 (96.4736)  bad@2.0: 92.8185 (92.9761)  bad@3.0: 88.9855 (89.5213)  time: 0.4797  data: 0.0003  max mem: 15488
[15:14:36.173765] Epoch: [1]  [ 920/1630]  eta: 0:05:46  lr: 0.000030  loss: 4.2891 (4.5577)  avgerr: 25.4218 (31.2036)  rmse: 30.9371 (37.1178)  bad@0.5: 98.1488 (98.2322)  bad@1.0: 96.2565 (96.4685)  bad@2.0: 92.2642 (92.9663)  bad@3.0: 88.3137 (89.5079)  time: 0.4832  data: 0.0010  max mem: 15488
[15:14:45.868664] Epoch: [1]  [ 940/1630]  eta: 0:05:36  lr: 0.000030  loss: 4.2485 (4.5518)  avgerr: 25.0054 (31.0898)  rmse: 30.0147 (36.9866)  bad@0.5: 98.1280 (98.2290)  bad@1.0: 96.1351 (96.4615)  bad@2.0: 92.4354 (92.9513)  bad@3.0: 88.3778 (89.4854)  time: 0.4847  data: 0.0017  max mem: 15488
[15:14:55.469394] Epoch: [1]  [ 960/1630]  eta: 0:05:26  lr: 0.000030  loss: 4.2510 (4.5461)  avgerr: 24.0404 (30.9675)  rmse: 27.3842 (36.8552)  bad@0.5: 97.8572 (98.2229)  bad@1.0: 95.6766 (96.4489)  bad@2.0: 91.3755 (92.9241)  bad@3.0: 87.1965 (89.4417)  time: 0.4800  data: 0.0006  max mem: 15488
[15:15:05.094623] Epoch: [1]  [ 980/1630]  eta: 0:05:16  lr: 0.000030  loss: 4.3929 (4.5440)  avgerr: 27.1236 (30.9265)  rmse: 33.4955 (36.8190)  bad@0.5: 98.0795 (98.2213)  bad@1.0: 96.1941 (96.4459)  bad@2.0: 92.4608 (92.9169)  bad@3.0: 88.8839 (89.4292)  time: 0.4812  data: 0.0018  max mem: 15488
[15:15:14.651556] Epoch: [1]  [1000/1630]  eta: 0:05:07  lr: 0.000030  loss: 4.4742 (4.5440)  avgerr: 29.7291 (30.9289)  rmse: 35.2419 (36.8205)  bad@0.5: 98.0225 (98.2185)  bad@1.0: 96.0083 (96.4399)  bad@2.0: 91.5979 (92.9029)  bad@3.0: 87.5314 (89.4034)  time: 0.4778  data: 0.0009  max mem: 15488
[15:15:24.278812] Epoch: [1]  [1020/1630]  eta: 0:04:57  lr: 0.000030  loss: 4.3856 (4.5408)  avgerr: 27.9143 (30.8729)  rmse: 34.6925 (36.7535)  bad@0.5: 97.9913 (98.2168)  bad@1.0: 96.0230 (96.4366)  bad@2.0: 92.0705 (92.8963)  bad@3.0: 87.9060 (89.3931)  time: 0.4813  data: 0.0010  max mem: 15488
[15:15:33.851962] Epoch: [1]  [1040/1630]  eta: 0:04:47  lr: 0.000030  loss: 4.1540 (4.5368)  avgerr: 23.0827 (30.7991)  rmse: 28.2166 (36.6695)  bad@0.5: 97.8411 (98.2119)  bad@1.0: 95.6649 (96.4264)  bad@2.0: 91.2698 (92.8742)  bad@3.0: 86.9873 (89.3566)  time: 0.4786  data: 0.0004  max mem: 15488
[15:15:43.442027] Epoch: [1]  [1060/1630]  eta: 0:04:37  lr: 0.000030  loss: 4.2590 (4.5340)  avgerr: 25.3642 (30.7414)  rmse: 30.3367 (36.6127)  bad@0.5: 97.5333 (98.2034)  bad@1.0: 95.1372 (96.4099)  bad@2.0: 90.4597 (92.8421)  bad@3.0: 86.4229 (89.3119)  time: 0.4794  data: 0.0008  max mem: 15488
[15:15:53.162072] Epoch: [1]  [1080/1630]  eta: 0:04:27  lr: 0.000030  loss: 4.1985 (4.5290)  avgerr: 24.7290 (30.6429)  rmse: 29.3474 (36.5056)  bad@0.5: 97.6593 (98.1937)  bad@1.0: 95.1950 (96.3905)  bad@2.0: 90.7715 (92.8044)  bad@3.0: 86.2118 (89.2574)  time: 0.4859  data: 0.0020  max mem: 15488
[15:16:02.858651] Epoch: [1]  [1100/1630]  eta: 0:04:18  lr: 0.000030  loss: 4.3805 (4.5293)  avgerr: 27.7521 (30.6418)  rmse: 33.4647 (36.5005)  bad@0.5: 97.9403 (98.1870)  bad@1.0: 95.8706 (96.3775)  bad@2.0: 91.7389 (92.7789)  bad@3.0: 87.6030 (89.2196)  time: 0.4848  data: 0.0015  max mem: 15488
[15:16:12.514338] Epoch: [1]  [1120/1630]  eta: 0:04:08  lr: 0.000030  loss: 4.2396 (4.5252)  avgerr: 24.0952 (30.5558)  rmse: 30.0760 (36.4036)  bad@0.5: 98.0026 (98.1840)  bad@1.0: 95.9697 (96.3716)  bad@2.0: 91.7325 (92.7674)  bad@3.0: 87.5053 (89.2024)  time: 0.4827  data: 0.0015  max mem: 15488
[15:16:22.092750] Epoch: [1]  [1140/1630]  eta: 0:03:58  lr: 0.000030  loss: 4.2218 (4.5214)  avgerr: 24.6287 (30.4778)  rmse: 30.1071 (36.3132)  bad@0.5: 97.6411 (98.1753)  bad@1.0: 95.2759 (96.3550)  bad@2.0: 90.6252 (92.7381)  bad@3.0: 87.2116 (89.1631)  time: 0.4789  data: 0.0002  max mem: 15488
[15:16:31.661926] Epoch: [1]  [1160/1630]  eta: 0:03:48  lr: 0.000030  loss: 4.2129 (4.5212)  avgerr: 25.4359 (30.4765)  rmse: 29.9406 (36.3168)  bad@0.5: 97.9977 (98.1700)  bad@1.0: 95.9415 (96.3444)  bad@2.0: 91.8792 (92.7172)  bad@3.0: 87.8286 (89.1335)  time: 0.4784  data: 0.0011  max mem: 15488
[15:16:41.262395] Epoch: [1]  [1180/1630]  eta: 0:03:38  lr: 0.000030  loss: 4.3221 (4.5218)  avgerr: 27.3606 (30.4973)  rmse: 34.6260 (36.3560)  bad@0.5: 97.9009 (98.1663)  bad@1.0: 95.8521 (96.3370)  bad@2.0: 91.2703 (92.7028)  bad@3.0: 86.7738 (89.1120)  time: 0.4799  data: 0.0016  max mem: 15488
[15:16:51.012985] Epoch: [1]  [1200/1630]  eta: 0:03:29  lr: 0.000030  loss: 4.2148 (4.5181)  avgerr: 23.3988 (30.4178)  rmse: 29.2456 (36.2778)  bad@0.5: 97.8580 (98.1618)  bad@1.0: 95.7412 (96.3279)  bad@2.0: 91.7061 (92.6849)  bad@3.0: 87.5002 (89.0849)  time: 0.4875  data: 0.0136  max mem: 15488
[15:17:01.165450] Epoch: [1]  [1220/1630]  eta: 0:03:19  lr: 0.000030  loss: 4.3673 (4.5153)  avgerr: 27.2410 (30.3632)  rmse: 31.6601 (36.2163)  bad@0.5: 97.9526 (98.1572)  bad@1.0: 95.8616 (96.3191)  bad@2.0: 91.6330 (92.6700)  bad@3.0: 87.0825 (89.0652)  time: 0.5076  data: 0.0297  max mem: 15488
[15:17:10.767807] Epoch: [1]  [1240/1630]  eta: 0:03:09  lr: 0.000030  loss: 4.2989 (4.5111)  avgerr: 26.4054 (30.2779)  rmse: 31.8972 (36.1308)  bad@0.5: 97.7690 (98.1495)  bad@1.0: 95.4901 (96.3037)  bad@2.0: 90.9257 (92.6390)  bad@3.0: 86.4098 (89.0191)  time: 0.4800  data: 0.0020  max mem: 15488
[15:17:20.401280] Epoch: [1]  [1260/1630]  eta: 0:03:00  lr: 0.000030  loss: 4.2712 (4.5091)  avgerr: 25.0814 (30.2438)  rmse: 32.0792 (36.0931)  bad@0.5: 97.9324 (98.1459)  bad@1.0: 95.8762 (96.2968)  bad@2.0: 91.6046 (92.6257)  bad@3.0: 87.7135 (88.9992)  time: 0.4816  data: 0.0002  max mem: 15488
[15:17:30.050941] Epoch: [1]  [1280/1630]  eta: 0:02:50  lr: 0.000030  loss: 4.1489 (4.5062)  avgerr: 22.4902 (30.1860)  rmse: 27.4092 (36.0260)  bad@0.5: 98.0760 (98.1418)  bad@1.0: 96.0450 (96.2882)  bad@2.0: 92.0995 (92.6078)  bad@3.0: 88.2929 (88.9748)  time: 0.4824  data: 0.0019  max mem: 15488
[15:17:39.568916] Epoch: [1]  [1300/1630]  eta: 0:02:40  lr: 0.000030  loss: 4.1337 (4.5041)  avgerr: 23.3140 (30.1436)  rmse: 27.5811 (35.9791)  bad@0.5: 97.6294 (98.1362)  bad@1.0: 95.3552 (96.2772)  bad@2.0: 90.8925 (92.5874)  bad@3.0: 86.8881 (88.9471)  time: 0.4758  data: 0.0005  max mem: 15488
[15:17:48.988219] Epoch: [1]  [1320/1630]  eta: 0:02:30  lr: 0.000030  loss: 4.1825 (4.5026)  avgerr: 23.3972 (30.1126)  rmse: 30.4562 (35.9607)  bad@0.5: 98.1083 (98.1360)  bad@1.0: 96.2564 (96.2765)  bad@2.0: 92.2558 (92.5831)  bad@3.0: 88.3193 (88.9376)  time: 0.4709  data: 0.0002  max mem: 15488
[15:17:58.533934] Epoch: [1]  [1340/1630]  eta: 0:02:20  lr: 0.000030  loss: 4.3493 (4.5009)  avgerr: 27.2029 (30.0754)  rmse: 33.0106 (35.9250)  bad@0.5: 98.0450 (98.1347)  bad@1.0: 96.1789 (96.2741)  bad@2.0: 92.3086 (92.5787)  bad@3.0: 88.4902 (88.9319)  time: 0.4772  data: 0.0008  max mem: 15488
[15:18:08.191177] Epoch: [1]  [1360/1630]  eta: 0:02:11  lr: 0.000030  loss: 4.2990 (4.4970)  avgerr: 25.6475 (29.9968)  rmse: 30.6196 (35.8357)  bad@0.5: 97.9593 (98.1315)  bad@1.0: 95.8974 (96.2678)  bad@2.0: 91.4191 (92.5665)  bad@3.0: 86.8172 (88.9141)  time: 0.4828  data: 0.0007  max mem: 15488
[15:18:17.789009] Epoch: [1]  [1380/1630]  eta: 0:02:01  lr: 0.000030  loss: 4.3596 (4.4960)  avgerr: 27.4954 (29.9806)  rmse: 35.1698 (35.8252)  bad@0.5: 98.1581 (98.1289)  bad@1.0: 96.3040 (96.2626)  bad@2.0: 92.3705 (92.5574)  bad@3.0: 88.5204 (88.9021)  time: 0.4798  data: 0.0008  max mem: 15488
[15:18:27.545367] Epoch: [1]  [1400/1630]  eta: 0:01:51  lr: 0.000030  loss: 4.3065 (4.4929)  avgerr: 26.2367 (29.9206)  rmse: 31.6966 (35.7681)  bad@0.5: 97.7031 (98.1252)  bad@1.0: 95.4713 (96.2554)  bad@2.0: 90.9009 (92.5440)  bad@3.0: 86.7614 (88.8838)  time: 0.4877  data: 0.0009  max mem: 15488
[15:18:37.163524] Epoch: [1]  [1420/1630]  eta: 0:01:42  lr: 0.000030  loss: 4.1279 (4.4898)  avgerr: 22.6450 (29.8630)  rmse: 30.6927 (35.7155)  bad@0.5: 97.7251 (98.1190)  bad@1.0: 95.6527 (96.2425)  bad@2.0: 90.9646 (92.5185)  bad@3.0: 86.2603 (88.8454)  time: 0.4808  data: 0.0002  max mem: 15488
[15:18:46.740386] Epoch: [1]  [1440/1630]  eta: 0:01:32  lr: 0.000030  loss: 4.0644 (4.4848)  avgerr: 21.0924 (29.7627)  rmse: 25.5542 (35.5988)  bad@0.5: 97.9083 (98.1146)  bad@1.0: 95.8924 (96.2340)  bad@2.0: 91.8695 (92.5023)  bad@3.0: 87.6305 (88.8221)  time: 0.4787  data: 0.0011  max mem: 15488
[15:18:56.232312] Epoch: [1]  [1460/1630]  eta: 0:01:22  lr: 0.000030  loss: 4.0972 (4.4815)  avgerr: 22.7932 (29.6961)  rmse: 28.8442 (35.5279)  bad@0.5: 97.7798 (98.1121)  bad@1.0: 95.4458 (96.2289)  bad@2.0: 90.7788 (92.4910)  bad@3.0: 86.3861 (88.8033)  time: 0.4745  data: 0.0008  max mem: 15488
[15:19:05.788904] Epoch: [1]  [1480/1630]  eta: 0:01:12  lr: 0.000030  loss: 4.0959 (4.4788)  avgerr: 22.8229 (29.6418)  rmse: 28.2422 (35.4825)  bad@0.5: 97.7127 (98.1063)  bad@1.0: 95.4577 (96.2168)  bad@2.0: 90.9622 (92.4690)  bad@3.0: 86.5093 (88.7740)  time: 0.4777  data: 0.0008  max mem: 15488
[15:19:15.487858] Epoch: [1]  [1500/1630]  eta: 0:01:03  lr: 0.000030  loss: 4.1515 (4.4750)  avgerr: 23.0841 (29.5657)  rmse: 28.4471 (35.4003)  bad@0.5: 97.6765 (98.1011)  bad@1.0: 95.4004 (96.2064)  bad@2.0: 91.0478 (92.4476)  bad@3.0: 86.5715 (88.7422)  time: 0.4849  data: 0.0010  max mem: 15488
[15:19:25.051807] Epoch: [1]  [1520/1630]  eta: 0:00:53  lr: 0.000030  loss: 4.2217 (4.4726)  avgerr: 24.3000 (29.5182)  rmse: 30.6120 (35.3557)  bad@0.5: 97.8569 (98.0984)  bad@1.0: 95.6350 (96.2011)  bad@2.0: 91.2044 (92.4378)  bad@3.0: 86.8451 (88.7277)  time: 0.4781  data: 0.0004  max mem: 15488
[15:19:34.609021] Epoch: [1]  [1540/1630]  eta: 0:00:43  lr: 0.000030  loss: 4.2598 (4.4706)  avgerr: 25.4119 (29.4789)  rmse: 30.2692 (35.3076)  bad@0.5: 98.1695 (98.0984)  bad@1.0: 96.4591 (96.2013)  bad@2.0: 92.7602 (92.4374)  bad@3.0: 89.1029 (88.7259)  time: 0.4778  data: 0.0010  max mem: 15488
[15:19:44.118607] Epoch: [1]  [1560/1630]  eta: 0:00:33  lr: 0.000030  loss: 4.1907 (4.4677)  avgerr: 24.4329 (29.4220)  rmse: 29.7696 (35.2456)  bad@0.5: 97.9580 (98.0976)  bad@1.0: 95.9010 (96.1996)  bad@2.0: 91.6890 (92.4339)  bad@3.0: 87.5118 (88.7204)  time: 0.4754  data: 0.0015  max mem: 15488
[15:19:53.571371] Epoch: [1]  [1580/1630]  eta: 0:00:24  lr: 0.000030  loss: 4.1609 (4.4647)  avgerr: 23.0706 (29.3676)  rmse: 27.9563 (35.1898)  bad@0.5: 97.6760 (98.0938)  bad@1.0: 95.3247 (96.1919)  bad@2.0: 90.5566 (92.4182)  bad@3.0: 86.0254 (88.6972)  time: 0.4726  data: 0.0002  max mem: 15488
[15:20:03.117725] Epoch: [1]  [1600/1630]  eta: 0:00:14  lr: 0.000030  loss: 4.2413 (4.4634)  avgerr: 24.5054 (29.3550)  rmse: 32.4118 (35.1857)  bad@0.5: 98.0230 (98.0907)  bad@1.0: 96.0100 (96.1855)  bad@2.0: 91.9805 (92.4032)  bad@3.0: 87.6396 (88.6733)  time: 0.4772  data: 0.0004  max mem: 15488
[15:20:12.730346] Epoch: [1]  [1620/1630]  eta: 0:00:04  lr: 0.000030  loss: 4.2556 (4.4613)  avgerr: 24.6728 (29.3188)  rmse: 30.9535 (35.1524)  bad@0.5: 97.8301 (98.0870)  bad@1.0: 95.4130 (96.1781)  bad@2.0: 90.9276 (92.3881)  bad@3.0: 86.4322 (88.6506)  time: 0.4806  data: 0.0002  max mem: 15488
[15:20:16.908497] Epoch: [1]  [1629/1630]  eta: 0:00:00  lr: 0.000030  loss: 4.1477 (4.4592)  avgerr: 23.6931 (29.2766)  rmse: 28.2844 (35.1040)  bad@0.5: 97.7353 (98.0850)  bad@1.0: 95.4130 (96.1741)  bad@2.0: 91.1615 (92.3801)  bad@3.0: 87.1435 (88.6391)  time: 0.4665  data: 0.0001  max mem: 15488
[15:20:16.958515] Epoch: [1] Total time: 0:13:10 (0.4848 s / it)
[15:20:16.958628] Averaged stats: lr: 0.000030  loss: 4.1477 (4.4592)  avgerr: 23.6931 (29.2766)  rmse: 28.2844 (35.1040)  bad@0.5: 97.7353 (98.0850)  bad@1.0: 95.4130 (96.1741)  bad@2.0: 91.1615 (92.3801)  bad@3.0: 87.1435 (88.6391)
[15:20:16.962630] log_dir: ./checkpoints/gator_ft_2870882
[15:20:17.373487] Epoch: [1]  [0/3]  eta: 0:00:01  loss_tiled: 2.2869 (2.2869)  loss: 2.2489 (2.2489)  ETH3DLowResDataset_subval_avgerr: 3.4618 (3.4618)  ETH3DLowResDataset_subval_rmse: 3.8432 (3.8432)  ETH3DLowResDataset_subval_bad@0.5: 98.7900 (98.7900)  ETH3DLowResDataset_subval_bad@1.0: 95.4810 (95.4810)  ETH3DLowResDataset_subval_bad@2.0: 79.7095 (79.7095)  ETH3DLowResDataset_subval_bad@3.0: 57.6258 (57.6258)  time: 0.4102  data: 0.2229  max mem: 15488
[15:20:18.134884] Epoch: [1]  [2/3]  eta: 0:00:00  loss_tiled: 2.3759 (2.5407)  loss: 2.2489 (2.4912)  ETH3DLowResDataset_subval_avgerr: 3.4618 (4.4797)  ETH3DLowResDataset_subval_rmse: 4.7761 (5.5449)  ETH3DLowResDataset_subval_bad@0.5: 95.5272 (92.9933)  ETH3DLowResDataset_subval_bad@1.0: 91.6056 (86.2642)  ETH3DLowResDataset_subval_bad@2.0: 79.7095 (70.6044)  ETH3DLowResDataset_subval_bad@3.0: 57.6258 (56.5986)  time: 0.3901  data: 0.0744  max mem: 15488
[15:20:18.188298] Epoch: [1] Total time: 0:00:01 (0.4085 s / it)
[15:20:27.861407] Epoch: [1]  [0/6]  eta: 0:00:58  loss_tiled: 4.1758 (4.1758)  loss: 4.0271 (4.0271)  Md14Dataset_subval_avgerr: 20.6333 (20.6333)  Md14Dataset_subval_rmse: 28.0841 (28.0841)  Md14Dataset_subval_bad@0.5: 98.0813 (98.0813)  Md14Dataset_subval_bad@1.0: 96.2298 (96.2298)  Md14Dataset_subval_bad@2.0: 92.7007 (92.7007)  Md14Dataset_subval_bad@3.0: 89.4015 (89.4015)  time: 9.6723  data: 1.1425  max mem: 15488
[15:21:08.996509] Epoch: [1]  [5/6]  eta: 0:00:08  loss_tiled: 4.2847 (4.3951)  loss: 4.0924 (4.1376)  Md14Dataset_subval_avgerr: 21.9418 (22.8508)  Md14Dataset_subval_rmse: 29.3544 (30.9676)  Md14Dataset_subval_bad@0.5: 98.3471 (98.4394)  Md14Dataset_subval_bad@1.0: 96.6830 (96.8632)  Md14Dataset_subval_bad@2.0: 93.3829 (93.7225)  Md14Dataset_subval_bad@3.0: 89.9128 (90.6122)  time: 8.4678  data: 0.1905  max mem: 15488
[15:21:09.031653] Epoch: [1] Total time: 0:00:50 (8.4739 s / it)
[15:21:34.470270] Epoch: [1]  [ 0/15]  eta: 0:06:21  loss_tiled: 5.6042 (5.6042)  loss: 5.1430 (5.1430)  BoosterDataset_subval_balanced_avgerr: 43.0436 (43.0436)  BoosterDataset_subval_balanced_rmse: 55.7436 (55.7436)  BoosterDataset_subval_balanced_bad@0.5: 99.3181 (99.3181)  BoosterDataset_subval_balanced_bad@1.0: 98.6258 (98.6258)  BoosterDataset_subval_balanced_bad@2.0: 97.2728 (97.2728)  BoosterDataset_subval_balanced_bad@3.0: 95.9657 (95.9657)  time: 25.4377  data: 2.2472  max mem: 15488
[15:26:26.150435] Epoch: [1]  [14/15]  eta: 0:00:21  loss_tiled: 6.9377 (8.4718)  loss: 6.6144 (7.9387)  BoosterDataset_subval_balanced_avgerr: 72.5971 (99.1968)  BoosterDataset_subval_balanced_rmse: 87.3749 (118.6992)  BoosterDataset_subval_balanced_bad@0.5: 99.4941 (99.4257)  BoosterDataset_subval_balanced_bad@1.0: 98.9711 (98.8522)  BoosterDataset_subval_balanced_bad@2.0: 97.9035 (97.7239)  BoosterDataset_subval_balanced_bad@3.0: 96.7201 (96.5904)  time: 21.1411  data: 0.1499  max mem: 15488
[15:26:26.188097] Epoch: [1] Total time: 0:05:17 (21.1438 s / it)
[15:26:29.097434] Epoch: [1]  [ 0/20]  eta: 0:00:58  loss_tiled: 3.9856 (3.9856)  loss: 3.8733 (3.8733)  Md21Dataset_subval_avgerr: 17.5540 (17.5540)  Md21Dataset_subval_rmse: 21.4047 (21.4047)  Md21Dataset_subval_bad@0.5: 98.1511 (98.1511)  Md21Dataset_subval_bad@1.0: 96.3252 (96.3252)  Md21Dataset_subval_bad@2.0: 92.8617 (92.8617)  Md21Dataset_subval_bad@3.0: 89.2996 (89.2996)  time: 2.9086  data: 0.5001  max mem: 15488
[15:27:13.501290] Epoch: [1]  [19/20]  eta: 0:00:02  loss_tiled: 3.7996 (3.8223)  loss: 3.7166 (3.7363)  Md21Dataset_subval_avgerr: 14.4469 (14.8707)  Md21Dataset_subval_rmse: 19.0650 (19.2514)  Md21Dataset_subval_bad@0.5: 97.0870 (97.3449)  Md21Dataset_subval_bad@1.0: 94.2736 (94.6727)  Md21Dataset_subval_bad@2.0: 88.9520 (89.4212)  Md21Dataset_subval_bad@3.0: 83.6154 (84.3455)  time: 2.3656  data: 0.0251  max mem: 15488
[15:27:13.544131] Epoch: [1] Total time: 0:00:47 (2.3678 s / it)
[15:27:13.545838] Averaged stats: {'loss_tiled': 3.8223174810409546, 'loss': 3.7363093376159666, 'ETH3DLowResDataset_subval_avgerr': 4.479670763015747, 'ETH3DLowResDataset_subval_rmse': 5.544938166936238, 'ETH3DLowResDataset_subval_bad@0.5': 92.99329121907552, 'ETH3DLowResDataset_subval_bad@1.0': 86.26419830322266, 'ETH3DLowResDataset_subval_bad@2.0': 70.60442606608073, 'ETH3DLowResDataset_subval_bad@3.0': 56.59855524698893, 'Md14Dataset_subval_avgerr': 22.850838979085285, 'Md14Dataset_subval_rmse': 30.967589060465496, 'Md14Dataset_subval_bad@0.5': 98.43936030069987, 'Md14Dataset_subval_bad@1.0': 96.86323165893555, 'Md14Dataset_subval_bad@2.0': 93.72254689534505, 'Md14Dataset_subval_bad@3.0': 90.61217880249023, 'BoosterDataset_subval_balanced_avgerr': 99.19683163960775, 'BoosterDataset_subval_balanced_rmse': 118.6992312113444, 'BoosterDataset_subval_balanced_bad@0.5': 99.42569783528646, 'BoosterDataset_subval_balanced_bad@1.0': 98.85216471354167, 'BoosterDataset_subval_balanced_bad@2.0': 97.72389678955078, 'BoosterDataset_subval_balanced_bad@3.0': 96.5903564453125, 'Md21Dataset_subval_avgerr': 14.87071452140808, 'Md21Dataset_subval_rmse': 19.251355934143067, 'Md21Dataset_subval_bad@0.5': 97.34493484497071, 'Md21Dataset_subval_bad@1.0': 94.6726863861084, 'Md21Dataset_subval_bad@2.0': 89.42119369506835, 'Md21Dataset_subval_bad@3.0': 84.34553833007813, 'AVG_avgerr': 35.34951397577922, 'AVG_rmse': 43.6157785932223, 'AVG_bad@0.5': 97.05082105000814, 'AVG_bad@1.0': 94.16307026545206, 'AVG_bad@2.0': 87.86801586151122, 'AVG_bad@3.0': 82.03665720621744}
[15:27:13.558668] >> Saving model to checkpoints/gator_ft_2870882/checkpoint-best.pth ...
[15:27:14.139395] >> Saving model to checkpoints/gator_ft_2870882/checkpoint-last.pth ...
[15:27:14.664379] log_dir: ./checkpoints/gator_ft_2870882
[15:27:18.899673] Epoch: [2]  [   0/1630]  eta: 1:55:01  lr: 0.000030  loss: 3.9463 (3.9463)  avgerr: 18.6768 (18.6768)  rmse: 22.9392 (22.9392)  bad@0.5: 97.8883 (97.8883)  bad@1.0: 95.7439 (95.7439)  bad@2.0: 91.5531 (91.5531)  bad@3.0: 87.3617 (87.3617)  time: 4.2343  data: 3.7685  max mem: 15488
[15:27:30.268047] Epoch: [2]  [  20/1630]  eta: 0:19:56  lr: 0.000030  loss: 4.1847 (4.2107)  avgerr: 24.1625 (24.2513)  rmse: 30.4452 (29.7928)  bad@0.5: 97.7379 (97.7664)  bad@1.0: 95.4759 (95.5314)  bad@2.0: 90.8546 (91.0307)  bad@3.0: 86.0918 (86.5523)  time: 0.5683  data: 0.0946  max mem: 15488
[15:27:41.953282] Epoch: [2]  [  40/1630]  eta: 0:17:38  lr: 0.000030  loss: 4.2163 (4.2480)  avgerr: 24.9329 (25.0250)  rmse: 30.1205 (30.6403)  bad@0.5: 97.8433 (97.8009)  bad@1.0: 95.7583 (95.6047)  bad@2.0: 91.5191 (91.2146)  bad@3.0: 87.2726 (86.8568)  time: 0.5842  data: 0.1074  max mem: 15488
[15:27:51.471267] Epoch: [2]  [  60/1630]  eta: 0:15:47  lr: 0.000030  loss: 4.1562 (4.2351)  avgerr: 23.0768 (24.7531)  rmse: 28.8715 (30.2870)  bad@0.5: 97.8438 (97.7821)  bad@1.0: 95.6287 (95.5704)  bad@2.0: 91.2210 (91.1679)  bad@3.0: 86.7455 (86.8344)  time: 0.4758  data: 0.0004  max mem: 15488
[15:28:01.126329] Epoch: [2]  [  80/1630]  eta: 0:14:48  lr: 0.000030  loss: 4.2525 (4.2651)  avgerr: 24.0615 (25.4385)  rmse: 29.3779 (31.0071)  bad@0.5: 97.7556 (97.7708)  bad@1.0: 95.3943 (95.5459)  bad@2.0: 90.8844 (91.1117)  bad@3.0: 86.4980 (86.7105)  time: 0.4827  data: 0.0013  max mem: 15488
[15:28:10.859794] Epoch: [2]  [ 100/1630]  eta: 0:14:11  lr: 0.000030  loss: 4.1570 (4.2454)  avgerr: 23.1604 (25.0255)  rmse: 28.9499 (30.4802)  bad@0.5: 97.7260 (97.7661)  bad@1.0: 95.4477 (95.5404)  bad@2.0: 90.9151 (91.1020)  bad@3.0: 86.2901 (86.7140)  time: 0.4866  data: 0.0013  max mem: 15488
[15:28:20.580632] Epoch: [2]  [ 120/1630]  eta: 0:13:42  lr: 0.000030  loss: 4.0106 (4.2249)  avgerr: 20.9167 (24.6428)  rmse: 26.6421 (30.1489)  bad@0.5: 97.7013 (97.7456)  bad@1.0: 95.4669 (95.4996)  bad@2.0: 90.8630 (91.0360)  bad@3.0: 86.1397 (86.6286)  time: 0.4860  data: 0.0009  max mem: 15488
[15:28:30.190680] Epoch: [2]  [ 140/1630]  eta: 0:13:17  lr: 0.000030  loss: 4.0513 (4.2114)  avgerr: 21.9585 (24.4528)  rmse: 27.0432 (29.9275)  bad@0.5: 97.6263 (97.7400)  bad@1.0: 95.2346 (95.4845)  bad@2.0: 90.2691 (90.9996)  bad@3.0: 85.6893 (86.5845)  time: 0.4804  data: 0.0005  max mem: 15488
[15:28:39.668447] Epoch: [2]  [ 160/1630]  eta: 0:12:56  lr: 0.000030  loss: 4.1713 (4.2199)  avgerr: 23.8956 (24.7407)  rmse: 30.5756 (30.2783)  bad@0.5: 98.1304 (97.7742)  bad@1.0: 96.2685 (95.5538)  bad@2.0: 92.4130 (91.1364)  bad@3.0: 88.5322 (86.7770)  time: 0.4738  data: 0.0018  max mem: 15488
[15:28:49.167284] Epoch: [2]  [ 180/1630]  eta: 0:12:36  lr: 0.000030  loss: 4.0357 (4.2070)  avgerr: 22.3745 (24.5458)  rmse: 26.5171 (30.0454)  bad@0.5: 97.4619 (97.7340)  bad@1.0: 94.9095 (95.4734)  bad@2.0: 90.0757 (90.9898)  bad@3.0: 85.3958 (86.5751)  time: 0.4748  data: 0.0002  max mem: 15488
[15:28:58.725151] Epoch: [2]  [ 200/1630]  eta: 0:12:20  lr: 0.000030  loss: 4.0323 (4.1989)  avgerr: 21.7783 (24.4488)  rmse: 27.8202 (29.9240)  bad@0.5: 97.4581 (97.7185)  bad@1.0: 94.9236 (95.4429)  bad@2.0: 90.0236 (90.9375)  bad@3.0: 85.3289 (86.5021)  time: 0.4777  data: 0.0002  max mem: 15488
[15:29:08.293866] Epoch: [2]  [ 220/1630]  eta: 0:12:04  lr: 0.000030  loss: 4.0992 (4.1961)  avgerr: 23.6879 (24.4429)  rmse: 28.9173 (29.9203)  bad@0.5: 97.5753 (97.7169)  bad@1.0: 95.1818 (95.4371)  bad@2.0: 90.3752 (90.9228)  bad@3.0: 85.5856 (86.4839)  time: 0.4784  data: 0.0018  max mem: 15488
[15:29:18.105614] Epoch: [2]  [ 240/1630]  eta: 0:11:51  lr: 0.000030  loss: 3.9548 (4.1941)  avgerr: 20.4579 (24.4326)  rmse: 25.1624 (29.8593)  bad@0.5: 97.5908 (97.7125)  bad@1.0: 95.2548 (95.4289)  bad@2.0: 90.4795 (90.9086)  bad@3.0: 85.9863 (86.4702)  time: 0.4905  data: 0.0030  max mem: 15488
[15:29:27.633018] Epoch: [2]  [ 260/1630]  eta: 0:11:37  lr: 0.000030  loss: 3.9986 (4.1929)  avgerr: 21.1392 (24.4599)  rmse: 27.1529 (29.8818)  bad@0.5: 97.7221 (97.7126)  bad@1.0: 95.3040 (95.4289)  bad@2.0: 90.6994 (90.9127)  bad@3.0: 86.4593 (86.4830)  time: 0.4763  data: 0.0008  max mem: 15488
[15:29:37.070119] Epoch: [2]  [ 280/1630]  eta: 0:11:24  lr: 0.000030  loss: 4.1319 (4.1900)  avgerr: 22.7982 (24.4221)  rmse: 28.6750 (29.8847)  bad@0.5: 97.4675 (97.7085)  bad@1.0: 94.8892 (95.4246)  bad@2.0: 90.4594 (90.9137)  bad@3.0: 85.8823 (86.4917)  time: 0.4718  data: 0.0002  max mem: 15488
[15:29:46.539325] Epoch: [2]  [ 300/1630]  eta: 0:11:10  lr: 0.000030  loss: 4.0237 (4.1795)  avgerr: 21.3573 (24.2538)  rmse: 27.0934 (29.7094)  bad@0.5: 97.6820 (97.6871)  bad@1.0: 95.2794 (95.3849)  bad@2.0: 90.3527 (90.8389)  bad@3.0: 85.6233 (86.3867)  time: 0.4734  data: 0.0008  max mem: 15488
[15:29:56.093736] Epoch: [2]  [ 320/1630]  eta: 0:10:58  lr: 0.000030  loss: 4.0855 (4.1788)  avgerr: 21.9950 (24.2716)  rmse: 26.4929 (29.7063)  bad@0.5: 97.7301 (97.6808)  bad@1.0: 95.5006 (95.3723)  bad@2.0: 91.0018 (90.8228)  bad@3.0: 86.1057 (86.3764)  time: 0.4776  data: 0.0009  max mem: 15488
[15:30:05.796520] Epoch: [2]  [ 340/1630]  eta: 0:10:47  lr: 0.000030  loss: 3.9867 (4.1772)  avgerr: 21.3783 (24.2545)  rmse: 27.3086 (29.6855)  bad@0.5: 97.5235 (97.6781)  bad@1.0: 95.1439 (95.3655)  bad@2.0: 90.4808 (90.8077)  bad@3.0: 86.0480 (86.3569)  time: 0.4851  data: 0.0020  max mem: 15488
[15:30:15.247885] Epoch: [2]  [ 360/1630]  eta: 0:10:35  lr: 0.000030  loss: 3.9986 (4.1732)  avgerr: 21.1128 (24.1989)  rmse: 25.7739 (29.6362)  bad@0.5: 97.4340 (97.6702)  bad@1.0: 94.6423 (95.3494)  bad@2.0: 89.3077 (90.7719)  bad@3.0: 84.7190 (86.3033)  time: 0.4725  data: 0.0011  max mem: 15488
[15:30:24.842585] Epoch: [2]  [ 380/1630]  eta: 0:10:23  lr: 0.000030  loss: 4.1319 (4.1692)  avgerr: 23.3688 (24.1441)  rmse: 28.0186 (29.5608)  bad@0.5: 97.7405 (97.6704)  bad@1.0: 95.4602 (95.3500)  bad@2.0: 90.9780 (90.7672)  bad@3.0: 86.4083 (86.2877)  time: 0.4797  data: 0.0009  max mem: 15488
[15:30:34.413580] Epoch: [2]  [ 400/1630]  eta: 0:10:12  lr: 0.000030  loss: 4.2800 (4.1670)  avgerr: 26.2579 (24.1122)  rmse: 30.8544 (29.5536)  bad@0.5: 97.8896 (97.6710)  bad@1.0: 95.7890 (95.3532)  bad@2.0: 91.3434 (90.7736)  bad@3.0: 86.9528 (86.2950)  time: 0.4785  data: 0.0002  max mem: 15488
[15:30:43.963917] Epoch: [2]  [ 420/1630]  eta: 0:10:01  lr: 0.000030  loss: 4.0174 (4.1622)  avgerr: 20.9986 (24.0263)  rmse: 25.9853 (29.4271)  bad@0.5: 97.9574 (97.6807)  bad@1.0: 95.9565 (95.3732)  bad@2.0: 91.7039 (90.8138)  bad@3.0: 87.3226 (86.3528)  time: 0.4774  data: 0.0002  max mem: 15488
[15:30:53.589320] Epoch: [2]  [ 440/1630]  eta: 0:09:50  lr: 0.000030  loss: 4.1000 (4.1613)  avgerr: 24.4200 (24.0011)  rmse: 29.4749 (29.4317)  bad@0.5: 97.8624 (97.6824)  bad@1.0: 95.7417 (95.3794)  bad@2.0: 91.5570 (90.8256)  bad@3.0: 87.4542 (86.3717)  time: 0.4812  data: 0.0005  max mem: 15488
[15:31:03.158368] Epoch: [2]  [ 460/1630]  eta: 0:09:39  lr: 0.000030  loss: 4.2464 (4.1664)  avgerr: 26.2506 (24.1085)  rmse: 31.7719 (29.5320)  bad@0.5: 98.0283 (97.6963)  bad@1.0: 96.0456 (95.4088)  bad@2.0: 91.8182 (90.8822)  bad@3.0: 87.7642 (86.4505)  time: 0.4776  data: 0.0010  max mem: 15488
[15:31:12.787116] Epoch: [2]  [ 480/1630]  eta: 0:09:29  lr: 0.000030  loss: 4.0378 (4.1668)  avgerr: 21.5515 (24.1263)  rmse: 26.1022 (29.5386)  bad@0.5: 97.5190 (97.6987)  bad@1.0: 94.9367 (95.4116)  bad@2.0: 89.9240 (90.8827)  bad@3.0: 85.6342 (86.4511)  time: 0.4814  data: 0.0006  max mem: 15488
[15:31:22.351389] Epoch: [2]  [ 500/1630]  eta: 0:09:18  lr: 0.000030  loss: 4.0718 (4.1628)  avgerr: 21.4272 (24.0589)  rmse: 27.2919 (29.4527)  bad@0.5: 97.7387 (97.6975)  bad@1.0: 95.4717 (95.4096)  bad@2.0: 90.7238 (90.8790)  bad@3.0: 86.0590 (86.4444)  time: 0.4781  data: 0.0006  max mem: 15488
[15:31:31.914349] Epoch: [2]  [ 520/1630]  eta: 0:09:07  lr: 0.000030  loss: 4.0147 (4.1623)  avgerr: 21.6120 (24.0749)  rmse: 27.7623 (29.5053)  bad@0.5: 97.5409 (97.6939)  bad@1.0: 95.0866 (95.4023)  bad@2.0: 90.2635 (90.8658)  bad@3.0: 85.7303 (86.4294)  time: 0.4781  data: 0.0002  max mem: 15488
[15:31:41.644160] Epoch: [2]  [ 540/1630]  eta: 0:08:57  lr: 0.000030  loss: 4.0697 (4.1599)  avgerr: 22.6176 (24.0712)  rmse: 28.2899 (29.5341)  bad@0.5: 97.7261 (97.6859)  bad@1.0: 95.5138 (95.3864)  bad@2.0: 91.0406 (90.8366)  bad@3.0: 86.6589 (86.3877)  time: 0.4861  data: 0.0003  max mem: 15488
[15:31:51.375525] Epoch: [2]  [ 560/1630]  eta: 0:08:47  lr: 0.000030  loss: 4.0814 (4.1644)  avgerr: 22.9435 (24.1474)  rmse: 29.6694 (29.6276)  bad@0.5: 97.8773 (97.6907)  bad@1.0: 95.6955 (95.3961)  bad@2.0: 91.1060 (90.8544)  bad@3.0: 86.7763 (86.4143)  time: 0.4865  data: 0.0017  max mem: 15488
[15:32:01.036849] Epoch: [2]  [ 580/1630]  eta: 0:08:37  lr: 0.000030  loss: 4.1511 (4.1672)  avgerr: 23.4825 (24.2157)  rmse: 28.8488 (29.7239)  bad@0.5: 97.9113 (97.7009)  bad@1.0: 95.8512 (95.4160)  bad@2.0: 91.6812 (90.8925)  bad@3.0: 87.6274 (86.4680)  time: 0.4830  data: 0.0012  max mem: 15488
[15:32:10.931491] Epoch: [2]  [ 600/1630]  eta: 0:08:27  lr: 0.000030  loss: 4.1816 (4.1692)  avgerr: 24.1543 (24.2413)  rmse: 29.8488 (29.7792)  bad@0.5: 98.0172 (97.7075)  bad@1.0: 95.9777 (95.4291)  bad@2.0: 91.9068 (90.9175)  bad@3.0: 87.9226 (86.5060)  time: 0.4947  data: 0.0018  max mem: 15488
[15:32:20.638631] Epoch: [2]  [ 620/1630]  eta: 0:08:17  lr: 0.000030  loss: 4.1636 (4.1718)  avgerr: 23.8172 (24.3404)  rmse: 29.6989 (29.8762)  bad@0.5: 97.5325 (97.7040)  bad@1.0: 94.9940 (95.4216)  bad@2.0: 90.4419 (90.9031)  bad@3.0: 85.5209 (86.4833)  time: 0.4853  data: 0.0002  max mem: 15488
[15:32:30.379491] Epoch: [2]  [ 640/1630]  eta: 0:08:07  lr: 0.000030  loss: 4.1807 (4.1774)  avgerr: 23.7744 (24.4436)  rmse: 29.4623 (29.9669)  bad@0.5: 97.6751 (97.6994)  bad@1.0: 95.4230 (95.4120)  bad@2.0: 90.8594 (90.8820)  bad@3.0: 86.3393 (86.4520)  time: 0.4870  data: 0.0018  max mem: 15488
[15:32:40.158795] Epoch: [2]  [ 660/1630]  eta: 0:07:57  lr: 0.000030  loss: 4.1745 (4.1792)  avgerr: 24.2753 (24.4738)  rmse: 29.5716 (30.0100)  bad@0.5: 97.3388 (97.6912)  bad@1.0: 94.7186 (95.3961)  bad@2.0: 89.7705 (90.8554)  bad@3.0: 84.4625 (86.4181)  time: 0.4889  data: 0.0011  max mem: 15488
[15:32:50.049338] Epoch: [2]  [ 680/1630]  eta: 0:07:47  lr: 0.000030  loss: 4.0321 (4.1789)  avgerr: 22.7262 (24.4946)  rmse: 28.5114 (30.0326)  bad@0.5: 97.7382 (97.6874)  bad@1.0: 95.4718 (95.3895)  bad@2.0: 90.8017 (90.8445)  bad@3.0: 86.1831 (86.4037)  time: 0.4945  data: 0.0100  max mem: 15488
[15:32:59.974279] Epoch: [2]  [ 700/1630]  eta: 0:07:38  lr: 0.000030  loss: 4.1349 (4.1789)  avgerr: 22.5105 (24.4864)  rmse: 27.3537 (30.0210)  bad@0.5: 97.9452 (97.6962)  bad@1.0: 95.8312 (95.4059)  bad@2.0: 91.7282 (90.8730)  bad@3.0: 86.9361 (86.4385)  time: 0.4962  data: 0.0172  max mem: 15488
[15:33:09.614195] Epoch: [2]  [ 720/1630]  eta: 0:07:27  lr: 0.000030  loss: 3.9709 (4.1772)  avgerr: 20.9042 (24.4637)  rmse: 25.2573 (29.9875)  bad@0.5: 97.6692 (97.6987)  bad@1.0: 95.4398 (95.4107)  bad@2.0: 90.8819 (90.8804)  bad@3.0: 86.6368 (86.4476)  time: 0.4819  data: 0.0024  max mem: 15488
[15:33:19.160570] Epoch: [2]  [ 740/1630]  eta: 0:07:17  lr: 0.000030  loss: 3.9427 (4.1758)  avgerr: 21.1888 (24.4541)  rmse: 27.6600 (29.9868)  bad@0.5: 97.3968 (97.6947)  bad@1.0: 94.8878 (95.4029)  bad@2.0: 89.8826 (90.8659)  bad@3.0: 85.2593 (86.4282)  time: 0.4772  data: 0.0006  max mem: 15488
[15:33:28.811911] Epoch: [2]  [ 760/1630]  eta: 0:07:07  lr: 0.000030  loss: 4.1861 (4.1761)  avgerr: 24.6262 (24.4645)  rmse: 29.9326 (30.0028)  bad@0.5: 97.7486 (97.6932)  bad@1.0: 95.4757 (95.4001)  bad@2.0: 90.9343 (90.8605)  bad@3.0: 86.1882 (86.4203)  time: 0.4825  data: 0.0002  max mem: 15488
[15:33:38.509254] Epoch: [2]  [ 780/1630]  eta: 0:06:57  lr: 0.000030  loss: 3.9720 (4.1727)  avgerr: 20.4127 (24.4009)  rmse: 26.3680 (29.9416)  bad@0.5: 97.4202 (97.6885)  bad@1.0: 94.8482 (95.3900)  bad@2.0: 89.7505 (90.8402)  bad@3.0: 84.7983 (86.3909)  time: 0.4848  data: 0.0010  max mem: 15488
[15:33:48.199096] Epoch: [2]  [ 800/1630]  eta: 0:06:47  lr: 0.000030  loss: 3.9635 (4.1706)  avgerr: 21.1956 (24.3753)  rmse: 26.8332 (29.9086)  bad@0.5: 97.3681 (97.6789)  bad@1.0: 94.7197 (95.3704)  bad@2.0: 89.2894 (90.8014)  bad@3.0: 83.9756 (86.3362)  time: 0.4844  data: 0.0015  max mem: 15488
[15:33:57.859477] Epoch: [2]  [ 820/1630]  eta: 0:06:37  lr: 0.000030  loss: 4.1631 (4.1739)  avgerr: 23.8635 (24.4268)  rmse: 29.9941 (29.9959)  bad@0.5: 97.8499 (97.6828)  bad@1.0: 95.6929 (95.3776)  bad@2.0: 91.3020 (90.8142)  bad@3.0: 86.7102 (86.3541)  time: 0.4830  data: 0.0008  max mem: 15488
[15:34:07.537467] Epoch: [2]  [ 840/1630]  eta: 0:06:27  lr: 0.000030  loss: 4.1505 (4.1752)  avgerr: 27.2189 (24.4626)  rmse: 33.7474 (30.0415)  bad@0.5: 97.3040 (97.6749)  bad@1.0: 94.5534 (95.3623)  bad@2.0: 88.9344 (90.7857)  bad@3.0: 83.3423 (86.3167)  time: 0.4838  data: 0.0012  max mem: 15488
[15:34:17.080523] Epoch: [2]  [ 860/1630]  eta: 0:06:17  lr: 0.000030  loss: 4.0200 (4.1782)  avgerr: 22.7340 (24.5214)  rmse: 30.5857 (30.1077)  bad@0.5: 97.1745 (97.6689)  bad@1.0: 94.3082 (95.3503)  bad@2.0: 89.2143 (90.7624)  bad@3.0: 84.6447 (86.2853)  time: 0.4771  data: 0.0006  max mem: 15488
[15:34:26.845601] Epoch: [2]  [ 880/1630]  eta: 0:06:07  lr: 0.000030  loss: 4.1154 (4.1771)  avgerr: 22.7164 (24.4996)  rmse: 27.8933 (30.0775)  bad@0.5: 97.4812 (97.6642)  bad@1.0: 94.9615 (95.3405)  bad@2.0: 90.1020 (90.7458)  bad@3.0: 85.2117 (86.2651)  time: 0.4882  data: 0.0011  max mem: 15488
[15:34:36.427167] Epoch: [2]  [ 900/1630]  eta: 0:05:57  lr: 0.000030  loss: 3.9846 (4.1748)  avgerr: 19.4632 (24.4613)  rmse: 23.7149 (30.0187)  bad@0.5: 97.2959 (97.6569)  bad@1.0: 94.5891 (95.3263)  bad@2.0: 89.2805 (90.7189)  bad@3.0: 84.2010 (86.2270)  time: 0.4790  data: 0.0007  max mem: 15488
[15:34:45.947031] Epoch: [2]  [ 920/1630]  eta: 0:05:47  lr: 0.000030  loss: 3.9059 (4.1729)  avgerr: 19.6941 (24.4383)  rmse: 23.6909 (29.9853)  bad@0.5: 97.1538 (97.6477)  bad@1.0: 94.2031 (95.3077)  bad@2.0: 88.2545 (90.6807)  bad@3.0: 82.7247 (86.1703)  time: 0.4759  data: 0.0007  max mem: 15488
[15:34:55.561880] Epoch: [2]  [ 940/1630]  eta: 0:05:37  lr: 0.000030  loss: 4.0472 (4.1712)  avgerr: 23.2530 (24.4222)  rmse: 27.3613 (29.9599)  bad@0.5: 97.2387 (97.6397)  bad@1.0: 94.4539 (95.2910)  bad@2.0: 88.9524 (90.6471)  bad@3.0: 83.8295 (86.1235)  time: 0.4807  data: 0.0015  max mem: 15488
[15:35:05.032855] Epoch: [2]  [ 960/1630]  eta: 0:05:27  lr: 0.000030  loss: 3.8362 (4.1652)  avgerr: 17.9564 (24.3201)  rmse: 22.8982 (29.8446)  bad@0.5: 97.2543 (97.6299)  bad@1.0: 94.4748 (95.2718)  bad@2.0: 88.8674 (90.6091)  bad@3.0: 83.9666 (86.0680)  time: 0.4735  data: 0.0002  max mem: 15488
[15:35:14.523491] Epoch: [2]  [ 980/1630]  eta: 0:05:17  lr: 0.000030  loss: 3.9858 (4.1653)  avgerr: 21.2365 (24.3332)  rmse: 27.6022 (29.8598)  bad@0.5: 97.5521 (97.6290)  bad@1.0: 95.1722 (95.2692)  bad@2.0: 90.4476 (90.6021)  bad@3.0: 84.9258 (86.0547)  time: 0.4745  data: 0.0013  max mem: 15488
[15:35:24.165811] Epoch: [2]  [1000/1630]  eta: 0:05:08  lr: 0.000030  loss: 3.9845 (4.1627)  avgerr: 20.8513 (24.2816)  rmse: 25.6715 (29.8012)  bad@0.5: 97.4697 (97.6269)  bad@1.0: 94.9228 (95.2654)  bad@2.0: 90.0486 (90.5949)  bad@3.0: 85.4433 (86.0444)  time: 0.4820  data: 0.0019  max mem: 15488
[15:35:33.695700] Epoch: [2]  [1020/1630]  eta: 0:04:58  lr: 0.000030  loss: 3.8395 (4.1590)  avgerr: 18.6492 (24.2233)  rmse: 22.3841 (29.7209)  bad@0.5: 97.4439 (97.6235)  bad@1.0: 94.9042 (95.2586)  bad@2.0: 90.0970 (90.5821)  bad@3.0: 85.5501 (86.0285)  time: 0.4764  data: 0.0014  max mem: 15488
[15:35:43.298977] Epoch: [2]  [1040/1630]  eta: 0:04:48  lr: 0.000030  loss: 3.9698 (4.1559)  avgerr: 20.7388 (24.1745)  rmse: 27.0555 (29.6695)  bad@0.5: 97.4921 (97.6222)  bad@1.0: 95.0127 (95.2555)  bad@2.0: 89.8384 (90.5748)  bad@3.0: 84.6717 (86.0158)  time: 0.4801  data: 0.0015  max mem: 15488
[15:35:52.997335] Epoch: [2]  [1060/1630]  eta: 0:04:38  lr: 0.000030  loss: 4.0313 (4.1551)  avgerr: 22.0635 (24.1696)  rmse: 26.9378 (29.6737)  bad@0.5: 97.4591 (97.6195)  bad@1.0: 95.0065 (95.2504)  bad@2.0: 90.0785 (90.5633)  bad@3.0: 85.0332 (86.0003)  time: 0.4849  data: 0.0010  max mem: 15488
[15:36:02.651347] Epoch: [2]  [1080/1630]  eta: 0:04:28  lr: 0.000030  loss: 3.9568 (4.1524)  avgerr: 20.7151 (24.1284)  rmse: 25.5350 (29.6219)  bad@0.5: 97.2590 (97.6122)  bad@1.0: 94.5689 (95.2353)  bad@2.0: 89.2018 (90.5320)  bad@3.0: 83.5460 (85.9542)  time: 0.4826  data: 0.0007  max mem: 15488
[15:36:12.260544] Epoch: [2]  [1100/1630]  eta: 0:04:18  lr: 0.000030  loss: 3.9055 (4.1503)  avgerr: 19.8629 (24.1007)  rmse: 24.7192 (29.5878)  bad@0.5: 97.4699 (97.6101)  bad@1.0: 94.8604 (95.2305)  bad@2.0: 89.4076 (90.5195)  bad@3.0: 84.4237 (85.9329)  time: 0.4804  data: 0.0014  max mem: 15488
[15:36:21.857249] Epoch: [2]  [1120/1630]  eta: 0:04:08  lr: 0.000030  loss: 4.0931 (4.1509)  avgerr: 22.2252 (24.1102)  rmse: 27.1226 (29.6012)  bad@0.5: 97.6068 (97.6090)  bad@1.0: 95.3444 (95.2283)  bad@2.0: 90.9196 (90.5145)  bad@3.0: 85.8362 (85.9254)  time: 0.4798  data: 0.0002  max mem: 15488
[15:36:31.381019] Epoch: [2]  [1140/1630]  eta: 0:03:59  lr: 0.000030  loss: 3.9025 (4.1496)  avgerr: 19.3780 (24.0916)  rmse: 24.4292 (29.5752)  bad@0.5: 97.4488 (97.6081)  bad@1.0: 94.9237 (95.2260)  bad@2.0: 89.9757 (90.5092)  bad@3.0: 84.7639 (85.9151)  time: 0.4761  data: 0.0006  max mem: 15488
[15:36:41.160919] Epoch: [2]  [1160/1630]  eta: 0:03:49  lr: 0.000030  loss: 3.9889 (4.1479)  avgerr: 20.9640 (24.0650)  rmse: 27.1601 (29.5493)  bad@0.5: 97.3663 (97.6043)  bad@1.0: 94.7599 (95.2183)  bad@2.0: 89.4573 (90.4948)  bad@3.0: 84.4555 (85.8978)  time: 0.4889  data: 0.0018  max mem: 15488
[15:36:50.741362] Epoch: [2]  [1180/1630]  eta: 0:03:39  lr: 0.000030  loss: 3.9361 (4.1477)  avgerr: 20.3866 (24.0711)  rmse: 25.4177 (29.5517)  bad@0.5: 97.2518 (97.5982)  bad@1.0: 94.4819 (95.2058)  bad@2.0: 89.0696 (90.4708)  bad@3.0: 83.8489 (85.8653)  time: 0.4790  data: 0.0014  max mem: 15488
[15:37:00.439717] Epoch: [2]  [1200/1630]  eta: 0:03:29  lr: 0.000030  loss: 3.7985 (4.1429)  avgerr: 17.8491 (23.9978)  rmse: 24.0911 (29.4703)  bad@0.5: 96.8027 (97.5846)  bad@1.0: 93.7526 (95.1795)  bad@2.0: 87.3098 (90.4203)  bad@3.0: 81.4346 (85.7928)  time: 0.4849  data: 0.0014  max mem: 15488
[15:37:09.930491] Epoch: [2]  [1220/1630]  eta: 0:03:19  lr: 0.000030  loss: 3.8336 (4.1396)  avgerr: 18.9413 (23.9417)  rmse: 23.5748 (29.4115)  bad@0.5: 97.0731 (97.5746)  bad@1.0: 94.0835 (95.1596)  bad@2.0: 88.0916 (90.3816)  bad@3.0: 82.4600 (85.7382)  time: 0.4745  data: 0.0002  max mem: 15488
[15:37:19.597410] Epoch: [2]  [1240/1630]  eta: 0:03:10  lr: 0.000030  loss: 3.8494 (4.1372)  avgerr: 18.6448 (23.9041)  rmse: 23.0569 (29.3698)  bad@0.5: 97.2521 (97.5674)  bad@1.0: 94.5170 (95.1460)  bad@2.0: 89.2952 (90.3571)  bad@3.0: 84.2838 (85.7046)  time: 0.4833  data: 0.0007  max mem: 15488
[15:37:29.223849] Epoch: [2]  [1260/1630]  eta: 0:03:00  lr: 0.000030  loss: 4.0010 (4.1359)  avgerr: 21.9114 (23.8841)  rmse: 26.5393 (29.3553)  bad@0.5: 97.3853 (97.5643)  bad@1.0: 94.7062 (95.1410)  bad@2.0: 89.4259 (90.3483)  bad@3.0: 84.5793 (85.6913)  time: 0.4813  data: 0.0014  max mem: 15488
[15:37:38.936846] Epoch: [2]  [1280/1630]  eta: 0:02:50  lr: 0.000030  loss: 3.9531 (4.1358)  avgerr: 20.8696 (23.8903)  rmse: 25.6792 (29.3738)  bad@0.5: 97.7295 (97.5660)  bad@1.0: 95.4918 (95.1442)  bad@2.0: 91.0526 (90.3521)  bad@3.0: 86.6124 (85.6910)  time: 0.4855  data: 0.0009  max mem: 15488
[15:37:48.495406] Epoch: [2]  [1300/1630]  eta: 0:02:40  lr: 0.000030  loss: 3.8460 (4.1337)  avgerr: 17.9134 (23.8533)  rmse: 21.1751 (29.3305)  bad@0.5: 97.6057 (97.5638)  bad@1.0: 95.1824 (95.1398)  bad@2.0: 90.3869 (90.3442)  bad@3.0: 85.7560 (85.6785)  time: 0.4779  data: 0.0012  max mem: 15488
[15:37:58.078275] Epoch: [2]  [1320/1630]  eta: 0:02:30  lr: 0.000030  loss: 3.9803 (4.1324)  avgerr: 21.2697 (23.8298)  rmse: 25.0205 (29.2919)  bad@0.5: 97.6516 (97.5628)  bad@1.0: 95.2522 (95.1380)  bad@2.0: 90.7069 (90.3410)  bad@3.0: 85.8044 (85.6743)  time: 0.4791  data: 0.0008  max mem: 15488
[15:38:07.709836] Epoch: [2]  [1340/1630]  eta: 0:02:21  lr: 0.000030  loss: 3.9454 (4.1303)  avgerr: 19.1753 (23.7898)  rmse: 22.9544 (29.2441)  bad@0.5: 97.6938 (97.5620)  bad@1.0: 95.3182 (95.1362)  bad@2.0: 90.3389 (90.3368)  bad@3.0: 85.6521 (85.6663)  time: 0.4815  data: 0.0002  max mem: 15488
[15:38:17.318304] Epoch: [2]  [1360/1630]  eta: 0:02:11  lr: 0.000030  loss: 4.0494 (4.1326)  avgerr: 22.8877 (23.8369)  rmse: 27.8856 (29.2911)  bad@0.5: 97.6602 (97.5625)  bad@1.0: 95.3168 (95.1374)  bad@2.0: 90.7437 (90.3404)  bad@3.0: 86.3248 (85.6743)  time: 0.4803  data: 0.0010  max mem: 15488
[15:38:26.993481] Epoch: [2]  [1380/1630]  eta: 0:02:01  lr: 0.000030  loss: 4.0838 (4.1337)  avgerr: 22.9829 (23.8609)  rmse: 28.5377 (29.3253)  bad@0.5: 97.4558 (97.5593)  bad@1.0: 94.7963 (95.1315)  bad@2.0: 89.3131 (90.3322)  bad@3.0: 84.3640 (85.6669)  time: 0.4836  data: 0.0011  max mem: 15488
[15:38:36.702510] Epoch: [2]  [1400/1630]  eta: 0:01:51  lr: 0.000030  loss: 3.9647 (4.1317)  avgerr: 19.3573 (23.8234)  rmse: 24.9680 (29.2857)  bad@0.5: 97.6636 (97.5575)  bad@1.0: 95.1799 (95.1279)  bad@2.0: 90.0208 (90.3253)  bad@3.0: 84.6155 (85.6560)  time: 0.4853  data: 0.0010  max mem: 15488
[15:38:46.394787] Epoch: [2]  [1420/1630]  eta: 0:01:42  lr: 0.000030  loss: 3.9321 (4.1313)  avgerr: 20.6199 (23.8175)  rmse: 25.9392 (29.2804)  bad@0.5: 97.3076 (97.5531)  bad@1.0: 94.6131 (95.1191)  bad@2.0: 89.1942 (90.3092)  bad@3.0: 83.8091 (85.6342)  time: 0.4845  data: 0.0014  max mem: 15488
[15:38:56.157506] Epoch: [2]  [1440/1630]  eta: 0:01:32  lr: 0.000030  loss: 4.0090 (4.1305)  avgerr: 21.3987 (23.8061)  rmse: 27.6387 (29.2720)  bad@0.5: 97.5000 (97.5544)  bad@1.0: 95.2005 (95.1215)  bad@2.0: 90.2586 (90.3133)  bad@3.0: 85.2771 (85.6391)  time: 0.4881  data: 0.0029  max mem: 15488
[15:39:05.824250] Epoch: [2]  [1460/1630]  eta: 0:01:22  lr: 0.000030  loss: 4.0402 (4.1313)  avgerr: 22.6336 (23.8279)  rmse: 27.6080 (29.3011)  bad@0.5: 97.9756 (97.5577)  bad@1.0: 96.1124 (95.1277)  bad@2.0: 92.3210 (90.3254)  bad@3.0: 88.0789 (85.6562)  time: 0.4833  data: 0.0024  max mem: 15488
[15:39:15.321502] Epoch: [2]  [1480/1630]  eta: 0:01:12  lr: 0.000030  loss: 3.8933 (4.1287)  avgerr: 20.7138 (23.7833)  rmse: 25.4108 (29.2531)  bad@0.5: 97.2334 (97.5522)  bad@1.0: 94.4196 (95.1169)  bad@2.0: 88.9202 (90.3028)  bad@3.0: 83.4963 (85.6209)  time: 0.4748  data: 0.0002  max mem: 15488
[15:39:24.866685] Epoch: [2]  [1500/1630]  eta: 0:01:03  lr: 0.000030  loss: 3.8572 (4.1277)  avgerr: 19.3696 (23.7685)  rmse: 22.9915 (29.2303)  bad@0.5: 97.2758 (97.5492)  bad@1.0: 94.5518 (95.1109)  bad@2.0: 89.1613 (90.2913)  bad@3.0: 83.7414 (85.6042)  time: 0.4772  data: 0.0016  max mem: 15488
[15:39:34.487040] Epoch: [2]  [1520/1630]  eta: 0:00:53  lr: 0.000030  loss: 3.8578 (4.1250)  avgerr: 19.5030 (23.7275)  rmse: 24.0987 (29.1807)  bad@0.5: 97.2918 (97.5453)  bad@1.0: 94.5849 (95.1029)  bad@2.0: 89.2838 (90.2751)  bad@3.0: 84.3191 (85.5805)  time: 0.4801  data: 0.0008  max mem: 15488
[15:39:44.245808] Epoch: [2]  [1540/1630]  eta: 0:00:43  lr: 0.000030  loss: 3.8452 (4.1235)  avgerr: 19.5870 (23.7064)  rmse: 24.3723 (29.1572)  bad@0.5: 97.5756 (97.5429)  bad@1.0: 95.0931 (95.0980)  bad@2.0: 90.2371 (90.2659)  bad@3.0: 85.5467 (85.5662)  time: 0.4879  data: 0.0018  max mem: 15488
[15:39:53.856674] Epoch: [2]  [1560/1630]  eta: 0:00:34  lr: 0.000030  loss: 3.9208 (4.1225)  avgerr: 19.7906 (23.6940)  rmse: 26.5430 (29.1537)  bad@0.5: 96.7789 (97.5345)  bad@1.0: 93.8758 (95.0818)  bad@2.0: 88.0161 (90.2366)  bad@3.0: 81.7950 (85.5255)  time: 0.4804  data: 0.0011  max mem: 15488
[15:40:03.376712] Epoch: [2]  [1580/1630]  eta: 0:00:24  lr: 0.000030  loss: 4.1373 (4.1230)  avgerr: 22.8422 (23.7052)  rmse: 27.8825 (29.1694)  bad@0.5: 97.6031 (97.5337)  bad@1.0: 95.1025 (95.0801)  bad@2.0: 90.2585 (90.2328)  bad@3.0: 85.5575 (85.5210)  time: 0.4759  data: 0.0008  max mem: 15488
[15:40:13.060070] Epoch: [2]  [1600/1630]  eta: 0:00:14  lr: 0.000030  loss: 4.0867 (4.1234)  avgerr: 23.7555 (23.7155)  rmse: 30.1362 (29.1857)  bad@0.5: 97.6228 (97.5359)  bad@1.0: 95.2679 (95.0845)  bad@2.0: 90.5791 (90.2410)  bad@3.0: 86.0645 (85.5328)  time: 0.4841  data: 0.0002  max mem: 15488
[15:40:22.521132] Epoch: [2]  [1620/1630]  eta: 0:00:04  lr: 0.000030  loss: 4.1085 (4.1247)  avgerr: 23.1218 (23.7491)  rmse: 28.7766 (29.2281)  bad@0.5: 97.1362 (97.5327)  bad@1.0: 94.2644 (95.0784)  bad@2.0: 89.2559 (90.2314)  bad@3.0: 84.2138 (85.5229)  time: 0.4730  data: 0.0007  max mem: 15488
[15:40:26.725993] Epoch: [2]  [1629/1630]  eta: 0:00:00  lr: 0.000030  loss: 4.1085 (4.1243)  avgerr: 23.6577 (23.7414)  rmse: 28.8723 (29.2176)  bad@0.5: 97.1362 (97.5326)  bad@1.0: 94.2644 (95.0780)  bad@2.0: 89.2559 (90.2311)  bad@3.0: 84.1956 (85.5235)  time: 0.4689  data: 0.0006  max mem: 15488
[15:40:26.784441] Epoch: [2] Total time: 0:13:12 (0.4860 s / it)
[15:40:26.784549] Averaged stats: lr: 0.000030  loss: 4.1085 (4.1243)  avgerr: 23.6577 (23.7414)  rmse: 28.8723 (29.2176)  bad@0.5: 97.1362 (97.5326)  bad@1.0: 94.2644 (95.0780)  bad@2.0: 89.2559 (90.2311)  bad@3.0: 84.1956 (85.5235)
[15:40:26.788510] log_dir: ./checkpoints/gator_ft_2870882
[15:40:27.180312] Epoch: [2]  [0/3]  eta: 0:00:01  loss_tiled: 2.0087 (2.0087)  loss: 2.0119 (2.0119)  ETH3DLowResDataset_subval_avgerr: 2.7638 (2.7638)  ETH3DLowResDataset_subval_rmse: 3.1833 (3.1833)  ETH3DLowResDataset_subval_bad@0.5: 97.7077 (97.7077)  ETH3DLowResDataset_subval_bad@1.0: 90.3682 (90.3682)  ETH3DLowResDataset_subval_bad@2.0: 64.9675 (64.9675)  ETH3DLowResDataset_subval_bad@3.0: 37.1351 (37.1351)  time: 0.3911  data: 0.2137  max mem: 15488
[15:40:27.935695] Epoch: [2]  [2/3]  eta: 0:00:00  loss_tiled: 2.0699 (2.2860)  loss: 2.0119 (2.2892)  ETH3DLowResDataset_subval_avgerr: 2.7638 (3.7907)  ETH3DLowResDataset_subval_rmse: 3.1833 (4.3674)  ETH3DLowResDataset_subval_bad@0.5: 96.9874 (95.9407)  ETH3DLowResDataset_subval_bad@1.0: 90.3682 (89.6494)  ETH3DLowResDataset_subval_bad@2.0: 64.9675 (71.7721)  ETH3DLowResDataset_subval_bad@3.0: 37.1351 (50.0266)  time: 0.3820  data: 0.0713  max mem: 15488
[15:40:27.970719] Epoch: [2] Total time: 0:00:01 (0.3940 s / it)
[15:40:37.565310] Epoch: [2]  [0/6]  eta: 0:00:57  loss_tiled: 4.0926 (4.0926)  loss: 3.8868 (3.8868)  Md14Dataset_subval_avgerr: 18.5870 (18.5870)  Md14Dataset_subval_rmse: 25.5405 (25.5405)  Md14Dataset_subval_bad@0.5: 98.2012 (98.2012)  Md14Dataset_subval_bad@1.0: 96.2869 (96.2869)  Md14Dataset_subval_bad@2.0: 92.7782 (92.7782)  Md14Dataset_subval_bad@3.0: 89.1736 (89.1736)  time: 9.5938  data: 1.0823  max mem: 15488
[15:41:18.585124] Epoch: [2]  [5/6]  eta: 0:00:08  loss_tiled: 4.2942 (4.3604)  loss: 4.1130 (4.0976)  Md14Dataset_subval_avgerr: 22.3624 (22.2860)  Md14Dataset_subval_rmse: 29.9710 (29.7330)  Md14Dataset_subval_bad@0.5: 98.4664 (98.4696)  Md14Dataset_subval_bad@1.0: 97.0122 (96.9247)  Md14Dataset_subval_bad@2.0: 94.1542 (93.9212)  Md14Dataset_subval_bad@3.0: 91.2317 (90.9068)  time: 8.4355  data: 0.1804  max mem: 15488
[15:41:18.618525] Epoch: [2] Total time: 0:00:50 (8.4413 s / it)
[15:41:41.213634] Epoch: [2]  [ 0/15]  eta: 0:05:38  loss_tiled: 6.3037 (6.3037)  loss: 5.7025 (5.7025)  BoosterDataset_subval_balanced_avgerr: 54.2200 (54.2200)  BoosterDataset_subval_balanced_rmse: 69.9156 (69.9156)  BoosterDataset_subval_balanced_bad@0.5: 99.2211 (99.2211)  BoosterDataset_subval_balanced_bad@1.0: 98.4462 (98.4462)  BoosterDataset_subval_balanced_bad@2.0: 96.8776 (96.8776)  BoosterDataset_subval_balanced_bad@3.0: 95.3740 (95.3740)  time: 22.5943  data: 2.0003  max mem: 15488
[15:46:25.198249] Epoch: [2]  [14/15]  eta: 0:00:20  loss_tiled: 7.3677 (7.9611)  loss: 6.9011 (7.4270)  BoosterDataset_subval_balanced_avgerr: 77.6208 (88.7286)  BoosterDataset_subval_balanced_rmse: 94.4765 (108.3581)  BoosterDataset_subval_balanced_bad@0.5: 99.6207 (99.5207)  BoosterDataset_subval_balanced_bad@1.0: 99.2450 (99.0400)  BoosterDataset_subval_balanced_bad@2.0: 98.5424 (98.1019)  BoosterDataset_subval_balanced_bad@3.0: 97.8578 (97.1728)  time: 20.4385  data: 0.1334  max mem: 15488
[15:46:25.238617] Epoch: [2] Total time: 0:05:06 (20.4413 s / it)
[15:46:28.168172] Epoch: [2]  [ 0/20]  eta: 0:00:58  loss_tiled: 4.2051 (4.2051)  loss: 3.5369 (3.5369)  Md21Dataset_subval_avgerr: 13.4407 (13.4407)  Md21Dataset_subval_rmse: 17.5200 (17.5200)  Md21Dataset_subval_bad@0.5: 97.5335 (97.5335)  Md21Dataset_subval_bad@1.0: 95.2108 (95.2108)  Md21Dataset_subval_bad@2.0: 90.3518 (90.3518)  Md21Dataset_subval_bad@3.0: 85.4694 (85.4694)  time: 2.9288  data: 0.5383  max mem: 15488
[15:47:12.735340] Epoch: [2]  [19/20]  eta: 0:00:02  loss_tiled: 3.7040 (3.7135)  loss: 3.6063 (3.5984)  Md21Dataset_subval_avgerr: 13.9045 (13.9343)  Md21Dataset_subval_rmse: 18.9144 (18.7341)  Md21Dataset_subval_bad@0.5: 96.7504 (96.8229)  Md21Dataset_subval_bad@1.0: 93.3965 (93.6854)  Md21Dataset_subval_bad@2.0: 86.5751 (87.5645)  Md21Dataset_subval_bad@3.0: 80.7037 (81.7511)  time: 2.3748  data: 0.0270  max mem: 15488
[15:47:12.782476] Epoch: [2] Total time: 0:00:47 (2.3772 s / it)
[15:47:12.793313] Averaged stats: {'loss_tiled': 3.713478374481201, 'loss': 3.5984027981758118, 'ETH3DLowResDataset_subval_avgerr': 3.7906693617502847, 'ETH3DLowResDataset_subval_rmse': 4.367383321126302, 'ETH3DLowResDataset_subval_bad@0.5': 95.94072977701823, 'ETH3DLowResDataset_subval_bad@1.0': 89.64940134684245, 'ETH3DLowResDataset_subval_bad@2.0': 71.77212015787761, 'ETH3DLowResDataset_subval_bad@3.0': 50.02656173706055, 'Md14Dataset_subval_avgerr': 22.286007563273113, 'Md14Dataset_subval_rmse': 29.73302968343099, 'Md14Dataset_subval_bad@0.5': 98.46960576375325, 'Md14Dataset_subval_bad@1.0': 96.92471440633138, 'Md14Dataset_subval_bad@2.0': 93.92124811808269, 'Md14Dataset_subval_bad@3.0': 90.90676879882812, 'BoosterDataset_subval_balanced_avgerr': 88.72859497070313, 'BoosterDataset_subval_balanced_rmse': 108.35812149047851, 'BoosterDataset_subval_balanced_bad@0.5': 99.52066497802734, 'BoosterDataset_subval_balanced_bad@1.0': 99.04004109700521, 'BoosterDataset_subval_balanced_bad@2.0': 98.1018783569336, 'BoosterDataset_subval_balanced_bad@3.0': 97.1727788289388, 'Md21Dataset_subval_avgerr': 13.934311246871948, 'Md21Dataset_subval_rmse': 18.734053516387938, 'Md21Dataset_subval_bad@0.5': 96.82289428710938, 'Md21Dataset_subval_bad@1.0': 93.68543815612793, 'Md21Dataset_subval_bad@2.0': 87.56445198059082, 'Md21Dataset_subval_bad@3.0': 81.75108070373535, 'AVG_avgerr': 32.184895785649616, 'AVG_rmse': 40.298147002855934, 'AVG_bad@0.5': 97.68847370147705, 'AVG_bad@1.0': 94.82489875157674, 'AVG_bad@2.0': 87.83992465337118, 'AVG_bad@3.0': 79.96429751714071}
[15:47:12.797139] >> Saving model to checkpoints/gator_ft_2870882/checkpoint-best.pth ...
[15:47:13.219943] >> Saving model to checkpoints/gator_ft_2870882/checkpoint-last.pth ...
[15:47:13.655198] log_dir: ./checkpoints/gator_ft_2870882
[15:47:18.922086] Epoch: [3]  [   0/1630]  eta: 2:23:03  lr: 0.000030  loss: 4.0272 (4.0272)  avgerr: 22.7454 (22.7454)  rmse: 28.1598 (28.1598)  bad@0.5: 98.0290 (98.0290)  bad@1.0: 96.0601 (96.0601)  bad@2.0: 91.7032 (91.7032)  bad@3.0: 87.1665 (87.1665)  time: 5.2659  data: 4.7997  max mem: 15488
[15:47:29.063938] Epoch: [3]  [  20/1630]  eta: 0:19:41  lr: 0.000030  loss: 3.8790 (3.9974)  avgerr: 19.0396 (22.1166)  rmse: 23.9383 (27.5480)  bad@0.5: 96.9608 (97.0935)  bad@1.0: 94.0652 (94.2025)  bad@2.0: 88.7044 (88.5356)  bad@3.0: 83.5198 (83.1284)  time: 0.5070  data: 0.0282  max mem: 15488
[15:47:39.168457] Epoch: [3]  [  40/1630]  eta: 0:16:29  lr: 0.000030  loss: 3.8871 (4.0438)  avgerr: 20.8515 (22.6502)  rmse: 25.9787 (28.1063)  bad@0.5: 97.1518 (97.2521)  bad@1.0: 94.4811 (94.5188)  bad@2.0: 89.3028 (89.1188)  bad@3.0: 84.1259 (83.8896)  time: 0.5051  data: 0.0279  max mem: 15488
[15:47:49.798939] Epoch: [3]  [  60/1630]  eta: 0:15:30  lr: 0.000030  loss: 4.0532 (4.0413)  avgerr: 23.2033 (22.7320)  rmse: 27.6892 (28.0616)  bad@0.5: 97.0064 (97.1340)  bad@1.0: 94.0575 (94.2969)  bad@2.0: 88.3696 (88.7315)  bad@3.0: 82.8932 (83.3963)  time: 0.5314  data: 0.0508  max mem: 15488
[15:47:59.689980] Epoch: [3]  [  80/1630]  eta: 0:14:40  lr: 0.000030  loss: 4.0427 (4.0936)  avgerr: 21.7945 (23.4646)  rmse: 27.9242 (28.9176)  bad@0.5: 97.5597 (97.2361)  bad@1.0: 95.0659 (94.4910)  bad@2.0: 89.9676 (89.0905)  bad@3.0: 85.1607 (83.8629)  time: 0.4945  data: 0.0206  max mem: 15488
[15:48:09.567870] Epoch: [3]  [ 100/1630]  eta: 0:14:06  lr: 0.000030  loss: 4.0861 (4.1002)  avgerr: 21.9451 (23.4459)  rmse: 26.3237 (28.7978)  bad@0.5: 97.5173 (97.2966)  bad@1.0: 94.9979 (94.6130)  bad@2.0: 89.8755 (89.3274)  bad@3.0: 85.1391 (84.1899)  time: 0.4938  data: 0.0188  max mem: 15488
[15:48:19.259358] Epoch: [3]  [ 120/1630]  eta: 0:13:38  lr: 0.000030  loss: 4.0093 (4.0910)  avgerr: 20.5032 (23.2179)  rmse: 26.9787 (28.5956)  bad@0.5: 97.3009 (97.3026)  bad@1.0: 94.6979 (94.6371)  bad@2.0: 89.6431 (89.3785)  bad@3.0: 84.7864 (84.3039)  time: 0.4845  data: 0.0007  max mem: 15488
[15:48:29.104431] Epoch: [3]  [ 140/1630]  eta: 0:13:17  lr: 0.000030  loss: 3.9906 (4.0633)  avgerr: 20.9257 (22.7115)  rmse: 25.1163 (28.0316)  bad@0.5: 97.0915 (97.2624)  bad@1.0: 94.3101 (94.5537)  bad@2.0: 88.6125 (89.2130)  bad@3.0: 82.7382 (84.0621)  time: 0.4922  data: 0.0187  max mem: 15488
[15:48:39.172252] Epoch: [3]  [ 160/1630]  eta: 0:13:00  lr: 0.000030  loss: 3.8804 (4.0492)  avgerr: 18.1801 (22.4668)  rmse: 24.3311 (27.7732)  bad@0.5: 97.2997 (97.2450)  bad@1.0: 94.6562 (94.5206)  bad@2.0: 89.4460 (89.1472)  bad@3.0: 83.6422 (83.9466)  time: 0.5033  data: 0.0297  max mem: 15488
[15:48:48.989469] Epoch: [3]  [ 180/1630]  eta: 0:12:43  lr: 0.000030  loss: 4.0656 (4.0531)  avgerr: 22.2342 (22.5875)  rmse: 26.5328 (27.9522)  bad@0.5: 97.4914 (97.2703)  bad@1.0: 95.0682 (94.5651)  bad@2.0: 90.1000 (89.2194)  bad@3.0: 85.2503 (84.0482)  time: 0.4908  data: 0.0031  max mem: 15488
[15:48:58.603295] Epoch: [3]  [ 200/1630]  eta: 0:12:26  lr: 0.000030  loss: 3.8396 (4.0392)  avgerr: 18.5371 (22.3707)  rmse: 23.1540 (27.7276)  bad@0.5: 97.3144 (97.2618)  bad@1.0: 94.6081 (94.5506)  bad@2.0: 89.3055 (89.2016)  bad@3.0: 84.0957 (84.0304)  time: 0.4806  data: 0.0005  max mem: 15488
[15:49:08.233108] Epoch: [3]  [ 220/1630]  eta: 0:12:10  lr: 0.000030  loss: 4.0409 (4.0467)  avgerr: 21.8420 (22.4983)  rmse: 26.9743 (27.8368)  bad@0.5: 97.5838 (97.2810)  bad@1.0: 95.1997 (94.5841)  bad@2.0: 90.6060 (89.2697)  bad@3.0: 85.8682 (84.1410)  time: 0.4814  data: 0.0007  max mem: 15488
[15:49:17.809085] Epoch: [3]  [ 240/1630]  eta: 0:11:55  lr: 0.000030  loss: 3.9728 (4.0479)  avgerr: 20.7649 (22.5127)  rmse: 25.2942 (27.8610)  bad@0.5: 97.7200 (97.3072)  bad@1.0: 95.4655 (94.6338)  bad@2.0: 90.8740 (89.3613)  bad@3.0: 86.6370 (84.2634)  time: 0.4787  data: 0.0007  max mem: 15488
[15:49:27.271446] Epoch: [3]  [ 260/1630]  eta: 0:11:41  lr: 0.000030  loss: 3.7914 (4.0378)  avgerr: 18.2795 (22.3293)  rmse: 23.6779 (27.6328)  bad@0.5: 96.9286 (97.2983)  bad@1.0: 93.8857 (94.6170)  bad@2.0: 88.0548 (89.3368)  bad@3.0: 82.5820 (84.2437)  time: 0.4730  data: 0.0002  max mem: 15488
[15:49:36.915826] Epoch: [3]  [ 280/1630]  eta: 0:11:28  lr: 0.000030  loss: 4.0206 (4.0368)  avgerr: 20.7487 (22.2937)  rmse: 25.6013 (27.5690)  bad@0.5: 97.7524 (97.3191)  bad@1.0: 95.4724 (94.6603)  bad@2.0: 90.5755 (89.4252)  bad@3.0: 85.3017 (84.3711)  time: 0.4822  data: 0.0011  max mem: 15488
[15:49:46.559852] Epoch: [3]  [ 300/1630]  eta: 0:11:15  lr: 0.000030  loss: 3.8239 (4.0302)  avgerr: 18.2682 (22.2090)  rmse: 24.9822 (27.4838)  bad@0.5: 97.1612 (97.3027)  bad@1.0: 94.1845 (94.6249)  bad@2.0: 88.1689 (89.3564)  bad@3.0: 82.6890 (84.2625)  time: 0.4821  data: 0.0003  max mem: 15488
[15:49:56.181106] Epoch: [3]  [ 320/1630]  eta: 0:11:03  lr: 0.000030  loss: 3.9913 (4.0260)  avgerr: 19.5942 (22.1358)  rmse: 24.0254 (27.4185)  bad@0.5: 97.0802 (97.2941)  bad@1.0: 94.2168 (94.6060)  bad@2.0: 88.4521 (89.3208)  bad@3.0: 83.0366 (84.2122)  time: 0.4810  data: 0.0010  max mem: 15488
[15:50:05.742872] Epoch: [3]  [ 340/1630]  eta: 0:10:50  lr: 0.000030  loss: 3.9150 (4.0239)  avgerr: 19.4661 (22.0709)  rmse: 23.9629 (27.3300)  bad@0.5: 97.1966 (97.2802)  bad@1.0: 94.4708 (94.5805)  bad@2.0: 89.3810 (89.2793)  bad@3.0: 84.6771 (84.1600)  time: 0.4780  data: 0.0014  max mem: 15488
[15:50:15.189815] Epoch: [3]  [ 360/1630]  eta: 0:10:38  lr: 0.000030  loss: 4.0497 (4.0281)  avgerr: 22.2536 (22.1467)  rmse: 28.8965 (27.4495)  bad@0.5: 97.2449 (97.2765)  bad@1.0: 94.5130 (94.5745)  bad@2.0: 89.0665 (89.2706)  bad@3.0: 83.9180 (84.1501)  time: 0.4723  data: 0.0002  max mem: 15488
[15:50:24.776854] Epoch: [3]  [ 380/1630]  eta: 0:10:26  lr: 0.000030  loss: 3.8415 (4.0209)  avgerr: 18.3134 (22.0142)  rmse: 23.9962 (27.3154)  bad@0.5: 97.2561 (97.2735)  bad@1.0: 94.5662 (94.5674)  bad@2.0: 89.2891 (89.2560)  bad@3.0: 84.2044 (84.1261)  time: 0.4793  data: 0.0015  max mem: 15488
[15:50:34.324814] Epoch: [3]  [ 400/1630]  eta: 0:10:15  lr: 0.000030  loss: 3.8399 (4.0172)  avgerr: 17.9444 (21.9706)  rmse: 22.8964 (27.2656)  bad@0.5: 97.1534 (97.2682)  bad@1.0: 94.4108 (94.5545)  bad@2.0: 88.9850 (89.2241)  bad@3.0: 83.7016 (84.0757)  time: 0.4773  data: 0.0002  max mem: 15488
[15:50:43.899716] Epoch: [3]  [ 420/1630]  eta: 0:10:04  lr: 0.000030  loss: 3.7390 (4.0137)  avgerr: 17.2150 (21.9255)  rmse: 21.4333 (27.2041)  bad@0.5: 96.9086 (97.2445)  bad@1.0: 93.9246 (94.5098)  bad@2.0: 87.8452 (89.1406)  bad@3.0: 81.3410 (83.9551)  time: 0.4787  data: 0.0018  max mem: 15488
[15:50:53.631178] Epoch: [3]  [ 440/1630]  eta: 0:09:53  lr: 0.000030  loss: 3.8059 (4.0121)  avgerr: 17.5194 (21.8908)  rmse: 23.1979 (27.1811)  bad@0.5: 97.2426 (97.2398)  bad@1.0: 94.4458 (94.4997)  bad@2.0: 88.9498 (89.1186)  bad@3.0: 83.4447 (83.9204)  time: 0.4865  data: 0.0012  max mem: 15488
[15:51:03.103216] Epoch: [3]  [ 460/1630]  eta: 0:09:42  lr: 0.000030  loss: 3.8941 (4.0120)  avgerr: 18.8501 (21.8992)  rmse: 24.4960 (27.2143)  bad@0.5: 97.5253 (97.2484)  bad@1.0: 95.0278 (94.5149)  bad@2.0: 89.8845 (89.1443)  bad@3.0: 85.0061 (83.9501)  time: 0.4735  data: 0.0007  max mem: 15488
[15:51:12.579412] Epoch: [3]  [ 480/1630]  eta: 0:09:31  lr: 0.000030  loss: 3.8717 (4.0077)  avgerr: 19.6023 (21.8272)  rmse: 24.2947 (27.1422)  bad@0.5: 97.0733 (97.2486)  bad@1.0: 94.1993 (94.5144)  bad@2.0: 88.4214 (89.1388)  bad@3.0: 82.9800 (83.9349)  time: 0.4737  data: 0.0004  max mem: 15488
[15:51:22.176489] Epoch: [3]  [ 500/1630]  eta: 0:09:20  lr: 0.000030  loss: 4.0609 (4.0070)  avgerr: 22.4317 (21.8254)  rmse: 28.4270 (27.1564)  bad@0.5: 97.2355 (97.2417)  bad@1.0: 94.4226 (94.5013)  bad@2.0: 88.6512 (89.1137)  bad@3.0: 83.3360 (83.9022)  time: 0.4798  data: 0.0011  max mem: 15488
[15:51:31.688251] Epoch: [3]  [ 520/1630]  eta: 0:09:09  lr: 0.000030  loss: 3.8018 (4.0052)  avgerr: 18.3616 (21.7983)  rmse: 22.8816 (27.1221)  bad@0.5: 97.1674 (97.2426)  bad@1.0: 94.5183 (94.5045)  bad@2.0: 89.3787 (89.1237)  bad@3.0: 84.3545 (83.9193)  time: 0.4755  data: 0.0007  max mem: 15488
[15:51:41.475892] Epoch: [3]  [ 540/1630]  eta: 0:08:59  lr: 0.000030  loss: 3.7831 (4.0123)  avgerr: 18.0872 (21.9622)  rmse: 24.1072 (27.3332)  bad@0.5: 96.9074 (97.2288)  bad@1.0: 93.7706 (94.4776)  bad@2.0: 87.6034 (89.0792)  bad@3.0: 81.5133 (83.8646)  time: 0.4893  data: 0.0011  max mem: 15488
[15:51:51.188622] Epoch: [3]  [ 560/1630]  eta: 0:08:49  lr: 0.000030  loss: 3.8551 (4.0082)  avgerr: 20.3279 (21.9058)  rmse: 24.3572 (27.2807)  bad@0.5: 97.4242 (97.2229)  bad@1.0: 94.9528 (94.4693)  bad@2.0: 90.1091 (89.0717)  bad@3.0: 85.2049 (83.8604)  time: 0.4856  data: 0.0010  max mem: 15488
[15:52:00.685016] Epoch: [3]  [ 580/1630]  eta: 0:08:38  lr: 0.000030  loss: 3.9051 (4.0053)  avgerr: 20.2300 (21.8597)  rmse: 25.6822 (27.2368)  bad@0.5: 97.3430 (97.2234)  bad@1.0: 94.7468 (94.4697)  bad@2.0: 89.5666 (89.0689)  bad@3.0: 84.5339 (83.8607)  time: 0.4743  data: 0.0008  max mem: 15488
[15:52:10.395869] Epoch: [3]  [ 600/1630]  eta: 0:08:28  lr: 0.000030  loss: 3.8969 (4.0039)  avgerr: 20.1377 (21.8410)  rmse: 26.0116 (27.2386)  bad@0.5: 97.3365 (97.2254)  bad@1.0: 94.4753 (94.4722)  bad@2.0: 88.4911 (89.0730)  bad@3.0: 83.3539 (83.8662)  time: 0.4854  data: 0.0007  max mem: 15488
[15:52:20.258521] Epoch: [3]  [ 620/1630]  eta: 0:08:18  lr: 0.000030  loss: 3.7941 (3.9989)  avgerr: 18.0104 (21.7736)  rmse: 23.0405 (27.1640)  bad@0.5: 97.0396 (97.2099)  bad@1.0: 94.0203 (94.4421)  bad@2.0: 87.6920 (89.0182)  bad@3.0: 81.6885 (83.7932)  time: 0.4931  data: 0.0006  max mem: 15488
[15:52:29.880668] Epoch: [3]  [ 640/1630]  eta: 0:08:08  lr: 0.000030  loss: 4.0183 (3.9980)  avgerr: 22.2498 (21.7488)  rmse: 26.7331 (27.1365)  bad@0.5: 97.3064 (97.2129)  bad@1.0: 94.7572 (94.4469)  bad@2.0: 89.7843 (89.0295)  bad@3.0: 84.7153 (83.8124)  time: 0.4810  data: 0.0009  max mem: 15488
[15:52:39.656575] Epoch: [3]  [ 660/1630]  eta: 0:07:58  lr: 0.000030  loss: 3.9026 (3.9992)  avgerr: 19.8603 (21.7662)  rmse: 23.8193 (27.1307)  bad@0.5: 97.5892 (97.2223)  bad@1.0: 95.1867 (94.4654)  bad@2.0: 90.1248 (89.0627)  bad@3.0: 85.1950 (83.8544)  time: 0.4887  data: 0.0011  max mem: 15488
[15:52:49.284379] Epoch: [3]  [ 680/1630]  eta: 0:07:48  lr: 0.000030  loss: 4.0340 (4.0038)  avgerr: 21.5226 (21.8444)  rmse: 26.1371 (27.2214)  bad@0.5: 97.5572 (97.2283)  bad@1.0: 95.0990 (94.4776)  bad@2.0: 90.4352 (89.0880)  bad@3.0: 85.6748 (83.8895)  time: 0.4813  data: 0.0009  max mem: 15488
[15:52:58.876574] Epoch: [3]  [ 700/1630]  eta: 0:07:37  lr: 0.000030  loss: 3.9303 (4.0028)  avgerr: 20.2239 (21.8309)  rmse: 26.2231 (27.1976)  bad@0.5: 97.0294 (97.2207)  bad@1.0: 94.1835 (94.4635)  bad@2.0: 88.4108 (89.0637)  bad@3.0: 82.5677 (83.8565)  time: 0.4795  data: 0.0019  max mem: 15488
[15:53:08.491878] Epoch: [3]  [ 720/1630]  eta: 0:07:27  lr: 0.000030  loss: 4.0022 (4.0034)  avgerr: 21.9240 (21.8314)  rmse: 26.9897 (27.1940)  bad@0.5: 97.2327 (97.2219)  bad@1.0: 94.4323 (94.4663)  bad@2.0: 89.1292 (89.0704)  bad@3.0: 84.3383 (83.8651)  time: 0.4807  data: 0.0008  max mem: 15488
[15:53:18.013005] Epoch: [3]  [ 740/1630]  eta: 0:07:17  lr: 0.000030  loss: 3.8126 (4.0018)  avgerr: 19.0149 (21.8060)  rmse: 23.7405 (27.1593)  bad@0.5: 97.0434 (97.2196)  bad@1.0: 93.9636 (94.4614)  bad@2.0: 88.2046 (89.0611)  bad@3.0: 82.8250 (83.8521)  time: 0.4760  data: 0.0002  max mem: 15488
[15:53:27.512764] Epoch: [3]  [ 760/1630]  eta: 0:07:07  lr: 0.000030  loss: 3.8671 (4.0002)  avgerr: 20.0624 (21.7658)  rmse: 24.9483 (27.0983)  bad@0.5: 97.5567 (97.2247)  bad@1.0: 95.0007 (94.4707)  bad@2.0: 90.0479 (89.0752)  bad@3.0: 85.0821 (83.8709)  time: 0.4749  data: 0.0006  max mem: 15488
[15:53:36.995886] Epoch: [3]  [ 780/1630]  eta: 0:06:57  lr: 0.000030  loss: 3.8914 (3.9975)  avgerr: 18.5017 (21.7198)  rmse: 24.0087 (27.0482)  bad@0.5: 96.9835 (97.2201)  bad@1.0: 93.9814 (94.4618)  bad@2.0: 87.9365 (89.0551)  bad@3.0: 81.8208 (83.8388)  time: 0.4741  data: 0.0003  max mem: 15488
[15:53:46.720269] Epoch: [3]  [ 800/1630]  eta: 0:06:47  lr: 0.000030  loss: 3.9007 (3.9973)  avgerr: 19.5823 (21.7231)  rmse: 23.7766 (27.0403)  bad@0.5: 97.0529 (97.2152)  bad@1.0: 94.2512 (94.4523)  bad@2.0: 88.6701 (89.0364)  bad@3.0: 82.9186 (83.8124)  time: 0.4861  data: 0.0007  max mem: 15488
[15:53:56.438376] Epoch: [3]  [ 820/1630]  eta: 0:06:37  lr: 0.000030  loss: 3.9298 (3.9982)  avgerr: 20.4723 (21.7448)  rmse: 26.0348 (27.0698)  bad@0.5: 96.9678 (97.2067)  bad@1.0: 94.1151 (94.4361)  bad@2.0: 88.0578 (89.0054)  bad@3.0: 82.2624 (83.7647)  time: 0.4858  data: 0.0010  max mem: 15488
[15:54:06.006865] Epoch: [3]  [ 840/1630]  eta: 0:06:27  lr: 0.000030  loss: 3.7753 (3.9952)  avgerr: 18.2354 (21.6909)  rmse: 23.4646 (27.0138)  bad@0.5: 97.2852 (97.2067)  bad@1.0: 94.5213 (94.4353)  bad@2.0: 88.9414 (89.0024)  bad@3.0: 83.5819 (83.7592)  time: 0.4783  data: 0.0020  max mem: 15488
[15:54:15.614278] Epoch: [3]  [ 860/1630]  eta: 0:06:17  lr: 0.000030  loss: 3.7679 (3.9904)  avgerr: 16.3450 (21.5961)  rmse: 20.4918 (26.8966)  bad@0.5: 97.0449 (97.2007)  bad@1.0: 94.1430 (94.4235)  bad@2.0: 88.2778 (88.9801)  bad@3.0: 82.2752 (83.7236)  time: 0.4803  data: 0.0012  max mem: 15488
[15:54:25.380390] Epoch: [3]  [ 880/1630]  eta: 0:06:07  lr: 0.000030  loss: 3.9738 (3.9904)  avgerr: 19.8244 (21.6012)  rmse: 25.9015 (26.9174)  bad@0.5: 97.3072 (97.2050)  bad@1.0: 94.6900 (94.4312)  bad@2.0: 89.4329 (88.9920)  bad@3.0: 84.1574 (83.7380)  time: 0.4882  data: 0.0009  max mem: 15488
[15:54:34.946317] Epoch: [3]  [ 900/1630]  eta: 0:05:57  lr: 0.000030  loss: 3.9202 (3.9919)  avgerr: 21.3602 (21.6329)  rmse: 26.9621 (26.9433)  bad@0.5: 97.0474 (97.2024)  bad@1.0: 94.0865 (94.4262)  bad@2.0: 88.4427 (88.9842)  bad@3.0: 82.8521 (83.7298)  time: 0.4782  data: 0.0021  max mem: 15488
[15:54:44.406539] Epoch: [3]  [ 920/1630]  eta: 0:05:47  lr: 0.000029  loss: 3.9073 (3.9908)  avgerr: 20.4139 (21.6135)  rmse: 25.6463 (26.9152)  bad@0.5: 97.0903 (97.1997)  bad@1.0: 94.2591 (94.4208)  bad@2.0: 88.7844 (88.9715)  bad@3.0: 83.0984 (83.7069)  time: 0.4729  data: 0.0008  max mem: 15488
[15:54:53.951252] Epoch: [3]  [ 940/1630]  eta: 0:05:37  lr: 0.000029  loss: 3.9027 (3.9912)  avgerr: 21.4083 (21.6313)  rmse: 25.7677 (26.9400)  bad@0.5: 97.3340 (97.2006)  bad@1.0: 94.6547 (94.4224)  bad@2.0: 88.9741 (88.9723)  bad@3.0: 83.2729 (83.7068)  time: 0.4772  data: 0.0002  max mem: 15488
[15:55:03.573895] Epoch: [3]  [ 960/1630]  eta: 0:05:27  lr: 0.000029  loss: 3.8164 (3.9879)  avgerr: 17.9782 (21.5692)  rmse: 23.5152 (26.8748)  bad@0.5: 97.3464 (97.2000)  bad@1.0: 94.6779 (94.4214)  bad@2.0: 89.0306 (88.9682)  bad@3.0: 83.7993 (83.6958)  time: 0.4811  data: 0.0021  max mem: 15488
[15:55:13.350415] Epoch: [3]  [ 980/1630]  eta: 0:05:17  lr: 0.000029  loss: 3.9704 (3.9885)  avgerr: 21.1550 (21.5850)  rmse: 26.8520 (26.8966)  bad@0.5: 97.0052 (97.1941)  bad@1.0: 94.0426 (94.4102)  bad@2.0: 88.6145 (88.9489)  bad@3.0: 83.2651 (83.6732)  time: 0.4888  data: 0.0024  max mem: 15488
[15:55:23.185337] Epoch: [3]  [1000/1630]  eta: 0:05:08  lr: 0.000029  loss: 4.0672 (3.9910)  avgerr: 22.0873 (21.6319)  rmse: 28.6502 (26.9692)  bad@0.5: 97.6117 (97.1976)  bad@1.0: 95.2418 (94.4177)  bad@2.0: 90.6000 (88.9660)  bad@3.0: 86.1806 (83.6999)  time: 0.4917  data: 0.0031  max mem: 15488
[15:55:33.007303] Epoch: [3]  [1020/1630]  eta: 0:04:58  lr: 0.000029  loss: 4.0004 (3.9929)  avgerr: 21.1866 (21.6630)  rmse: 23.9465 (26.9928)  bad@0.5: 97.2871 (97.1967)  bad@1.0: 94.6640 (94.4168)  bad@2.0: 89.3454 (88.9664)  bad@3.0: 83.7334 (83.7021)  time: 0.4910  data: 0.0117  max mem: 15488
[15:55:42.896953] Epoch: [3]  [1040/1630]  eta: 0:04:48  lr: 0.000029  loss: 3.7437 (3.9902)  avgerr: 16.7334 (21.6082)  rmse: 21.3891 (26.9249)  bad@0.5: 97.2320 (97.1940)  bad@1.0: 94.4260 (94.4117)  bad@2.0: 89.0203 (88.9566)  bad@3.0: 83.3534 (83.6883)  time: 0.4944  data: 0.0165  max mem: 15488
[15:55:52.498408] Epoch: [3]  [1060/1630]  eta: 0:04:38  lr: 0.000029  loss: 3.7673 (3.9866)  avgerr: 17.0550 (21.5446)  rmse: 21.5642 (26.8506)  bad@0.5: 96.3366 (97.1834)  bad@1.0: 92.5880 (94.3909)  bad@2.0: 85.4933 (88.9195)  bad@3.0: 79.3268 (83.6389)  time: 0.4800  data: 0.0002  max mem: 15488
[15:56:02.177554] Epoch: [3]  [1080/1630]  eta: 0:04:28  lr: 0.000029  loss: 3.9005 (3.9860)  avgerr: 19.6210 (21.5279)  rmse: 24.5315 (26.8280)  bad@0.5: 97.4481 (97.1837)  bad@1.0: 95.0324 (94.3913)  bad@2.0: 90.1622 (88.9218)  bad@3.0: 85.2139 (83.6453)  time: 0.4839  data: 0.0009  max mem: 15488
[15:56:11.856695] Epoch: [3]  [1100/1630]  eta: 0:04:19  lr: 0.000029  loss: 3.8156 (3.9850)  avgerr: 18.6846 (21.5117)  rmse: 22.7133 (26.8105)  bad@0.5: 97.3219 (97.1805)  bad@1.0: 94.3481 (94.3834)  bad@2.0: 87.9350 (88.9029)  bad@3.0: 82.0936 (83.6185)  time: 0.4839  data: 0.0011  max mem: 15488
[15:56:21.613281] Epoch: [3]  [1120/1630]  eta: 0:04:09  lr: 0.000029  loss: 3.9447 (3.9869)  avgerr: 21.0853 (21.5476)  rmse: 26.2224 (26.8476)  bad@0.5: 97.1477 (97.1805)  bad@1.0: 94.2213 (94.3833)  bad@2.0: 88.5014 (88.9011)  bad@3.0: 83.1944 (83.6150)  time: 0.4877  data: 0.0015  max mem: 15488
[15:56:31.145110] Epoch: [3]  [1140/1630]  eta: 0:03:59  lr: 0.000029  loss: 3.8602 (3.9867)  avgerr: 18.4149 (21.5448)  rmse: 23.7636 (26.8498)  bad@0.5: 97.0589 (97.1805)  bad@1.0: 94.1956 (94.3835)  bad@2.0: 88.6198 (88.9000)  bad@3.0: 82.9039 (83.6118)  time: 0.4765  data: 0.0002  max mem: 15488
[15:56:40.656820] Epoch: [3]  [1160/1630]  eta: 0:03:49  lr: 0.000029  loss: 3.8706 (3.9856)  avgerr: 19.1174 (21.5240)  rmse: 25.6049 (26.8286)  bad@0.5: 97.1620 (97.1801)  bad@1.0: 94.3983 (94.3834)  bad@2.0: 88.8657 (88.8982)  bad@3.0: 83.0389 (83.6059)  time: 0.4755  data: 0.0007  max mem: 15488
[15:56:50.319436] Epoch: [3]  [1180/1630]  eta: 0:03:39  lr: 0.000029  loss: 3.8945 (3.9849)  avgerr: 19.1370 (21.5279)  rmse: 25.5578 (26.8277)  bad@0.5: 96.9178 (97.1753)  bad@1.0: 93.7514 (94.3730)  bad@2.0: 87.4470 (88.8758)  bad@3.0: 81.3193 (83.5703)  time: 0.4825  data: 0.0010  max mem: 15488
[15:56:59.917503] Epoch: [3]  [1200/1630]  eta: 0:03:29  lr: 0.000029  loss: 3.8757 (3.9850)  avgerr: 19.8555 (21.5248)  rmse: 25.2035 (26.8228)  bad@0.5: 97.0442 (97.1749)  bad@1.0: 93.8522 (94.3716)  bad@2.0: 88.2211 (88.8759)  bad@3.0: 83.9956 (83.5757)  time: 0.4798  data: 0.0002  max mem: 15488
[15:57:09.454582] Epoch: [3]  [1220/1630]  eta: 0:03:20  lr: 0.000029  loss: 3.8939 (3.9846)  avgerr: 19.1878 (21.5110)  rmse: 25.4047 (26.8022)  bad@0.5: 97.1739 (97.1724)  bad@1.0: 94.3674 (94.3674)  bad@2.0: 88.3588 (88.8677)  bad@3.0: 81.8985 (83.5612)  time: 0.4768  data: 0.0013  max mem: 15488
[15:57:19.059309] Epoch: [3]  [1240/1630]  eta: 0:03:10  lr: 0.000029  loss: 3.8197 (3.9836)  avgerr: 18.5872 (21.4981)  rmse: 22.9048 (26.7802)  bad@0.5: 97.0542 (97.1694)  bad@1.0: 94.1696 (94.3616)  bad@2.0: 88.4135 (88.8558)  bad@3.0: 82.1821 (83.5438)  time: 0.4802  data: 0.0015  max mem: 15488
[15:57:28.535537] Epoch: [3]  [1260/1630]  eta: 0:03:00  lr: 0.000029  loss: 4.0061 (3.9837)  avgerr: 21.7458 (21.5019)  rmse: 26.0196 (26.7751)  bad@0.5: 97.3600 (97.1724)  bad@1.0: 94.6525 (94.3675)  bad@2.0: 88.9027 (88.8662)  bad@3.0: 83.6658 (83.5582)  time: 0.4737  data: 0.0011  max mem: 15488
[15:57:38.111998] Epoch: [3]  [1280/1630]  eta: 0:02:50  lr: 0.000029  loss: 3.8708 (3.9837)  avgerr: 19.4690 (21.5085)  rmse: 24.8636 (26.7754)  bad@0.5: 97.0497 (97.1714)  bad@1.0: 94.1448 (94.3655)  bad@2.0: 88.5177 (88.8612)  bad@3.0: 82.8485 (83.5506)  time: 0.4788  data: 0.0008  max mem: 15488
[15:57:47.777824] Epoch: [3]  [1300/1630]  eta: 0:02:40  lr: 0.000029  loss: 3.8647 (3.9843)  avgerr: 17.6611 (21.5155)  rmse: 24.1545 (26.7847)  bad@0.5: 97.0084 (97.1714)  bad@1.0: 93.8205 (94.3656)  bad@2.0: 88.5821 (88.8618)  bad@3.0: 82.7823 (83.5545)  time: 0.4832  data: 0.0011  max mem: 15488
[15:57:57.374982] Epoch: [3]  [1320/1630]  eta: 0:02:31  lr: 0.000029  loss: 3.8435 (3.9840)  avgerr: 19.0856 (21.5184)  rmse: 24.4780 (26.7976)  bad@0.5: 97.1963 (97.1686)  bad@1.0: 94.3899 (94.3594)  bad@2.0: 88.7176 (88.8510)  bad@3.0: 83.3148 (83.5431)  time: 0.4798  data: 0.0002  max mem: 15488
[15:58:07.065550] Epoch: [3]  [1340/1630]  eta: 0:02:21  lr: 0.000029  loss: 3.8056 (3.9822)  avgerr: 19.4877 (21.4965)  rmse: 24.6160 (26.7761)  bad@0.5: 96.9015 (97.1628)  bad@1.0: 93.8181 (94.3479)  bad@2.0: 87.5424 (88.8307)  bad@3.0: 81.8147 (83.5207)  time: 0.4845  data: 0.0018  max mem: 15488
[15:58:16.696688] Epoch: [3]  [1360/1630]  eta: 0:02:11  lr: 0.000029  loss: 3.7833 (3.9804)  avgerr: 18.0607 (21.4707)  rmse: 23.5693 (26.7472)  bad@0.5: 96.5892 (97.1559)  bad@1.0: 93.2624 (94.3345)  bad@2.0: 86.9732 (88.8079)  bad@3.0: 82.6324 (83.4945)  time: 0.4815  data: 0.0009  max mem: 15488
[15:58:26.382969] Epoch: [3]  [1380/1630]  eta: 0:02:01  lr: 0.000029  loss: 3.7407 (3.9794)  avgerr: 17.7640 (21.4661)  rmse: 21.8110 (26.7389)  bad@0.5: 96.6434 (97.1493)  bad@1.0: 93.6443 (94.3214)  bad@2.0: 87.7468 (88.7836)  bad@3.0: 81.9585 (83.4585)  time: 0.4842  data: 0.0008  max mem: 15488
[15:58:36.247427] Epoch: [3]  [1400/1630]  eta: 0:01:52  lr: 0.000029  loss: 3.8282 (3.9786)  avgerr: 19.8541 (21.4536)  rmse: 26.1924 (26.7310)  bad@0.5: 97.0646 (97.1465)  bad@1.0: 93.8883 (94.3164)  bad@2.0: 88.0170 (88.7749)  bad@3.0: 82.3319 (83.4471)  time: 0.4931  data: 0.0011  max mem: 15488
[15:58:46.436517] Epoch: [3]  [1420/1630]  eta: 0:01:42  lr: 0.000029  loss: 3.7467 (3.9782)  avgerr: 17.1150 (21.4458)  rmse: 24.5792 (26.7290)  bad@0.5: 97.0163 (97.1459)  bad@1.0: 94.0332 (94.3147)  bad@2.0: 88.0251 (88.7701)  bad@3.0: 82.5928 (83.4380)  time: 0.5094  data: 0.0303  max mem: 15488
[15:58:56.075026] Epoch: [3]  [1440/1630]  eta: 0:01:32  lr: 0.000029  loss: 3.9332 (3.9783)  avgerr: 21.0255 (21.4492)  rmse: 25.5982 (26.7304)  bad@0.5: 97.0574 (97.1465)  bad@1.0: 94.1028 (94.3169)  bad@2.0: 88.5452 (88.7762)  bad@3.0: 83.4223 (83.4463)  time: 0.4818  data: 0.0008  max mem: 15488
[15:59:05.710339] Epoch: [3]  [1460/1630]  eta: 0:01:22  lr: 0.000029  loss: 3.7090 (3.9776)  avgerr: 16.9588 (21.4411)  rmse: 21.2784 (26.7150)  bad@0.5: 97.0165 (97.1459)  bad@1.0: 93.9921 (94.3151)  bad@2.0: 88.0413 (88.7700)  bad@3.0: 82.3562 (83.4343)  time: 0.4817  data: 0.0002  max mem: 15488
[15:59:15.248731] Epoch: [3]  [1480/1630]  eta: 0:01:13  lr: 0.000029  loss: 3.8651 (3.9768)  avgerr: 19.9519 (21.4303)  rmse: 24.6742 (26.7009)  bad@0.5: 97.0506 (97.1455)  bad@1.0: 94.1930 (94.3141)  bad@2.0: 88.2432 (88.7678)  bad@3.0: 82.8207 (83.4317)  time: 0.4769  data: 0.0002  max mem: 15488
[15:59:24.780096] Epoch: [3]  [1500/1630]  eta: 0:01:03  lr: 0.000029  loss: 3.8440 (3.9753)  avgerr: 20.2437 (21.4093)  rmse: 24.5694 (26.6763)  bad@0.5: 97.0049 (97.1412)  bad@1.0: 94.0252 (94.3052)  bad@2.0: 88.0129 (88.7528)  bad@3.0: 82.5912 (83.4131)  time: 0.4765  data: 0.0002  max mem: 15488
[15:59:34.410557] Epoch: [3]  [1520/1630]  eta: 0:00:53  lr: 0.000029  loss: 3.9814 (3.9757)  avgerr: 20.0038 (21.4195)  rmse: 25.7689 (26.6909)  bad@0.5: 97.1461 (97.1403)  bad@1.0: 94.3368 (94.3034)  bad@2.0: 88.7697 (88.7485)  bad@3.0: 83.3562 (83.4059)  time: 0.4815  data: 0.0002  max mem: 15488
[15:59:43.986406] Epoch: [3]  [1540/1630]  eta: 0:00:43  lr: 0.000029  loss: 3.7403 (3.9734)  avgerr: 17.9760 (21.3877)  rmse: 22.4690 (26.6638)  bad@0.5: 97.0201 (97.1365)  bad@1.0: 93.9849 (94.2961)  bad@2.0: 87.9025 (88.7353)  bad@3.0: 82.1278 (83.3875)  time: 0.4787  data: 0.0008  max mem: 15488
[15:59:53.519786] Epoch: [3]  [1560/1630]  eta: 0:00:34  lr: 0.000029  loss: 3.8684 (3.9720)  avgerr: 18.4518 (21.3673)  rmse: 23.0478 (26.6371)  bad@0.5: 97.0038 (97.1347)  bad@1.0: 93.9620 (94.2909)  bad@2.0: 87.5077 (88.7219)  bad@3.0: 82.1153 (83.3662)  time: 0.4766  data: 0.0008  max mem: 15488
[16:00:03.139517] Epoch: [3]  [1580/1630]  eta: 0:00:24  lr: 0.000029  loss: 3.8416 (3.9712)  avgerr: 20.2272 (21.3610)  rmse: 25.4322 (26.6340)  bad@0.5: 97.0258 (97.1321)  bad@1.0: 94.2545 (94.2864)  bad@2.0: 88.7830 (88.7141)  bad@3.0: 82.5988 (83.3557)  time: 0.4809  data: 0.0003  max mem: 15488
[16:00:12.713551] Epoch: [3]  [1600/1630]  eta: 0:00:14  lr: 0.000029  loss: 3.8829 (3.9711)  avgerr: 18.8441 (21.3591)  rmse: 23.6567 (26.6335)  bad@0.5: 97.0800 (97.1299)  bad@1.0: 94.4313 (94.2819)  bad@2.0: 89.4193 (88.7088)  bad@3.0: 84.0858 (83.3524)  time: 0.4786  data: 0.0013  max mem: 15488
[16:00:22.268499] Epoch: [3]  [1620/1630]  eta: 0:00:04  lr: 0.000029  loss: 3.8047 (3.9691)  avgerr: 18.0788 (21.3249)  rmse: 22.9786 (26.5982)  bad@0.5: 96.8091 (97.1295)  bad@1.0: 93.6432 (94.2813)  bad@2.0: 87.8938 (88.7071)  bad@3.0: 82.2138 (83.3490)  time: 0.4777  data: 0.0013  max mem: 15488
[16:00:26.465065] Epoch: [3]  [1629/1630]  eta: 0:00:00  lr: 0.000029  loss: 3.8047 (3.9690)  avgerr: 19.6951 (21.3231)  rmse: 22.9786 (26.5973)  bad@0.5: 97.0705 (97.1298)  bad@1.0: 94.1127 (94.2815)  bad@2.0: 88.4631 (88.7067)  bad@3.0: 82.8589 (83.3482)  time: 0.4704  data: 0.0007  max mem: 15488
[16:00:26.510654] Epoch: [3] Total time: 0:13:12 (0.4864 s / it)
[16:00:26.510771] Averaged stats: lr: 0.000029  loss: 3.8047 (3.9690)  avgerr: 19.6951 (21.3231)  rmse: 22.9786 (26.5973)  bad@0.5: 97.0705 (97.1298)  bad@1.0: 94.1127 (94.2815)  bad@2.0: 88.4631 (88.7067)  bad@3.0: 82.8589 (83.3482)
[16:00:26.514823] log_dir: ./checkpoints/gator_ft_2870882
[16:00:26.906889] Epoch: [3]  [0/3]  eta: 0:00:01  loss_tiled: 1.4999 (1.4999)  loss: 1.5416 (1.5416)  ETH3DLowResDataset_subval_avgerr: 1.6011 (1.6011)  ETH3DLowResDataset_subval_rmse: 2.0328 (2.0328)  ETH3DLowResDataset_subval_bad@0.5: 86.9231 (86.9231)  ETH3DLowResDataset_subval_bad@1.0: 65.2835 (65.2835)  ETH3DLowResDataset_subval_bad@2.0: 30.9328 (30.9328)  ETH3DLowResDataset_subval_bad@3.0: 7.6205 (7.6205)  time: 0.3914  data: 0.2156  max mem: 15488
[16:00:27.667709] Epoch: [3]  [2/3]  eta: 0:00:00  loss_tiled: 2.0087 (2.0557)  loss: 2.0587 (2.1129)  ETH3DLowResDataset_subval_avgerr: 2.7125 (3.2813)  ETH3DLowResDataset_subval_rmse: 2.9625 (3.7984)  ETH3DLowResDataset_subval_bad@0.5: 96.2438 (93.6329)  ETH3DLowResDataset_subval_bad@1.0: 90.5043 (83.5372)  ETH3DLowResDataset_subval_bad@2.0: 73.5614 (63.5393)  ETH3DLowResDataset_subval_bad@3.0: 40.6756 (40.7724)  time: 0.3839  data: 0.0719  max mem: 15488
[16:00:27.702434] Epoch: [3] Total time: 0:00:01 (0.3958 s / it)
[16:00:37.365718] Epoch: [3]  [0/6]  eta: 0:00:57  loss_tiled: 4.0159 (4.0159)  loss: 3.7563 (3.7563)  Md14Dataset_subval_avgerr: 16.2836 (16.2836)  Md14Dataset_subval_rmse: 23.8151 (23.8151)  Md14Dataset_subval_bad@0.5: 97.5775 (97.5775)  Md14Dataset_subval_bad@1.0: 95.1708 (95.1708)  Md14Dataset_subval_bad@2.0: 90.0897 (90.0897)  Md14Dataset_subval_bad@3.0: 85.1800 (85.1800)  time: 9.6625  data: 1.1370  max mem: 15488
[16:01:18.456765] Epoch: [3]  [5/6]  eta: 0:00:08  loss_tiled: 4.1873 (4.2895)  loss: 3.9169 (3.9485)  Md14Dataset_subval_avgerr: 18.6013 (19.5235)  Md14Dataset_subval_rmse: 24.8242 (26.7469)  Md14Dataset_subval_bad@0.5: 97.8435 (97.9359)  Md14Dataset_subval_bad@1.0: 95.5775 (95.8458)  Md14Dataset_subval_bad@2.0: 91.2823 (91.6513)  Md14Dataset_subval_bad@3.0: 87.0863 (87.5411)  time: 8.4588  data: 0.1896  max mem: 15488
[16:01:18.506510] Epoch: [3] Total time: 0:00:50 (8.4673 s / it)
[16:01:40.937449] Epoch: [3]  [ 0/15]  eta: 0:05:36  loss_tiled: 5.3675 (5.3675)  loss: 4.5255 (4.5255)  BoosterDataset_subval_balanced_avgerr: 30.6398 (30.6398)  BoosterDataset_subval_balanced_rmse: 39.0076 (39.0076)  BoosterDataset_subval_balanced_bad@0.5: 98.9164 (98.9164)  BoosterDataset_subval_balanced_bad@1.0: 97.8027 (97.8027)  BoosterDataset_subval_balanced_bad@2.0: 95.5661 (95.5661)  BoosterDataset_subval_balanced_bad@3.0: 93.2254 (93.2254)  time: 22.4302  data: 1.7500  max mem: 15488
[16:06:25.864696] Epoch: [3]  [14/15]  eta: 0:00:20  loss_tiled: 5.8594 (6.1824)  loss: 4.9255 (5.3871)  BoosterDataset_subval_balanced_avgerr: 38.6748 (47.9438)  BoosterDataset_subval_balanced_rmse: 48.5647 (64.7388)  BoosterDataset_subval_balanced_bad@0.5: 99.1509 (99.1337)  BoosterDataset_subval_balanced_bad@1.0: 98.3260 (98.2721)  BoosterDataset_subval_balanced_bad@2.0: 96.6625 (96.5468)  BoosterDataset_subval_balanced_bad@3.0: 95.0676 (94.8178)  time: 20.4904  data: 0.1167  max mem: 15488
[16:06:25.914958] Epoch: [3] Total time: 0:05:07 (20.4939 s / it)
[16:06:28.876112] Epoch: [3]  [ 0/20]  eta: 0:00:59  loss_tiled: 3.8227 (3.8227)  loss: 3.3987 (3.3987)  Md21Dataset_subval_avgerr: 11.3728 (11.3728)  Md21Dataset_subval_rmse: 14.5794 (14.5794)  Md21Dataset_subval_bad@0.5: 97.2036 (97.2036)  Md21Dataset_subval_bad@1.0: 94.4999 (94.4999)  Md21Dataset_subval_bad@2.0: 88.9096 (88.9096)  Md21Dataset_subval_bad@3.0: 83.2655 (83.2655)  time: 2.9604  data: 0.5183  max mem: 15488
[16:07:13.418687] Epoch: [3]  [19/20]  eta: 0:00:02  loss_tiled: 3.5593 (3.5641)  loss: 3.3940 (3.4197)  Md21Dataset_subval_avgerr: 11.9271 (12.1460)  Md21Dataset_subval_rmse: 16.3561 (16.3939)  Md21Dataset_subval_bad@0.5: 96.4009 (96.4857)  Md21Dataset_subval_bad@1.0: 92.8592 (93.0094)  Md21Dataset_subval_bad@2.0: 85.7285 (86.2204)  Md21Dataset_subval_bad@3.0: 79.5390 (79.6703)  time: 2.3751  data: 0.0260  max mem: 15488
[16:07:13.469855] Epoch: [3] Total time: 0:00:47 (2.3777 s / it)
[16:07:13.471520] Averaged stats: {'loss_tiled': 3.564096140861511, 'loss': 3.419670569896698, 'ETH3DLowResDataset_subval_avgerr': 3.281349857648214, 'ETH3DLowResDataset_subval_rmse': 3.7983787854512534, 'ETH3DLowResDataset_subval_bad@0.5': 93.63294219970703, 'ETH3DLowResDataset_subval_bad@1.0': 83.53720092773438, 'ETH3DLowResDataset_subval_bad@2.0': 63.53933334350586, 'ETH3DLowResDataset_subval_bad@3.0': 40.77240546544393, 'Md14Dataset_subval_avgerr': 19.523459752400715, 'Md14Dataset_subval_rmse': 26.746875127156574, 'Md14Dataset_subval_bad@0.5': 97.9358622233073, 'Md14Dataset_subval_bad@1.0': 95.84582265218098, 'Md14Dataset_subval_bad@2.0': 91.65125910441081, 'Md14Dataset_subval_bad@3.0': 87.541077931722, 'BoosterDataset_subval_balanced_avgerr': 47.943795903523764, 'BoosterDataset_subval_balanced_rmse': 64.73877194722493, 'BoosterDataset_subval_balanced_bad@0.5': 99.13372599283854, 'BoosterDataset_subval_balanced_bad@1.0': 98.27211964925131, 'BoosterDataset_subval_balanced_bad@2.0': 96.546804300944, 'BoosterDataset_subval_balanced_bad@3.0': 94.81780853271485, 'Md21Dataset_subval_avgerr': 12.14598879814148, 'Md21Dataset_subval_rmse': 16.39391236305237, 'Md21Dataset_subval_bad@0.5': 96.48571739196777, 'Md21Dataset_subval_bad@1.0': 93.00941429138183, 'Md21Dataset_subval_bad@2.0': 86.22038917541504, 'Md21Dataset_subval_bad@3.0': 79.67028160095215, 'AVG_avgerr': 20.723648577928543, 'AVG_rmse': 27.919484555721283, 'AVG_bad@0.5': 96.79706195195516, 'AVG_bad@1.0': 92.66613938013712, 'AVG_bad@2.0': 84.48944648106892, 'AVG_bad@3.0': 75.70039338270823}
[16:07:13.475490] >> Saving model to checkpoints/gator_ft_2870882/checkpoint-best.pth ...
[16:07:13.974663] >> Saving model to checkpoints/gator_ft_2870882/checkpoint-last.pth ...
[16:07:14.404391] log_dir: ./checkpoints/gator_ft_2870882
[16:07:20.010032] Epoch: [4]  [   0/1630]  eta: 2:32:15  lr: 0.000029  loss: 3.5348 (3.5348)  avgerr: 13.2067 (13.2067)  rmse: 17.7254 (17.7254)  bad@0.5: 95.7857 (95.7857)  bad@1.0: 91.5624 (91.5624)  bad@2.0: 83.9262 (83.9262)  bad@3.0: 76.9188 (76.9188)  time: 5.6047  data: 5.1291  max mem: 15488
[16:07:30.559032] Epoch: [4]  [  20/1630]  eta: 0:20:38  lr: 0.000029  loss: 3.7993 (3.7842)  avgerr: 17.1514 (18.0927)  rmse: 22.1846 (22.6880)  bad@0.5: 97.1262 (96.8348)  bad@1.0: 94.3086 (93.7243)  bad@2.0: 88.7554 (87.7248)  bad@3.0: 83.3669 (81.9700)  time: 0.5274  data: 0.0577  max mem: 15488
[16:07:40.325855] Epoch: [4]  [  40/1630]  eta: 0:16:45  lr: 0.000029  loss: 3.8200 (3.7856)  avgerr: 18.1451 (18.2451)  rmse: 22.2175 (22.8811)  bad@0.5: 96.7666 (96.7939)  bad@1.0: 93.6226 (93.6320)  bad@2.0: 87.6219 (87.4925)  bad@3.0: 81.7333 (81.5917)  time: 0.4882  data: 0.0014  max mem: 15488
[16:07:50.005491] Epoch: [4]  [  60/1630]  eta: 0:15:16  lr: 0.000029  loss: 3.8068 (3.8458)  avgerr: 18.8528 (19.4545)  rmse: 23.8519 (24.4120)  bad@0.5: 97.0464 (96.7626)  bad@1.0: 94.0914 (93.5580)  bad@2.0: 88.3907 (87.3143)  bad@3.0: 81.5276 (81.3580)  time: 0.4839  data: 0.0006  max mem: 15488
[16:07:59.805563] Epoch: [4]  [  80/1630]  eta: 0:14:28  lr: 0.000029  loss: 3.8330 (3.8530)  avgerr: 19.1733 (19.4897)  rmse: 25.2204 (24.5878)  bad@0.5: 96.7959 (96.7899)  bad@1.0: 93.6136 (93.6180)  bad@2.0: 87.1260 (87.4235)  bad@3.0: 81.6063 (81.4952)  time: 0.4899  data: 0.0009  max mem: 15488
[16:08:09.621257] Epoch: [4]  [ 100/1630]  eta: 0:13:56  lr: 0.000029  loss: 3.7860 (3.8543)  avgerr: 18.1964 (19.4847)  rmse: 23.2152 (24.6955)  bad@0.5: 97.0304 (96.8464)  bad@1.0: 94.0609 (93.7238)  bad@2.0: 87.9310 (87.6160)  bad@3.0: 82.0232 (81.7909)  time: 0.4907  data: 0.0006  max mem: 15488
[16:08:19.261519] Epoch: [4]  [ 120/1630]  eta: 0:13:29  lr: 0.000029  loss: 3.7311 (3.8427)  avgerr: 16.3707 (19.3011)  rmse: 21.1312 (24.4794)  bad@0.5: 97.0306 (96.8652)  bad@1.0: 94.0629 (93.7532)  bad@2.0: 87.9996 (87.6788)  bad@3.0: 82.2719 (81.9093)  time: 0.4819  data: 0.0023  max mem: 15488
[16:08:28.919376] Epoch: [4]  [ 140/1630]  eta: 0:13:07  lr: 0.000029  loss: 3.8751 (3.8550)  avgerr: 18.5714 (19.4890)  rmse: 24.3842 (24.7251)  bad@0.5: 97.3068 (96.9139)  bad@1.0: 94.6211 (93.8509)  bad@2.0: 89.3764 (87.8618)  bad@3.0: 84.0010 (82.1373)  time: 0.4828  data: 0.0029  max mem: 15488
[16:08:38.670432] Epoch: [4]  [ 160/1630]  eta: 0:12:49  lr: 0.000029  loss: 3.9304 (3.8679)  avgerr: 19.9663 (19.7254)  rmse: 24.7084 (24.9262)  bad@0.5: 97.1771 (96.9393)  bad@1.0: 94.4463 (93.9024)  bad@2.0: 88.7076 (87.9584)  bad@3.0: 82.9339 (82.2804)  time: 0.4875  data: 0.0083  max mem: 15488
[16:08:48.271016] Epoch: [4]  [ 180/1630]  eta: 0:12:31  lr: 0.000029  loss: 3.8128 (3.8617)  avgerr: 17.5656 (19.6110)  rmse: 21.9783 (24.7554)  bad@0.5: 97.0310 (96.9469)  bad@1.0: 94.0521 (93.9100)  bad@2.0: 88.0850 (87.9671)  bad@3.0: 82.4145 (82.2776)  time: 0.4799  data: 0.0002  max mem: 15488
[16:08:57.885603] Epoch: [4]  [ 200/1630]  eta: 0:12:16  lr: 0.000029  loss: 3.8196 (3.8728)  avgerr: 19.1007 (19.8051)  rmse: 23.8584 (24.9790)  bad@0.5: 97.2362 (96.9600)  bad@1.0: 94.4636 (93.9260)  bad@2.0: 88.9009 (88.0041)  bad@3.0: 83.7641 (82.3440)  time: 0.4807  data: 0.0016  max mem: 15488
[16:09:07.643927] Epoch: [4]  [ 220/1630]  eta: 0:12:02  lr: 0.000029  loss: 3.8603 (3.8793)  avgerr: 19.5083 (19.9482)  rmse: 24.4556 (25.1162)  bad@0.5: 97.4360 (96.9743)  bad@1.0: 95.0059 (93.9668)  bad@2.0: 90.1522 (88.0972)  bad@3.0: 85.2530 (82.4953)  time: 0.4878  data: 0.0013  max mem: 15488
[16:09:17.308609] Epoch: [4]  [ 240/1630]  eta: 0:11:48  lr: 0.000029  loss: 3.7976 (3.8745)  avgerr: 18.3938 (19.8806)  rmse: 22.3590 (25.0439)  bad@0.5: 97.3232 (96.9868)  bad@1.0: 94.5684 (93.9878)  bad@2.0: 89.3561 (88.1386)  bad@3.0: 84.6902 (82.5576)  time: 0.4832  data: 0.0002  max mem: 15488
[16:09:26.798979] Epoch: [4]  [ 260/1630]  eta: 0:11:34  lr: 0.000029  loss: 3.7766 (3.8619)  avgerr: 17.8935 (19.6703)  rmse: 21.9497 (24.7661)  bad@0.5: 96.8264 (96.9667)  bad@1.0: 93.6192 (93.9463)  bad@2.0: 87.1515 (88.0562)  bad@3.0: 81.1550 (82.4349)  time: 0.4744  data: 0.0004  max mem: 15488
[16:09:36.613663] Epoch: [4]  [ 280/1630]  eta: 0:11:23  lr: 0.000029  loss: 3.7629 (3.8651)  avgerr: 18.1551 (19.7194)  rmse: 23.2307 (24.8595)  bad@0.5: 96.5714 (96.9580)  bad@1.0: 93.1606 (93.9316)  bad@2.0: 87.0811 (88.0330)  bad@3.0: 82.0283 (82.4104)  time: 0.4907  data: 0.0002  max mem: 15488
[16:09:46.234042] Epoch: [4]  [ 300/1630]  eta: 0:11:10  lr: 0.000029  loss: 3.7677 (3.8617)  avgerr: 18.1589 (19.7169)  rmse: 23.1824 (24.8579)  bad@0.5: 96.5852 (96.9283)  bad@1.0: 93.1027 (93.8724)  bad@2.0: 86.4432 (87.9187)  bad@3.0: 80.3718 (82.2579)  time: 0.4810  data: 0.0008  max mem: 15488
[16:09:55.798114] Epoch: [4]  [ 320/1630]  eta: 0:10:58  lr: 0.000029  loss: 3.7747 (3.8587)  avgerr: 17.8870 (19.6746)  rmse: 22.8434 (24.8150)  bad@0.5: 96.5022 (96.9173)  bad@1.0: 93.1506 (93.8514)  bad@2.0: 86.4874 (87.8752)  bad@3.0: 80.0598 (82.1880)  time: 0.4781  data: 0.0013  max mem: 15488
[16:10:05.477468] Epoch: [4]  [ 340/1630]  eta: 0:10:47  lr: 0.000029  loss: 3.7336 (3.8533)  avgerr: 17.0522 (19.5900)  rmse: 22.7254 (24.7355)  bad@0.5: 96.5437 (96.8962)  bad@1.0: 93.1270 (93.8132)  bad@2.0: 86.8850 (87.8051)  bad@3.0: 80.8182 (82.1029)  time: 0.4839  data: 0.0002  max mem: 15488
[16:10:15.047822] Epoch: [4]  [ 360/1630]  eta: 0:10:35  lr: 0.000029  loss: 3.7293 (3.8579)  avgerr: 18.2381 (19.7012)  rmse: 22.6925 (24.8576)  bad@0.5: 96.9871 (96.8816)  bad@1.0: 93.8785 (93.7870)  bad@2.0: 87.6113 (87.7578)  bad@3.0: 81.0521 (82.0349)  time: 0.4784  data: 0.0008  max mem: 15488
[16:10:24.813835] Epoch: [4]  [ 380/1630]  eta: 0:10:24  lr: 0.000029  loss: 3.7261 (3.8554)  avgerr: 17.1452 (19.6657)  rmse: 22.5430 (24.8483)  bad@0.5: 97.1955 (96.8846)  bad@1.0: 94.3072 (93.7917)  bad@2.0: 88.8497 (87.7658)  bad@3.0: 83.3669 (82.0444)  time: 0.4882  data: 0.0009  max mem: 15488
[16:10:34.635709] Epoch: [4]  [ 400/1630]  eta: 0:10:14  lr: 0.000029  loss: 3.8834 (3.8603)  avgerr: 20.8158 (19.7625)  rmse: 25.8149 (24.9666)  bad@0.5: 97.0325 (96.8901)  bad@1.0: 94.1270 (93.8004)  bad@2.0: 88.1047 (87.7815)  bad@3.0: 81.9521 (82.0631)  time: 0.4910  data: 0.0008  max mem: 15488
[16:10:44.216258] Epoch: [4]  [ 420/1630]  eta: 0:10:02  lr: 0.000029  loss: 3.8709 (3.8601)  avgerr: 19.0164 (19.7494)  rmse: 23.5727 (24.9219)  bad@0.5: 97.3800 (96.8982)  bad@1.0: 94.8324 (93.8176)  bad@2.0: 89.8987 (87.8149)  bad@3.0: 85.1209 (82.1171)  time: 0.4789  data: 0.0005  max mem: 15488
[16:10:53.900065] Epoch: [4]  [ 440/1630]  eta: 0:09:52  lr: 0.000029  loss: 3.8304 (3.8674)  avgerr: 19.1869 (19.8901)  rmse: 23.6343 (25.0610)  bad@0.5: 96.9559 (96.9065)  bad@1.0: 93.9453 (93.8342)  bad@2.0: 88.1529 (87.8452)  bad@3.0: 82.7156 (82.1536)  time: 0.4841  data: 0.0015  max mem: 15488
[16:11:03.670575] Epoch: [4]  [ 460/1630]  eta: 0:09:41  lr: 0.000029  loss: 3.7414 (3.8641)  avgerr: 18.1101 (19.8435)  rmse: 22.2294 (25.0277)  bad@0.5: 97.0498 (96.9039)  bad@1.0: 94.0849 (93.8299)  bad@2.0: 88.0579 (87.8374)  bad@3.0: 81.7155 (82.1383)  time: 0.4885  data: 0.0019  max mem: 15488
[16:11:13.431539] Epoch: [4]  [ 480/1630]  eta: 0:09:31  lr: 0.000029  loss: 3.9134 (3.8685)  avgerr: 19.8408 (19.9337)  rmse: 24.9811 (25.1297)  bad@0.5: 97.4795 (96.9239)  bad@1.0: 94.8748 (93.8670)  bad@2.0: 89.5669 (87.9000)  bad@3.0: 83.9290 (82.2295)  time: 0.4880  data: 0.0011  max mem: 15488
[16:11:23.109078] Epoch: [4]  [ 500/1630]  eta: 0:09:20  lr: 0.000029  loss: 3.7147 (3.8636)  avgerr: 16.8134 (19.8502)  rmse: 23.4754 (25.0360)  bad@0.5: 97.1239 (96.9248)  bad@1.0: 94.2691 (93.8696)  bad@2.0: 88.3655 (87.8996)  bad@3.0: 82.5174 (82.2231)  time: 0.4838  data: 0.0010  max mem: 15488
[16:11:32.654798] Epoch: [4]  [ 520/1630]  eta: 0:09:10  lr: 0.000029  loss: 3.6906 (3.8650)  avgerr: 17.4069 (19.8859)  rmse: 22.2533 (25.0579)  bad@0.5: 96.8768 (96.9233)  bad@1.0: 93.6517 (93.8650)  bad@2.0: 86.9930 (87.8859)  bad@3.0: 80.6162 (82.1959)  time: 0.4772  data: 0.0015  max mem: 15488
[16:11:42.320232] Epoch: [4]  [ 540/1630]  eta: 0:08:59  lr: 0.000029  loss: 3.8406 (3.8652)  avgerr: 19.3995 (19.8876)  rmse: 23.5859 (25.0604)  bad@0.5: 97.1365 (96.9263)  bad@1.0: 94.1607 (93.8722)  bad@2.0: 88.0437 (87.8987)  bad@3.0: 81.7882 (82.2077)  time: 0.4832  data: 0.0002  max mem: 15488
[16:11:51.767595] Epoch: [4]  [ 560/1630]  eta: 0:08:48  lr: 0.000029  loss: 3.7234 (3.8628)  avgerr: 17.8540 (19.8566)  rmse: 22.7376 (25.0321)  bad@0.5: 96.6889 (96.9113)  bad@1.0: 93.4511 (93.8444)  bad@2.0: 86.7625 (87.8516)  bad@3.0: 80.6224 (82.1487)  time: 0.4722  data: 0.0002  max mem: 15488
[16:12:01.383971] Epoch: [4]  [ 580/1630]  eta: 0:08:38  lr: 0.000029  loss: 3.7212 (3.8613)  avgerr: 17.5667 (19.8351)  rmse: 22.6473 (25.0058)  bad@0.5: 96.5491 (96.8992)  bad@1.0: 93.1169 (93.8212)  bad@2.0: 86.3503 (87.8053)  bad@3.0: 80.0199 (82.0817)  time: 0.4807  data: 0.0015  max mem: 15488
[16:12:10.905227] Epoch: [4]  [ 600/1630]  eta: 0:08:28  lr: 0.000029  loss: 3.6981 (3.8579)  avgerr: 17.0209 (19.7735)  rmse: 22.0247 (24.9275)  bad@0.5: 96.9058 (96.9007)  bad@1.0: 93.8123 (93.8241)  bad@2.0: 87.7675 (87.8124)  bad@3.0: 81.7139 (82.0903)  time: 0.4760  data: 0.0002  max mem: 15488
[16:12:20.570803] Epoch: [4]  [ 620/1630]  eta: 0:08:17  lr: 0.000029  loss: 3.7996 (3.8585)  avgerr: 18.1989 (19.7863)  rmse: 24.0627 (24.9485)  bad@0.5: 96.6179 (96.8983)  bad@1.0: 93.3489 (93.8188)  bad@2.0: 87.5016 (87.8007)  bad@3.0: 81.3678 (82.0740)  time: 0.4832  data: 0.0010  max mem: 15488
[16:12:30.112165] Epoch: [4]  [ 640/1630]  eta: 0:08:07  lr: 0.000029  loss: 3.6842 (3.8569)  avgerr: 17.0603 (19.7677)  rmse: 21.0712 (24.9421)  bad@0.5: 96.6155 (96.8882)  bad@1.0: 93.2612 (93.8033)  bad@2.0: 87.0210 (87.7801)  bad@3.0: 81.3713 (82.0530)  time: 0.4770  data: 0.0002  max mem: 15488
[16:12:39.942791] Epoch: [4]  [ 660/1630]  eta: 0:07:57  lr: 0.000029  loss: 3.8509 (3.8601)  avgerr: 19.5842 (19.8210)  rmse: 26.3637 (25.0210)  bad@0.5: 97.1671 (96.8935)  bad@1.0: 94.3574 (93.8122)  bad@2.0: 88.7359 (87.7933)  bad@3.0: 83.1486 (82.0674)  time: 0.4915  data: 0.0009  max mem: 15488
[16:12:49.719742] Epoch: [4]  [ 680/1630]  eta: 0:07:47  lr: 0.000029  loss: 3.8144 (3.8609)  avgerr: 18.4366 (19.8303)  rmse: 23.6298 (25.0315)  bad@0.5: 97.0536 (96.8943)  bad@1.0: 94.0467 (93.8160)  bad@2.0: 89.1662 (87.8056)  bad@3.0: 83.7402 (82.0852)  time: 0.4888  data: 0.0002  max mem: 15488
[16:12:59.339698] Epoch: [4]  [ 700/1630]  eta: 0:07:37  lr: 0.000029  loss: 3.7443 (3.8589)  avgerr: 18.5553 (19.8039)  rmse: 23.7414 (25.0077)  bad@0.5: 97.2942 (96.8986)  bad@1.0: 94.5716 (93.8234)  bad@2.0: 89.0095 (87.8173)  bad@3.0: 83.5292 (82.0983)  time: 0.4804  data: 0.0008  max mem: 15488
[16:13:09.172481] Epoch: [4]  [ 720/1630]  eta: 0:07:27  lr: 0.000029  loss: 3.8230 (3.8591)  avgerr: 19.2789 (19.8199)  rmse: 24.0829 (25.0164)  bad@0.5: 96.7371 (96.8913)  bad@1.0: 93.4901 (93.8094)  bad@2.0: 87.2649 (87.7932)  bad@3.0: 81.1666 (82.0657)  time: 0.4911  data: 0.0005  max mem: 15488
[16:13:18.728503] Epoch: [4]  [ 740/1630]  eta: 0:07:17  lr: 0.000029  loss: 3.6842 (3.8563)  avgerr: 17.4484 (19.7895)  rmse: 21.7096 (24.9803)  bad@0.5: 96.9022 (96.8787)  bad@1.0: 93.8051 (93.7857)  bad@2.0: 87.5309 (87.7539)  bad@3.0: 81.6263 (82.0145)  time: 0.4777  data: 0.0017  max mem: 15488
[16:13:28.210942] Epoch: [4]  [ 760/1630]  eta: 0:07:07  lr: 0.000029  loss: 3.7162 (3.8529)  avgerr: 17.7828 (19.7344)  rmse: 22.5090 (24.9171)  bad@0.5: 96.8475 (96.8692)  bad@1.0: 93.6285 (93.7677)  bad@2.0: 87.2878 (87.7236)  bad@3.0: 80.8558 (81.9751)  time: 0.4741  data: 0.0007  max mem: 15488
[16:13:37.927537] Epoch: [4]  [ 780/1630]  eta: 0:06:57  lr: 0.000029  loss: 3.7127 (3.8543)  avgerr: 17.8888 (19.7908)  rmse: 22.9655 (24.9869)  bad@0.5: 96.5713 (96.8652)  bad@1.0: 93.0471 (93.7588)  bad@2.0: 86.4528 (87.7016)  bad@3.0: 79.8237 (81.9413)  time: 0.4858  data: 0.0014  max mem: 15488
[16:13:47.597121] Epoch: [4]  [ 800/1630]  eta: 0:06:47  lr: 0.000029  loss: 3.7764 (3.8548)  avgerr: 19.3462 (19.7990)  rmse: 23.7053 (25.0038)  bad@0.5: 96.9206 (96.8604)  bad@1.0: 93.8703 (93.7498)  bad@2.0: 87.6145 (87.6878)  bad@3.0: 81.4336 (81.9222)  time: 0.4834  data: 0.0013  max mem: 15488
[16:13:57.212428] Epoch: [4]  [ 820/1630]  eta: 0:06:37  lr: 0.000029  loss: 3.9240 (3.8606)  avgerr: 20.5490 (19.9132)  rmse: 25.1433 (25.1088)  bad@0.5: 96.8974 (96.8558)  bad@1.0: 93.7922 (93.7404)  bad@2.0: 86.9979 (87.6672)  bad@3.0: 79.4847 (81.8939)  time: 0.4807  data: 0.0016  max mem: 15488
[16:14:06.916001] Epoch: [4]  [ 840/1630]  eta: 0:06:27  lr: 0.000029  loss: 3.6848 (3.8578)  avgerr: 17.4810 (19.8884)  rmse: 24.1638 (25.0946)  bad@0.5: 96.0711 (96.8393)  bad@1.0: 92.1406 (93.7079)  bad@2.0: 84.4802 (87.6071)  bad@3.0: 77.9839 (81.8134)  time: 0.4851  data: 0.0014  max mem: 15488
[16:14:16.515308] Epoch: [4]  [ 860/1630]  eta: 0:06:17  lr: 0.000029  loss: 3.9558 (3.8641)  avgerr: 23.2633 (19.9977)  rmse: 29.2462 (25.2067)  bad@0.5: 97.5084 (96.8470)  bad@1.0: 95.0298 (93.7239)  bad@2.0: 90.2306 (87.6365)  bad@3.0: 85.0662 (81.8509)  time: 0.4799  data: 0.0005  max mem: 15488
[16:14:26.100985] Epoch: [4]  [ 880/1630]  eta: 0:06:07  lr: 0.000029  loss: 3.7679 (3.8628)  avgerr: 18.0354 (19.9691)  rmse: 24.0415 (25.1718)  bad@0.5: 96.9185 (96.8505)  bad@1.0: 93.8479 (93.7309)  bad@2.0: 87.5419 (87.6523)  bad@3.0: 81.5240 (81.8764)  time: 0.4792  data: 0.0004  max mem: 15488
[16:14:36.011579] Epoch: [4]  [ 900/1630]  eta: 0:05:57  lr: 0.000029  loss: 3.8350 (3.8642)  avgerr: 20.2277 (20.0291)  rmse: 26.6963 (25.2448)  bad@0.5: 96.9546 (96.8509)  bad@1.0: 93.9202 (93.7304)  bad@2.0: 87.4658 (87.6479)  bad@3.0: 81.4525 (81.8680)  time: 0.4955  data: 0.0125  max mem: 15488
[16:14:45.610790] Epoch: [4]  [ 920/1630]  eta: 0:05:47  lr: 0.000029  loss: 3.7306 (3.8642)  avgerr: 17.4575 (20.0306)  rmse: 22.0586 (25.2495)  bad@0.5: 96.4720 (96.8457)  bad@1.0: 93.0028 (93.7203)  bad@2.0: 85.9811 (87.6307)  bad@3.0: 79.5574 (81.8445)  time: 0.4799  data: 0.0021  max mem: 15488
[16:14:55.090811] Epoch: [4]  [ 940/1630]  eta: 0:05:37  lr: 0.000029  loss: 3.6407 (3.8601)  avgerr: 15.9791 (19.9696)  rmse: 20.3931 (25.1808)  bad@0.5: 96.3200 (96.8328)  bad@1.0: 92.6313 (93.6951)  bad@2.0: 85.6349 (87.5859)  bad@3.0: 78.9776 (81.7846)  time: 0.4739  data: 0.0002  max mem: 15488
[16:15:04.654823] Epoch: [4]  [ 960/1630]  eta: 0:05:27  lr: 0.000029  loss: 3.6201 (3.8558)  avgerr: 15.9784 (19.8958)  rmse: 20.2317 (25.0971)  bad@0.5: 96.4060 (96.8237)  bad@1.0: 92.8269 (93.6779)  bad@2.0: 86.0515 (87.5543)  bad@3.0: 79.9279 (81.7477)  time: 0.4781  data: 0.0002  max mem: 15488
[16:15:14.201511] Epoch: [4]  [ 980/1630]  eta: 0:05:17  lr: 0.000029  loss: 3.7451 (3.8538)  avgerr: 17.6300 (19.8639)  rmse: 23.1960 (25.0703)  bad@0.5: 96.8645 (96.8215)  bad@1.0: 93.9080 (93.6739)  bad@2.0: 87.8062 (87.5480)  bad@3.0: 82.2157 (81.7368)  time: 0.4773  data: 0.0002  max mem: 15488
[16:15:23.842537] Epoch: [4]  [1000/1630]  eta: 0:05:07  lr: 0.000029  loss: 3.8630 (3.8538)  avgerr: 19.5668 (19.8634)  rmse: 24.4458 (25.0625)  bad@0.5: 97.0537 (96.8251)  bad@1.0: 93.9323 (93.6807)  bad@2.0: 87.9581 (87.5580)  bad@3.0: 82.2897 (81.7465)  time: 0.4814  data: 0.0012  max mem: 15488
[16:15:33.390497] Epoch: [4]  [1020/1630]  eta: 0:04:58  lr: 0.000029  loss: 3.7946 (3.8530)  avgerr: 18.6475 (19.8478)  rmse: 23.6369 (25.0422)  bad@0.5: 97.1619 (96.8256)  bad@1.0: 94.2985 (93.6807)  bad@2.0: 88.5548 (87.5607)  bad@3.0: 83.2419 (81.7515)  time: 0.4773  data: 0.0002  max mem: 15488
[16:15:43.206322] Epoch: [4]  [1040/1630]  eta: 0:04:48  lr: 0.000029  loss: 3.8327 (3.8533)  avgerr: 20.0505 (19.8645)  rmse: 25.2805 (25.0657)  bad@0.5: 96.5302 (96.8226)  bad@1.0: 93.1603 (93.6741)  bad@2.0: 86.4071 (87.5501)  bad@3.0: 81.3177 (81.7407)  time: 0.4907  data: 0.0013  max mem: 15488
[16:15:52.720565] Epoch: [4]  [1060/1630]  eta: 0:04:38  lr: 0.000029  loss: 3.7260 (3.8519)  avgerr: 17.8843 (19.8449)  rmse: 23.6102 (25.0623)  bad@0.5: 96.8223 (96.8193)  bad@1.0: 93.5929 (93.6677)  bad@2.0: 87.0603 (87.5374)  bad@3.0: 80.9608 (81.7222)  time: 0.4756  data: 0.0003  max mem: 15488
[16:16:02.169770] Epoch: [4]  [1080/1630]  eta: 0:04:28  lr: 0.000029  loss: 3.6582 (3.8504)  avgerr: 16.2186 (19.8235)  rmse: 22.6005 (25.0410)  bad@0.5: 96.3480 (96.8103)  bad@1.0: 92.9434 (93.6516)  bad@2.0: 85.9209 (87.5114)  bad@3.0: 79.6667 (81.6891)  time: 0.4724  data: 0.0009  max mem: 15488
[16:16:11.771794] Epoch: [4]  [1100/1630]  eta: 0:04:18  lr: 0.000029  loss: 3.8645 (3.8505)  avgerr: 19.6312 (19.8223)  rmse: 25.4344 (25.0466)  bad@0.5: 96.8862 (96.8095)  bad@1.0: 93.7385 (93.6510)  bad@2.0: 87.8441 (87.5145)  bad@3.0: 82.5057 (81.6961)  time: 0.4800  data: 0.0002  max mem: 15488
[16:16:21.448541] Epoch: [4]  [1120/1630]  eta: 0:04:08  lr: 0.000029  loss: 3.7942 (3.8499)  avgerr: 17.8676 (19.8133)  rmse: 24.4790 (25.0390)  bad@0.5: 96.9880 (96.8057)  bad@1.0: 93.8568 (93.6446)  bad@2.0: 87.8982 (87.5083)  bad@3.0: 82.3916 (81.6950)  time: 0.4838  data: 0.0017  max mem: 15488
[16:16:31.020929] Epoch: [4]  [1140/1630]  eta: 0:03:58  lr: 0.000029  loss: 3.7770 (3.8491)  avgerr: 18.3112 (19.7929)  rmse: 23.0326 (25.0072)  bad@0.5: 96.6841 (96.8036)  bad@1.0: 93.3828 (93.6396)  bad@2.0: 87.0013 (87.5019)  bad@3.0: 80.7654 (81.6898)  time: 0.4779  data: 0.0002  max mem: 15488
[16:16:40.718818] Epoch: [4]  [1160/1630]  eta: 0:03:49  lr: 0.000029  loss: 3.8202 (3.8502)  avgerr: 19.6076 (19.8229)  rmse: 26.3205 (25.0471)  bad@0.5: 96.7686 (96.7975)  bad@1.0: 93.7258 (93.6281)  bad@2.0: 86.9999 (87.4818)  bad@3.0: 81.3190 (81.6614)  time: 0.4848  data: 0.0002  max mem: 15488
[16:16:50.380359] Epoch: [4]  [1180/1630]  eta: 0:03:39  lr: 0.000029  loss: 3.6979 (3.8497)  avgerr: 16.8631 (19.8156)  rmse: 21.4040 (25.0368)  bad@0.5: 96.9574 (96.7966)  bad@1.0: 93.7409 (93.6256)  bad@2.0: 87.5207 (87.4771)  bad@3.0: 81.4064 (81.6575)  time: 0.4830  data: 0.0042  max mem: 15488
[16:17:00.060269] Epoch: [4]  [1200/1630]  eta: 0:03:29  lr: 0.000029  loss: 3.6920 (3.8503)  avgerr: 17.6483 (19.8291)  rmse: 22.1268 (25.0507)  bad@0.5: 96.9317 (96.7975)  bad@1.0: 93.7973 (93.6264)  bad@2.0: 87.4736 (87.4768)  bad@3.0: 81.3321 (81.6553)  time: 0.4839  data: 0.0016  max mem: 15488
[16:17:09.655515] Epoch: [4]  [1220/1630]  eta: 0:03:19  lr: 0.000029  loss: 3.9114 (3.8519)  avgerr: 19.6523 (19.8608)  rmse: 25.5781 (25.0836)  bad@0.5: 97.0834 (96.7963)  bad@1.0: 94.0504 (93.6244)  bad@2.0: 87.9037 (87.4716)  bad@3.0: 81.8803 (81.6473)  time: 0.4797  data: 0.0009  max mem: 15488
[16:17:19.342960] Epoch: [4]  [1240/1630]  eta: 0:03:10  lr: 0.000029  loss: 3.7205 (3.8513)  avgerr: 17.7426 (19.8516)  rmse: 22.0163 (25.0667)  bad@0.5: 96.8195 (96.7972)  bad@1.0: 93.6924 (93.6258)  bad@2.0: 87.4693 (87.4730)  bad@3.0: 81.4291 (81.6466)  time: 0.4843  data: 0.0002  max mem: 15488
[16:17:28.801703] Epoch: [4]  [1260/1630]  eta: 0:03:00  lr: 0.000029  loss: 3.7346 (3.8504)  avgerr: 19.3598 (19.8363)  rmse: 22.9136 (25.0444)  bad@0.5: 96.8441 (96.7958)  bad@1.0: 93.7693 (93.6236)  bad@2.0: 87.6054 (87.4708)  bad@3.0: 81.5749 (81.6435)  time: 0.4729  data: 0.0005  max mem: 15488
[16:17:38.334449] Epoch: [4]  [1280/1630]  eta: 0:02:50  lr: 0.000029  loss: 3.6733 (3.8492)  avgerr: 15.9394 (19.8232)  rmse: 21.5449 (25.0279)  bad@0.5: 96.9240 (96.7954)  bad@1.0: 93.8637 (93.6224)  bad@2.0: 88.0359 (87.4676)  bad@3.0: 82.4368 (81.6383)  time: 0.4766  data: 0.0014  max mem: 15488
[16:17:47.991934] Epoch: [4]  [1300/1630]  eta: 0:02:40  lr: 0.000029  loss: 3.7251 (3.8482)  avgerr: 17.2833 (19.8047)  rmse: 22.4297 (25.0052)  bad@0.5: 96.6631 (96.7942)  bad@1.0: 93.3454 (93.6203)  bad@2.0: 87.0751 (87.4634)  bad@3.0: 81.0189 (81.6311)  time: 0.4828  data: 0.0008  max mem: 15488
[16:17:57.590300] Epoch: [4]  [1320/1630]  eta: 0:02:30  lr: 0.000029  loss: 3.6531 (3.8457)  avgerr: 16.4191 (19.7670)  rmse: 21.5101 (24.9627)  bad@0.5: 96.6042 (96.7900)  bad@1.0: 93.2522 (93.6117)  bad@2.0: 86.6690 (87.4459)  bad@3.0: 80.5062 (81.6068)  time: 0.4798  data: 0.0009  max mem: 15488
[16:18:07.339118] Epoch: [4]  [1340/1630]  eta: 0:02:21  lr: 0.000029  loss: 3.9562 (3.8492)  avgerr: 20.9657 (19.8330)  rmse: 26.4898 (25.0404)  bad@0.5: 96.8649 (96.7918)  bad@1.0: 93.8479 (93.6155)  bad@2.0: 87.9737 (87.4547)  bad@3.0: 81.9079 (81.6203)  time: 0.4874  data: 0.0009  max mem: 15488
[16:18:17.019532] Epoch: [4]  [1360/1630]  eta: 0:02:11  lr: 0.000029  loss: 3.7801 (3.8494)  avgerr: 18.0434 (19.8380)  rmse: 23.0107 (25.0413)  bad@0.5: 97.0564 (96.7932)  bad@1.0: 94.1960 (93.6185)  bad@2.0: 88.2016 (87.4606)  bad@3.0: 82.7259 (81.6279)  time: 0.4839  data: 0.0009  max mem: 15488
[16:18:26.700899] Epoch: [4]  [1380/1630]  eta: 0:02:01  lr: 0.000029  loss: 3.8169 (3.8488)  avgerr: 18.3950 (19.8340)  rmse: 22.6661 (25.0401)  bad@0.5: 96.8340 (96.7895)  bad@1.0: 93.6361 (93.6109)  bad@2.0: 87.1760 (87.4452)  bad@3.0: 80.7300 (81.6040)  time: 0.4840  data: 0.0007  max mem: 15488
[16:18:36.388802] Epoch: [4]  [1400/1630]  eta: 0:01:51  lr: 0.000029  loss: 3.8169 (3.8481)  avgerr: 17.5330 (19.8188)  rmse: 22.5501 (25.0176)  bad@0.5: 97.1494 (96.7921)  bad@1.0: 94.3366 (93.6157)  bad@2.0: 87.9584 (87.4542)  bad@3.0: 82.4456 (81.6155)  time: 0.4843  data: 0.0003  max mem: 15488
[16:18:45.965587] Epoch: [4]  [1420/1630]  eta: 0:01:42  lr: 0.000029  loss: 3.8847 (3.8490)  avgerr: 19.5373 (19.8292)  rmse: 24.0206 (25.0324)  bad@0.5: 97.0033 (96.7967)  bad@1.0: 93.9823 (93.6247)  bad@2.0: 88.4054 (87.4720)  bad@3.0: 83.0309 (81.6379)  time: 0.4788  data: 0.0004  max mem: 15488
[16:18:55.508965] Epoch: [4]  [1440/1630]  eta: 0:01:32  lr: 0.000029  loss: 3.6377 (3.8477)  avgerr: 16.2475 (19.8096)  rmse: 20.6618 (25.0086)  bad@0.5: 96.8057 (96.7981)  bad@1.0: 93.5973 (93.6273)  bad@2.0: 87.1268 (87.4752)  bad@3.0: 80.9346 (81.6393)  time: 0.4771  data: 0.0002  max mem: 15488
[16:19:05.071840] Epoch: [4]  [1460/1630]  eta: 0:01:22  lr: 0.000029  loss: 3.6063 (3.8458)  avgerr: 15.4810 (19.7753)  rmse: 21.8029 (24.9782)  bad@0.5: 96.3986 (96.7921)  bad@1.0: 92.7440 (93.6166)  bad@2.0: 85.9763 (87.4560)  bad@3.0: 79.5614 (81.6126)  time: 0.4781  data: 0.0012  max mem: 15488
[16:19:14.768724] Epoch: [4]  [1480/1630]  eta: 0:01:12  lr: 0.000029  loss: 3.7378 (3.8447)  avgerr: 17.1600 (19.7596)  rmse: 22.8273 (24.9574)  bad@0.5: 96.4936 (96.7867)  bad@1.0: 92.8192 (93.6066)  bad@2.0: 85.6880 (87.4399)  bad@3.0: 79.6840 (81.5931)  time: 0.4842  data: 0.0007  max mem: 15488
[16:19:24.498159] Epoch: [4]  [1500/1630]  eta: 0:01:03  lr: 0.000029  loss: 3.7723 (3.8445)  avgerr: 18.2137 (19.7605)  rmse: 22.8956 (24.9474)  bad@0.5: 96.8538 (96.7866)  bad@1.0: 93.6704 (93.6066)  bad@2.0: 87.2062 (87.4376)  bad@3.0: 80.7574 (81.5882)  time: 0.4864  data: 0.0005  max mem: 15488
[16:19:33.979683] Epoch: [4]  [1520/1630]  eta: 0:00:53  lr: 0.000029  loss: 3.6455 (3.8421)  avgerr: 16.1432 (19.7202)  rmse: 20.0707 (24.9025)  bad@0.5: 96.5099 (96.7821)  bad@1.0: 93.1021 (93.5970)  bad@2.0: 86.5638 (87.4186)  bad@3.0: 80.2557 (81.5617)  time: 0.4740  data: 0.0002  max mem: 15488
[16:19:43.459286] Epoch: [4]  [1540/1630]  eta: 0:00:43  lr: 0.000029  loss: 3.8315 (3.8421)  avgerr: 18.3544 (19.7286)  rmse: 23.3456 (24.9128)  bad@0.5: 96.8354 (96.7815)  bad@1.0: 93.6988 (93.5956)  bad@2.0: 87.6919 (87.4153)  bad@3.0: 81.9049 (81.5555)  time: 0.4739  data: 0.0005  max mem: 15488
[16:19:53.171953] Epoch: [4]  [1560/1630]  eta: 0:00:34  lr: 0.000029  loss: 3.6522 (3.8409)  avgerr: 17.0396 (19.7166)  rmse: 22.6832 (24.9016)  bad@0.5: 96.2620 (96.7764)  bad@1.0: 92.5783 (93.5850)  bad@2.0: 84.7684 (87.3909)  bad@3.0: 77.5417 (81.5208)  time: 0.4856  data: 0.0017  max mem: 15488
[16:20:02.811686] Epoch: [4]  [1580/1630]  eta: 0:00:24  lr: 0.000029  loss: 3.5804 (3.8391)  avgerr: 15.7035 (19.6890)  rmse: 20.4385 (24.8699)  bad@0.5: 96.2540 (96.7713)  bad@1.0: 92.6038 (93.5748)  bad@2.0: 85.5477 (87.3723)  bad@3.0: 78.7717 (81.4944)  time: 0.4819  data: 0.0009  max mem: 15488
[16:20:12.513668] Epoch: [4]  [1600/1630]  eta: 0:00:14  lr: 0.000029  loss: 3.7878 (3.8385)  avgerr: 18.2754 (19.6766)  rmse: 22.5089 (24.8588)  bad@0.5: 96.9524 (96.7718)  bad@1.0: 93.9670 (93.5758)  bad@2.0: 88.1107 (87.3734)  bad@3.0: 82.6793 (81.4950)  time: 0.4850  data: 0.0008  max mem: 15488
[16:20:22.108614] Epoch: [4]  [1620/1630]  eta: 0:00:04  lr: 0.000029  loss: 3.8240 (3.8388)  avgerr: 19.0431 (19.6865)  rmse: 25.3538 (24.8781)  bad@0.5: 97.2161 (96.7744)  bad@1.0: 94.4343 (93.5800)  bad@2.0: 88.7856 (87.3803)  bad@3.0: 83.4576 (81.5056)  time: 0.4797  data: 0.0013  max mem: 15488
[16:20:26.304949] Epoch: [4]  [1629/1630]  eta: 0:00:00  lr: 0.000029  loss: 3.7570 (3.8387)  avgerr: 18.5971 (19.6852)  rmse: 23.1179 (24.8765)  bad@0.5: 96.9385 (96.7745)  bad@1.0: 93.8250 (93.5804)  bad@2.0: 87.6863 (87.3823)  bad@3.0: 82.1279 (81.5083)  time: 0.4743  data: 0.0013  max mem: 15488
[16:20:26.373507] Epoch: [4] Total time: 0:13:11 (0.4859 s / it)
[16:20:26.373617] Averaged stats: lr: 0.000029  loss: 3.7570 (3.8387)  avgerr: 18.5971 (19.6852)  rmse: 23.1179 (24.8765)  bad@0.5: 96.9385 (96.7745)  bad@1.0: 93.8250 (93.5804)  bad@2.0: 87.6863 (87.3823)  bad@3.0: 82.1279 (81.5083)
[16:20:26.377625] log_dir: ./checkpoints/gator_ft_2870882
[16:20:26.768007] Epoch: [4]  [0/3]  eta: 0:00:01  loss_tiled: 0.9980 (0.9980)  loss: 1.0517 (1.0517)  ETH3DLowResDataset_subval_avgerr: 0.8941 (0.8941)  ETH3DLowResDataset_subval_rmse: 1.5218 (1.5218)  ETH3DLowResDataset_subval_bad@0.5: 58.5960 (58.5960)  ETH3DLowResDataset_subval_bad@1.0: 28.1669 (28.1669)  ETH3DLowResDataset_subval_bad@2.0: 7.3937 (7.3937)  ETH3DLowResDataset_subval_bad@3.0: 2.9927 (2.9927)  time: 0.3897  data: 0.2133  max mem: 15488
[16:20:27.527475] Epoch: [4]  [2/3]  eta: 0:00:00  loss_tiled: 1.8589 (1.9603)  loss: 1.9081 (2.0193)  ETH3DLowResDataset_subval_avgerr: 2.4360 (3.2662)  ETH3DLowResDataset_subval_rmse: 2.6619 (3.9511)  ETH3DLowResDataset_subval_bad@0.5: 96.1606 (83.8055)  ETH3DLowResDataset_subval_bad@1.0: 90.9224 (70.3570)  ETH3DLowResDataset_subval_bad@2.0: 64.4943 (51.9213)  ETH3DLowResDataset_subval_bad@3.0: 29.7429 (36.3696)  time: 0.3829  data: 0.0712  max mem: 15488
[16:20:27.565016] Epoch: [4] Total time: 0:00:01 (0.3958 s / it)
[16:20:37.278495] Epoch: [4]  [0/6]  eta: 0:00:58  loss_tiled: 4.0148 (4.0148)  loss: 3.8123 (3.8123)  Md14Dataset_subval_avgerr: 16.9547 (16.9547)  Md14Dataset_subval_rmse: 22.9934 (22.9934)  Md14Dataset_subval_bad@0.5: 98.3851 (98.3851)  Md14Dataset_subval_bad@1.0: 96.7807 (96.7807)  Md14Dataset_subval_bad@2.0: 93.6600 (93.6600)  Md14Dataset_subval_bad@3.0: 90.4536 (90.4536)  time: 9.7127  data: 1.1844  max mem: 15488
[16:21:18.385318] Epoch: [4]  [5/6]  eta: 0:00:08  loss_tiled: 4.0185 (4.1774)  loss: 3.8455 (3.9496)  Md14Dataset_subval_avgerr: 17.0035 (19.1403)  Md14Dataset_subval_rmse: 22.9934 (25.0549)  Md14Dataset_subval_bad@0.5: 98.5364 (98.5616)  Md14Dataset_subval_bad@1.0: 97.0869 (97.1226)  Md14Dataset_subval_bad@2.0: 94.1554 (94.2457)  Md14Dataset_subval_bad@3.0: 91.0606 (91.3461)  time: 8.4697  data: 0.1975  max mem: 15488
[16:21:18.428944] Epoch: [4] Total time: 0:00:50 (8.4773 s / it)
[16:21:41.111121] Epoch: [4]  [ 0/15]  eta: 0:05:40  loss_tiled: 5.1718 (5.1718)  loss: 4.5886 (4.5886)  BoosterDataset_subval_balanced_avgerr: 31.9077 (31.9077)  BoosterDataset_subval_balanced_rmse: 39.9122 (39.9122)  BoosterDataset_subval_balanced_bad@0.5: 99.1251 (99.1251)  BoosterDataset_subval_balanced_bad@1.0: 98.2404 (98.2404)  BoosterDataset_subval_balanced_bad@2.0: 96.4345 (96.4345)  BoosterDataset_subval_balanced_bad@3.0: 94.6334 (94.6334)  time: 22.6814  data: 2.1718  max mem: 15488
[16:26:25.679563] Epoch: [4]  [14/15]  eta: 0:00:20  loss_tiled: 5.5792 (6.0204)  loss: 4.8630 (5.4385)  BoosterDataset_subval_balanced_avgerr: 37.4195 (48.9773)  BoosterDataset_subval_balanced_rmse: 49.0901 (63.8588)  BoosterDataset_subval_balanced_bad@0.5: 99.1403 (99.2049)  BoosterDataset_subval_balanced_bad@1.0: 98.3005 (98.4105)  BoosterDataset_subval_balanced_bad@2.0: 96.6714 (96.8203)  BoosterDataset_subval_balanced_bad@3.0: 95.1085 (95.2282)  time: 20.4833  data: 0.1449  max mem: 15488
[16:26:25.725845] Epoch: [4] Total time: 0:05:07 (20.4864 s / it)
[16:26:28.671939] Epoch: [4]  [ 0/20]  eta: 0:00:58  loss_tiled: 4.0016 (4.0016)  loss: 3.6748 (3.6748)  Md21Dataset_subval_avgerr: 12.3636 (12.3636)  Md21Dataset_subval_rmse: 15.7797 (15.7797)  Md21Dataset_subval_bad@0.5: 97.8803 (97.8803)  Md21Dataset_subval_bad@1.0: 95.6711 (95.6711)  Md21Dataset_subval_bad@2.0: 91.1933 (91.1933)  Md21Dataset_subval_bad@3.0: 86.9206 (86.9206)  time: 2.9453  data: 0.5169  max mem: 15488
[16:27:13.074579] Epoch: [4]  [19/20]  eta: 0:00:02  loss_tiled: 3.6586 (3.6350)  loss: 3.5278 (3.5406)  Md21Dataset_subval_avgerr: 11.8065 (11.9491)  Md21Dataset_subval_rmse: 15.4422 (15.8082)  Md21Dataset_subval_bad@0.5: 96.8403 (96.9396)  Md21Dataset_subval_bad@1.0: 93.8050 (93.8509)  Md21Dataset_subval_bad@2.0: 87.3243 (87.6048)  Md21Dataset_subval_bad@3.0: 80.7791 (81.3515)  time: 2.3674  data: 0.0259  max mem: 15488
[16:27:13.119366] Epoch: [4] Total time: 0:00:47 (2.3697 s / it)
[16:27:13.121103] Averaged stats: {'loss_tiled': 3.635007357597351, 'loss': 3.5405957102775574, 'ETH3DLowResDataset_subval_avgerr': 3.2662260135014853, 'ETH3DLowResDataset_subval_rmse': 3.951078494389852, 'ETH3DLowResDataset_subval_bad@0.5': 83.80554072062175, 'ETH3DLowResDataset_subval_bad@1.0': 70.35702196756999, 'ETH3DLowResDataset_subval_bad@2.0': 51.92126099268595, 'ETH3DLowResDataset_subval_bad@3.0': 36.369560400644936, 'Md14Dataset_subval_avgerr': 19.14029852549235, 'Md14Dataset_subval_rmse': 25.05490557352702, 'Md14Dataset_subval_bad@0.5': 98.56159591674805, 'Md14Dataset_subval_bad@1.0': 97.12257130940755, 'Md14Dataset_subval_bad@2.0': 94.24565887451172, 'Md14Dataset_subval_bad@3.0': 91.34610112508138, 'BoosterDataset_subval_balanced_avgerr': 48.9773058573405, 'BoosterDataset_subval_balanced_rmse': 63.85883852640788, 'BoosterDataset_subval_balanced_bad@0.5': 99.20492146809896, 'BoosterDataset_subval_balanced_bad@1.0': 98.41051940917968, 'BoosterDataset_subval_balanced_bad@2.0': 96.82026672363281, 'BoosterDataset_subval_balanced_bad@3.0': 95.22822875976563, 'Md21Dataset_subval_avgerr': 11.949087285995484, 'Md21Dataset_subval_rmse': 15.808229732513428, 'Md21Dataset_subval_bad@0.5': 96.93964004516602, 'Md21Dataset_subval_bad@1.0': 93.85087776184082, 'Md21Dataset_subval_bad@2.0': 87.604833984375, 'Md21Dataset_subval_bad@3.0': 81.35145645141601, 'AVG_avgerr': 20.833229420582455, 'AVG_rmse': 27.168263081709544, 'AVG_bad@0.5': 94.62792453765869, 'AVG_bad@1.0': 89.93524761199951, 'AVG_bad@2.0': 82.64800514380137, 'AVG_bad@3.0': 76.07383668422699}
[16:27:13.125357] >> Saving model to checkpoints/gator_ft_2870882/checkpoint-last.pth ...
[16:27:13.710712] log_dir: ./checkpoints/gator_ft_2870882
[16:27:18.487270] Epoch: [5]  [   0/1630]  eta: 2:09:44  lr: 0.000029  loss: 3.8551 (3.8551)  avgerr: 23.5209 (23.5209)  rmse: 27.2997 (27.2997)  bad@0.5: 95.6585 (95.6585)  bad@1.0: 91.4742 (91.4742)  bad@2.0: 83.9895 (83.9895)  bad@3.0: 77.1845 (77.1845)  time: 4.7756  data: 4.3113  max mem: 15488
[16:27:29.508963] Epoch: [5]  [  20/1630]  eta: 0:20:11  lr: 0.000029  loss: 3.6462 (3.7857)  avgerr: 16.6074 (19.3532)  rmse: 21.6838 (24.4139)  bad@0.5: 96.7997 (96.5587)  bad@1.0: 93.4182 (93.2042)  bad@2.0: 85.9413 (86.6945)  bad@3.0: 79.3424 (80.3953)  time: 0.5510  data: 0.0766  max mem: 15488
[16:27:39.208311] Epoch: [5]  [  40/1630]  eta: 0:16:28  lr: 0.000029  loss: 3.7570 (3.8255)  avgerr: 18.5119 (19.7244)  rmse: 24.3468 (25.1207)  bad@0.5: 97.0303 (96.6848)  bad@1.0: 94.0481 (93.4292)  bad@2.0: 87.6047 (87.0818)  bad@3.0: 81.4095 (80.9388)  time: 0.4849  data: 0.0007  max mem: 15488
[16:27:50.384145] Epoch: [5]  [  60/1630]  eta: 0:15:43  lr: 0.000029  loss: 3.7455 (3.8126)  avgerr: 16.6969 (19.3639)  rmse: 21.0930 (24.5898)  bad@0.5: 96.6787 (96.6680)  bad@1.0: 93.1042 (93.3993)  bad@2.0: 87.1481 (87.0828)  bad@3.0: 80.9757 (80.9740)  time: 0.5587  data: 0.0759  max mem: 15488
[16:28:00.936313] Epoch: [5]  [  80/1630]  eta: 0:15:03  lr: 0.000029  loss: 3.8007 (3.8318)  avgerr: 18.8847 (19.8794)  rmse: 25.3512 (25.1787)  bad@0.5: 96.8519 (96.7008)  bad@1.0: 93.5801 (93.4523)  bad@2.0: 86.9386 (87.1884)  bad@3.0: 80.8914 (81.1943)  time: 0.5275  data: 0.0557  max mem: 15488
[16:28:10.552802] Epoch: [5]  [ 100/1630]  eta: 0:14:20  lr: 0.000029  loss: 3.6876 (3.8234)  avgerr: 17.2802 (19.5610)  rmse: 22.2057 (24.8281)  bad@0.5: 96.8569 (96.7350)  bad@1.0: 93.8633 (93.5288)  bad@2.0: 87.7588 (87.3103)  bad@3.0: 82.0020 (81.3296)  time: 0.4808  data: 0.0002  max mem: 15488
[16:28:20.152981] Epoch: [5]  [ 120/1630]  eta: 0:13:49  lr: 0.000029  loss: 3.7408 (3.8202)  avgerr: 17.4900 (19.5459)  rmse: 21.3214 (24.7583)  bad@0.5: 96.8677 (96.7850)  bad@1.0: 93.6274 (93.6104)  bad@2.0: 87.6898 (87.4148)  bad@3.0: 82.4077 (81.4384)  time: 0.4799  data: 0.0002  max mem: 15488
[16:28:29.696712] Epoch: [5]  [ 140/1630]  eta: 0:13:22  lr: 0.000029  loss: 3.6996 (3.8067)  avgerr: 17.1768 (19.2945)  rmse: 20.8059 (24.4207)  bad@0.5: 96.6017 (96.7596)  bad@1.0: 93.2237 (93.5628)  bad@2.0: 86.6467 (87.3263)  bad@3.0: 80.2556 (81.3241)  time: 0.4771  data: 0.0002  max mem: 15488
[16:28:39.476960] Epoch: [5]  [ 160/1630]  eta: 0:13:02  lr: 0.000029  loss: 3.6792 (3.7895)  avgerr: 17.0409 (19.0477)  rmse: 20.8731 (24.1341)  bad@0.5: 96.4428 (96.7066)  bad@1.0: 92.8864 (93.4500)  bad@2.0: 85.9164 (87.1128)  bad@3.0: 78.6376 (81.0214)  time: 0.4889  data: 0.0015  max mem: 15488
[16:28:49.176181] Epoch: [5]  [ 180/1630]  eta: 0:12:44  lr: 0.000029  loss: 3.7357 (3.7875)  avgerr: 16.7599 (18.9444)  rmse: 20.3161 (23.9865)  bad@0.5: 96.9984 (96.7486)  bad@1.0: 94.0530 (93.5276)  bad@2.0: 88.1051 (87.2478)  bad@3.0: 82.5161 (81.2036)  time: 0.4849  data: 0.0028  max mem: 15488
[16:28:58.721632] Epoch: [5]  [ 200/1630]  eta: 0:12:26  lr: 0.000029  loss: 3.6957 (3.7926)  avgerr: 17.8472 (19.0974)  rmse: 23.8510 (24.2303)  bad@0.5: 96.3389 (96.7222)  bad@1.0: 92.6818 (93.4763)  bad@2.0: 85.3678 (87.1319)  bad@3.0: 79.3417 (81.0358)  time: 0.4772  data: 0.0002  max mem: 15488
[16:29:08.443681] Epoch: [5]  [ 220/1630]  eta: 0:12:11  lr: 0.000029  loss: 3.8214 (3.7974)  avgerr: 19.6631 (19.1482)  rmse: 24.0499 (24.2490)  bad@0.5: 97.1922 (96.7436)  bad@1.0: 94.3425 (93.5150)  bad@2.0: 88.2287 (87.1981)  bad@3.0: 82.7465 (81.1328)  time: 0.4860  data: 0.0022  max mem: 15488
[16:29:18.082645] Epoch: [5]  [ 240/1630]  eta: 0:11:57  lr: 0.000029  loss: 3.5960 (3.7864)  avgerr: 16.4550 (18.9949)  rmse: 21.0731 (24.0422)  bad@0.5: 96.1048 (96.7014)  bad@1.0: 91.9438 (93.4273)  bad@2.0: 84.7998 (87.0316)  bad@3.0: 77.7723 (80.9151)  time: 0.4819  data: 0.0008  max mem: 15488
[16:29:27.775322] Epoch: [5]  [ 260/1630]  eta: 0:11:43  lr: 0.000029  loss: 3.8899 (3.7922)  avgerr: 20.9481 (19.1168)  rmse: 25.9536 (24.1627)  bad@0.5: 96.7059 (96.7049)  bad@1.0: 93.4535 (93.4361)  bad@2.0: 87.2487 (87.0480)  bad@3.0: 81.6143 (80.9488)  time: 0.4845  data: 0.0002  max mem: 15488
[16:29:37.455660] Epoch: [5]  [ 280/1630]  eta: 0:11:30  lr: 0.000029  loss: 3.7773 (3.7991)  avgerr: 18.7347 (19.2831)  rmse: 24.6539 (24.4139)  bad@0.5: 96.9983 (96.7103)  bad@1.0: 94.0037 (93.4454)  bad@2.0: 88.3524 (87.0721)  bad@3.0: 81.9504 (80.9858)  time: 0.4839  data: 0.0007  max mem: 15488
[16:29:47.120180] Epoch: [5]  [ 300/1630]  eta: 0:11:17  lr: 0.000029  loss: 3.7886 (3.8005)  avgerr: 18.7649 (19.3203)  rmse: 22.8945 (24.4735)  bad@0.5: 96.8447 (96.7093)  bad@1.0: 93.6967 (93.4425)  bad@2.0: 87.5695 (87.0754)  bad@3.0: 81.8341 (80.9960)  time: 0.4832  data: 0.0012  max mem: 15488
[16:29:56.967520] Epoch: [5]  [ 320/1630]  eta: 0:11:06  lr: 0.000029  loss: 3.7341 (3.7996)  avgerr: 17.7749 (19.2837)  rmse: 22.4534 (24.4332)  bad@0.5: 96.9416 (96.7148)  bad@1.0: 93.9366 (93.4514)  bad@2.0: 88.5113 (87.1088)  bad@3.0: 82.7800 (81.0587)  time: 0.4923  data: 0.0015  max mem: 15488
[16:30:06.602706] Epoch: [5]  [ 340/1630]  eta: 0:10:53  lr: 0.000029  loss: 3.6283 (3.7944)  avgerr: 15.9019 (19.1859)  rmse: 20.2257 (24.2943)  bad@0.5: 96.5627 (96.7052)  bad@1.0: 93.1397 (93.4313)  bad@2.0: 86.8581 (87.0718)  bad@3.0: 80.2185 (81.0148)  time: 0.4817  data: 0.0004  max mem: 15488
[16:30:16.301052] Epoch: [5]  [ 360/1630]  eta: 0:10:42  lr: 0.000029  loss: 3.7133 (3.7927)  avgerr: 17.1671 (19.1324)  rmse: 21.7575 (24.2594)  bad@0.5: 96.9362 (96.7235)  bad@1.0: 93.8284 (93.4655)  bad@2.0: 87.5389 (87.1232)  bad@3.0: 81.4175 (81.0720)  time: 0.4848  data: 0.0012  max mem: 15488
[16:30:25.938839] Epoch: [5]  [ 380/1630]  eta: 0:10:30  lr: 0.000029  loss: 3.7780 (3.7887)  avgerr: 17.3866 (19.0662)  rmse: 23.0100 (24.1895)  bad@0.5: 96.4731 (96.7079)  bad@1.0: 92.8105 (93.4341)  bad@2.0: 85.7297 (87.0663)  bad@3.0: 79.5975 (81.0025)  time: 0.4818  data: 0.0002  max mem: 15488
[16:30:35.448060] Epoch: [5]  [ 400/1630]  eta: 0:10:18  lr: 0.000029  loss: 3.7348 (3.7837)  avgerr: 17.5571 (18.9941)  rmse: 22.2533 (24.0878)  bad@0.5: 96.4955 (96.6919)  bad@1.0: 92.9620 (93.4029)  bad@2.0: 85.5449 (87.0143)  bad@3.0: 78.9169 (80.9394)  time: 0.4754  data: 0.0002  max mem: 15488
[16:30:45.033136] Epoch: [5]  [ 420/1630]  eta: 0:10:07  lr: 0.000029  loss: 3.7282 (3.7845)  avgerr: 16.8878 (18.9948)  rmse: 21.5287 (24.0688)  bad@0.5: 97.1819 (96.7085)  bad@1.0: 94.3533 (93.4359)  bad@2.0: 88.8149 (87.0746)  bad@3.0: 83.2414 (81.0133)  time: 0.4792  data: 0.0002  max mem: 15488
[16:30:54.523149] Epoch: [5]  [ 440/1630]  eta: 0:09:55  lr: 0.000029  loss: 3.6752 (3.7807)  avgerr: 16.6967 (18.9184)  rmse: 20.8666 (23.9813)  bad@0.5: 96.8576 (96.7070)  bad@1.0: 93.7652 (93.4322)  bad@2.0: 87.7153 (87.0608)  bad@3.0: 81.0932 (80.9907)  time: 0.4744  data: 0.0002  max mem: 15488
[16:31:04.218966] Epoch: [5]  [ 460/1630]  eta: 0:09:44  lr: 0.000029  loss: 3.7398 (3.7795)  avgerr: 17.2884 (18.9021)  rmse: 22.1566 (23.9370)  bad@0.5: 96.6762 (96.7004)  bad@1.0: 93.4361 (93.4186)  bad@2.0: 87.3008 (87.0315)  bad@3.0: 81.2007 (80.9465)  time: 0.4847  data: 0.0002  max mem: 15488
[16:31:13.900554] Epoch: [5]  [ 480/1630]  eta: 0:09:34  lr: 0.000029  loss: 3.6709 (3.7773)  avgerr: 16.7838 (18.8669)  rmse: 22.7491 (23.8934)  bad@0.5: 96.6605 (96.6940)  bad@1.0: 93.2977 (93.4070)  bad@2.0: 85.7109 (87.0067)  bad@3.0: 79.3258 (80.9108)  time: 0.4840  data: 0.0014  max mem: 15488
[16:31:23.539924] Epoch: [5]  [ 500/1630]  eta: 0:09:23  lr: 0.000029  loss: 3.5634 (3.7697)  avgerr: 16.6085 (18.7543)  rmse: 21.2839 (23.7620)  bad@0.5: 96.3508 (96.6820)  bad@1.0: 92.7559 (93.3828)  bad@2.0: 85.3263 (86.9511)  bad@3.0: 78.5527 (80.8264)  time: 0.4819  data: 0.0002  max mem: 15488
[16:31:33.082638] Epoch: [5]  [ 520/1630]  eta: 0:09:12  lr: 0.000029  loss: 3.6412 (3.7660)  avgerr: 16.8880 (18.6837)  rmse: 21.1164 (23.6866)  bad@0.5: 96.1232 (96.6636)  bad@1.0: 92.2472 (93.3481)  bad@2.0: 84.6861 (86.8943)  bad@3.0: 77.5809 (80.7582)  time: 0.4771  data: 0.0013  max mem: 15488
[16:31:42.676868] Epoch: [5]  [ 540/1630]  eta: 0:09:01  lr: 0.000029  loss: 3.7584 (3.7652)  avgerr: 17.3911 (18.6524)  rmse: 22.1540 (23.6435)  bad@0.5: 96.7502 (96.6572)  bad@1.0: 93.4033 (93.3364)  bad@2.0: 86.7269 (86.8771)  bad@3.0: 79.9058 (80.7354)  time: 0.4796  data: 0.0014  max mem: 15488
[16:31:52.306532] Epoch: [5]  [ 560/1630]  eta: 0:08:51  lr: 0.000029  loss: 3.7366 (3.7695)  avgerr: 17.5555 (18.7298)  rmse: 23.2984 (23.7348)  bad@0.5: 96.4834 (96.6539)  bad@1.0: 93.0168 (93.3288)  bad@2.0: 86.0484 (86.8596)  bad@3.0: 79.6985 (80.7161)  time: 0.4814  data: 0.0002  max mem: 15488
[16:32:02.016535] Epoch: [5]  [ 580/1630]  eta: 0:08:40  lr: 0.000029  loss: 3.6797 (3.7678)  avgerr: 17.1918 (18.6925)  rmse: 21.9173 (23.6866)  bad@0.5: 96.5143 (96.6435)  bad@1.0: 93.0400 (93.3099)  bad@2.0: 86.2632 (86.8308)  bad@3.0: 79.4168 (80.6868)  time: 0.4854  data: 0.0008  max mem: 15488
[16:32:11.770175] Epoch: [5]  [ 600/1630]  eta: 0:08:30  lr: 0.000029  loss: 3.6523 (3.7672)  avgerr: 17.1468 (18.7038)  rmse: 21.2185 (23.7146)  bad@0.5: 96.8051 (96.6437)  bad@1.0: 93.4985 (93.3110)  bad@2.0: 86.5229 (86.8316)  bad@3.0: 79.8638 (80.6843)  time: 0.4876  data: 0.0009  max mem: 15488
[16:32:21.496451] Epoch: [5]  [ 620/1630]  eta: 0:08:20  lr: 0.000029  loss: 3.6826 (3.7681)  avgerr: 19.2831 (18.7330)  rmse: 24.4949 (23.7578)  bad@0.5: 96.4270 (96.6388)  bad@1.0: 93.0608 (93.3019)  bad@2.0: 86.6717 (86.8186)  bad@3.0: 80.5252 (80.6734)  time: 0.4862  data: 0.0025  max mem: 15488
[16:32:31.124616] Epoch: [5]  [ 640/1630]  eta: 0:08:10  lr: 0.000029  loss: 3.6585 (3.7666)  avgerr: 15.5282 (18.6985)  rmse: 19.9488 (23.7192)  bad@0.5: 96.7390 (96.6455)  bad@1.0: 93.5483 (93.3157)  bad@2.0: 87.4734 (86.8424)  bad@3.0: 81.4127 (80.7044)  time: 0.4813  data: 0.0008  max mem: 15488
[16:32:40.790957] Epoch: [5]  [ 660/1630]  eta: 0:07:59  lr: 0.000029  loss: 3.7683 (3.7689)  avgerr: 16.9692 (18.7442)  rmse: 21.8831 (23.7739)  bad@0.5: 96.5536 (96.6438)  bad@1.0: 93.2402 (93.3127)  bad@2.0: 86.6551 (86.8416)  bad@3.0: 80.6774 (80.7113)  time: 0.4832  data: 0.0002  max mem: 15488
[16:32:50.629424] Epoch: [5]  [ 680/1630]  eta: 0:07:49  lr: 0.000029  loss: 3.8127 (3.7700)  avgerr: 18.7678 (18.7631)  rmse: 25.4649 (23.8172)  bad@0.5: 96.5953 (96.6400)  bad@1.0: 93.3789 (93.3105)  bad@2.0: 87.2364 (86.8449)  bad@3.0: 81.3946 (80.7229)  time: 0.4918  data: 0.0083  max mem: 15488
[16:33:00.865427] Epoch: [5]  [ 700/1630]  eta: 0:07:40  lr: 0.000029  loss: 3.5976 (3.7678)  avgerr: 14.9864 (18.7254)  rmse: 19.6190 (23.7793)  bad@0.5: 96.4344 (96.6354)  bad@1.0: 92.9148 (93.3007)  bad@2.0: 86.3061 (86.8219)  bad@3.0: 80.8318 (80.6911)  time: 0.5117  data: 0.0332  max mem: 15488
[16:33:10.444076] Epoch: [5]  [ 720/1630]  eta: 0:07:30  lr: 0.000029  loss: 3.6333 (3.7660)  avgerr: 15.3504 (18.6965)  rmse: 19.9477 (23.7518)  bad@0.5: 96.7650 (96.6287)  bad@1.0: 93.6045 (93.2883)  bad@2.0: 87.7143 (86.8022)  bad@3.0: 81.4625 (80.6647)  time: 0.4789  data: 0.0008  max mem: 15488
[16:33:19.940636] Epoch: [5]  [ 740/1630]  eta: 0:07:19  lr: 0.000028  loss: 3.6415 (3.7647)  avgerr: 16.5248 (18.6687)  rmse: 21.5988 (23.7249)  bad@0.5: 96.6167 (96.6337)  bad@1.0: 93.3102 (93.2965)  bad@2.0: 87.2483 (86.8139)  bad@3.0: 81.7002 (80.6755)  time: 0.4748  data: 0.0008  max mem: 15488
[16:33:29.419227] Epoch: [5]  [ 760/1630]  eta: 0:07:09  lr: 0.000028  loss: 3.5853 (3.7613)  avgerr: 16.2365 (18.6184)  rmse: 20.6008 (23.6652)  bad@0.5: 96.1278 (96.6155)  bad@1.0: 92.3535 (93.2663)  bad@2.0: 85.0207 (86.7628)  bad@3.0: 78.2566 (80.6106)  time: 0.4739  data: 0.0006  max mem: 15488
[16:33:38.991299] Epoch: [5]  [ 780/1630]  eta: 0:06:59  lr: 0.000028  loss: 3.5309 (3.7595)  avgerr: 14.2841 (18.6003)  rmse: 18.4806 (23.6368)  bad@0.5: 95.9130 (96.6030)  bad@1.0: 91.9540 (93.2390)  bad@2.0: 84.7643 (86.7087)  bad@3.0: 78.5082 (80.5445)  time: 0.4785  data: 0.0002  max mem: 15488
[16:33:48.493224] Epoch: [5]  [ 800/1630]  eta: 0:06:49  lr: 0.000028  loss: 3.7055 (3.7607)  avgerr: 17.5657 (18.6216)  rmse: 22.4384 (23.6555)  bad@0.5: 96.5580 (96.6065)  bad@1.0: 93.1061 (93.2457)  bad@2.0: 86.5898 (86.7213)  bad@3.0: 80.7406 (80.5623)  time: 0.4750  data: 0.0007  max mem: 15488
[16:33:58.131110] Epoch: [5]  [ 820/1630]  eta: 0:06:38  lr: 0.000028  loss: 3.6763 (3.7587)  avgerr: 16.3572 (18.5952)  rmse: 21.0433 (23.6246)  bad@0.5: 96.3916 (96.5977)  bad@1.0: 92.7131 (93.2283)  bad@2.0: 84.9837 (86.6860)  bad@3.0: 78.1988 (80.5091)  time: 0.4816  data: 0.0002  max mem: 15488
[16:34:07.607875] Epoch: [5]  [ 840/1630]  eta: 0:06:28  lr: 0.000028  loss: 3.6667 (3.7567)  avgerr: 17.3895 (18.5581)  rmse: 22.0278 (23.5778)  bad@0.5: 96.4746 (96.5950)  bad@1.0: 92.9641 (93.2234)  bad@2.0: 85.8881 (86.6733)  bad@3.0: 79.2404 (80.4906)  time: 0.4737  data: 0.0013  max mem: 15488
[16:34:17.251302] Epoch: [5]  [ 860/1630]  eta: 0:06:18  lr: 0.000028  loss: 3.6973 (3.7565)  avgerr: 17.1233 (18.5507)  rmse: 21.3980 (23.5650)  bad@0.5: 96.6451 (96.5942)  bad@1.0: 93.2168 (93.2228)  bad@2.0: 86.7101 (86.6714)  bad@3.0: 79.8568 (80.4848)  time: 0.4821  data: 0.0008  max mem: 15488
[16:34:26.938439] Epoch: [5]  [ 880/1630]  eta: 0:06:08  lr: 0.000028  loss: 3.5376 (3.7534)  avgerr: 14.4286 (18.4981)  rmse: 18.3538 (23.5028)  bad@0.5: 96.2313 (96.5853)  bad@1.0: 92.4626 (93.2063)  bad@2.0: 85.0398 (86.6452)  bad@3.0: 77.9006 (80.4515)  time: 0.4843  data: 0.0008  max mem: 15488
[16:34:36.732713] Epoch: [5]  [ 900/1630]  eta: 0:05:58  lr: 0.000028  loss: 3.8594 (3.7554)  avgerr: 19.9240 (18.5395)  rmse: 24.6853 (23.5520)  bad@0.5: 96.4416 (96.5784)  bad@1.0: 93.0265 (93.1946)  bad@2.0: 86.1701 (86.6313)  bad@3.0: 80.4085 (80.4456)  time: 0.4896  data: 0.0033  max mem: 15488
[16:34:46.540270] Epoch: [5]  [ 920/1630]  eta: 0:05:49  lr: 0.000028  loss: 3.7973 (3.7567)  avgerr: 18.0885 (18.5454)  rmse: 23.6774 (23.5653)  bad@0.5: 96.8036 (96.5857)  bad@1.0: 93.8033 (93.2096)  bad@2.0: 87.9221 (86.6597)  bad@3.0: 82.0574 (80.4846)  time: 0.4903  data: 0.0072  max mem: 15488
[16:34:56.814146] Epoch: [5]  [ 940/1630]  eta: 0:05:39  lr: 0.000028  loss: 3.7626 (3.7587)  avgerr: 18.8046 (18.5859)  rmse: 24.4761 (23.6159)  bad@0.5: 96.9038 (96.5904)  bad@1.0: 93.8278 (93.2185)  bad@2.0: 87.6435 (86.6747)  bad@3.0: 82.1827 (80.5019)  time: 0.5136  data: 0.0299  max mem: 15488
[16:35:06.493566] Epoch: [5]  [ 960/1630]  eta: 0:05:29  lr: 0.000028  loss: 3.7093 (3.7579)  avgerr: 17.5352 (18.5680)  rmse: 21.7435 (23.5990)  bad@0.5: 96.6766 (96.5930)  bad@1.0: 93.2643 (93.2230)  bad@2.0: 86.4580 (86.6803)  bad@3.0: 80.6773 (80.5108)  time: 0.4839  data: 0.0007  max mem: 15488
[16:35:16.266586] Epoch: [5]  [ 980/1630]  eta: 0:05:19  lr: 0.000028  loss: 3.7073 (3.7589)  avgerr: 16.7686 (18.5825)  rmse: 21.7280 (23.6144)  bad@0.5: 96.4162 (96.5912)  bad@1.0: 92.9042 (93.2195)  bad@2.0: 86.5505 (86.6731)  bad@3.0: 80.7261 (80.5044)  time: 0.4886  data: 0.0073  max mem: 15488
[16:35:25.944978] Epoch: [5]  [1000/1630]  eta: 0:05:09  lr: 0.000028  loss: 3.6713 (3.7568)  avgerr: 16.6289 (18.5558)  rmse: 21.6017 (23.5833)  bad@0.5: 95.8984 (96.5773)  bad@1.0: 92.0088 (93.1934)  bad@2.0: 84.6903 (86.6323)  bad@3.0: 79.0103 (80.4576)  time: 0.4839  data: 0.0016  max mem: 15488
[16:35:35.745744] Epoch: [5]  [1020/1630]  eta: 0:04:59  lr: 0.000028  loss: 3.6943 (3.7580)  avgerr: 16.5920 (18.5613)  rmse: 22.0097 (23.6063)  bad@0.5: 97.0009 (96.5847)  bad@1.0: 93.9211 (93.2078)  bad@2.0: 87.6872 (86.6568)  bad@3.0: 81.3982 (80.4890)  time: 0.4900  data: 0.0007  max mem: 15488
[16:35:45.449315] Epoch: [5]  [1040/1630]  eta: 0:04:49  lr: 0.000028  loss: 3.7131 (3.7574)  avgerr: 17.6550 (18.5558)  rmse: 24.7029 (23.6144)  bad@0.5: 96.4351 (96.5808)  bad@1.0: 92.9229 (93.2002)  bad@2.0: 86.2634 (86.6437)  bad@3.0: 79.9759 (80.4709)  time: 0.4851  data: 0.0002  max mem: 15488
[16:35:55.050570] Epoch: [5]  [1060/1630]  eta: 0:04:40  lr: 0.000028  loss: 3.6605 (3.7559)  avgerr: 17.9534 (18.5408)  rmse: 23.1358 (23.6026)  bad@0.5: 96.4182 (96.5794)  bad@1.0: 92.8391 (93.1962)  bad@2.0: 85.7646 (86.6342)  bad@3.0: 79.2830 (80.4558)  time: 0.4800  data: 0.0009  max mem: 15488
[16:36:04.699613] Epoch: [5]  [1080/1630]  eta: 0:04:30  lr: 0.000028  loss: 3.6390 (3.7545)  avgerr: 16.6878 (18.5297)  rmse: 21.4278 (23.5844)  bad@0.5: 96.6723 (96.5755)  bad@1.0: 93.3931 (93.1888)  bad@2.0: 86.6492 (86.6208)  bad@3.0: 79.9493 (80.4380)  time: 0.4823  data: 0.0007  max mem: 15488
[16:36:14.145018] Epoch: [5]  [1100/1630]  eta: 0:04:20  lr: 0.000028  loss: 3.6138 (3.7523)  avgerr: 16.3005 (18.5054)  rmse: 20.7412 (23.5562)  bad@0.5: 96.3316 (96.5721)  bad@1.0: 92.9008 (93.1817)  bad@2.0: 85.1956 (86.6057)  bad@3.0: 77.6227 (80.4143)  time: 0.4722  data: 0.0002  max mem: 15488
[16:36:23.733271] Epoch: [5]  [1120/1630]  eta: 0:04:10  lr: 0.000028  loss: 3.6383 (3.7511)  avgerr: 15.6378 (18.4842)  rmse: 20.2062 (23.5331)  bad@0.5: 96.7357 (96.5710)  bad@1.0: 93.4660 (93.1782)  bad@2.0: 86.6373 (86.5976)  bad@3.0: 80.8876 (80.4025)  time: 0.4793  data: 0.0011  max mem: 15488
[16:36:33.293432] Epoch: [5]  [1140/1630]  eta: 0:04:00  lr: 0.000028  loss: 3.6003 (3.7497)  avgerr: 16.7476 (18.4640)  rmse: 20.6690 (23.5203)  bad@0.5: 96.0468 (96.5640)  bad@1.0: 92.5436 (93.1660)  bad@2.0: 85.7045 (86.5767)  bad@3.0: 77.6230 (80.3729)  time: 0.4779  data: 0.0004  max mem: 15488
[16:36:42.770579] Epoch: [5]  [1160/1630]  eta: 0:03:50  lr: 0.000028  loss: 3.5628 (3.7484)  avgerr: 15.8563 (18.4635)  rmse: 18.8801 (23.5160)  bad@0.5: 96.6005 (96.5635)  bad@1.0: 92.9501 (93.1641)  bad@2.0: 85.7808 (86.5716)  bad@3.0: 79.0296 (80.3634)  time: 0.4738  data: 0.0003  max mem: 15488
[16:36:52.373896] Epoch: [5]  [1180/1630]  eta: 0:03:40  lr: 0.000028  loss: 3.5616 (3.7474)  avgerr: 15.3597 (18.4521)  rmse: 20.3914 (23.5065)  bad@0.5: 96.2597 (96.5566)  bad@1.0: 92.5902 (93.1505)  bad@2.0: 85.3075 (86.5479)  bad@3.0: 78.5793 (80.3353)  time: 0.4801  data: 0.0018  max mem: 15488
[16:37:01.828257] Epoch: [5]  [1200/1630]  eta: 0:03:30  lr: 0.000028  loss: 3.6472 (3.7462)  avgerr: 15.6943 (18.4260)  rmse: 20.3671 (23.4788)  bad@0.5: 96.4363 (96.5550)  bad@1.0: 92.9032 (93.1474)  bad@2.0: 86.2390 (86.5467)  bad@3.0: 80.0734 (80.3357)  time: 0.4726  data: 0.0002  max mem: 15488
[16:37:11.370376] Epoch: [5]  [1220/1630]  eta: 0:03:20  lr: 0.000028  loss: 3.6811 (3.7461)  avgerr: 17.7824 (18.4313)  rmse: 22.3898 (23.4841)  bad@0.5: 96.7343 (96.5546)  bad@1.0: 93.4449 (93.1470)  bad@2.0: 86.7619 (86.5445)  bad@3.0: 80.2870 (80.3313)  time: 0.4770  data: 0.0002  max mem: 15488
[16:37:20.932209] Epoch: [5]  [1240/1630]  eta: 0:03:10  lr: 0.000028  loss: 3.6954 (3.7468)  avgerr: 16.5803 (18.4404)  rmse: 20.5519 (23.4865)  bad@0.5: 96.5915 (96.5548)  bad@1.0: 93.1178 (93.1474)  bad@2.0: 86.3154 (86.5443)  bad@3.0: 79.9056 (80.3290)  time: 0.4780  data: 0.0002  max mem: 15488
[16:37:30.667618] Epoch: [5]  [1260/1630]  eta: 0:03:00  lr: 0.000028  loss: 3.7365 (3.7476)  avgerr: 16.7451 (18.4452)  rmse: 21.1840 (23.4934)  bad@0.5: 96.4673 (96.5523)  bad@1.0: 93.1305 (93.1422)  bad@2.0: 86.7820 (86.5319)  bad@3.0: 80.4002 (80.3145)  time: 0.4867  data: 0.0008  max mem: 15488
[16:37:40.388397] Epoch: [5]  [1280/1630]  eta: 0:02:51  lr: 0.000028  loss: 3.7323 (3.7477)  avgerr: 17.2632 (18.4419)  rmse: 22.5397 (23.4972)  bad@0.5: 96.6592 (96.5520)  bad@1.0: 93.2871 (93.1428)  bad@2.0: 86.7785 (86.5355)  bad@3.0: 80.3638 (80.3203)  time: 0.4860  data: 0.0009  max mem: 15488
[16:37:50.063891] Epoch: [5]  [1300/1630]  eta: 0:02:41  lr: 0.000028  loss: 3.5195 (3.7455)  avgerr: 14.5716 (18.4074)  rmse: 19.2308 (23.4597)  bad@0.5: 95.9895 (96.5468)  bad@1.0: 92.0596 (93.1321)  bad@2.0: 84.9725 (86.5138)  bad@3.0: 78.8395 (80.2903)  time: 0.4837  data: 0.0011  max mem: 15488
[16:37:59.626188] Epoch: [5]  [1320/1630]  eta: 0:02:31  lr: 0.000028  loss: 3.5704 (3.7435)  avgerr: 16.4869 (18.3852)  rmse: 22.0673 (23.4422)  bad@0.5: 95.8365 (96.5407)  bad@1.0: 91.5445 (93.1199)  bad@2.0: 83.5974 (86.4899)  bad@3.0: 76.5306 (80.2594)  time: 0.4780  data: 0.0015  max mem: 15488
[16:38:09.165418] Epoch: [5]  [1340/1630]  eta: 0:02:21  lr: 0.000028  loss: 3.5481 (3.7414)  avgerr: 15.0251 (18.3530)  rmse: 20.6393 (23.4100)  bad@0.5: 96.1683 (96.5366)  bad@1.0: 92.6338 (93.1123)  bad@2.0: 85.3875 (86.4756)  bad@3.0: 78.1074 (80.2371)  time: 0.4769  data: 0.0004  max mem: 15488
[16:38:18.787275] Epoch: [5]  [1360/1630]  eta: 0:02:11  lr: 0.000028  loss: 3.5426 (3.7396)  avgerr: 13.7968 (18.3291)  rmse: 17.6582 (23.3826)  bad@0.5: 96.4119 (96.5321)  bad@1.0: 92.7175 (93.1037)  bad@2.0: 85.7096 (86.4596)  bad@3.0: 78.5984 (80.2155)  time: 0.4810  data: 0.0009  max mem: 15488
[16:38:28.376982] Epoch: [5]  [1380/1630]  eta: 0:02:02  lr: 0.000028  loss: 3.6065 (3.7374)  avgerr: 16.2945 (18.2874)  rmse: 20.3424 (23.3316)  bad@0.5: 96.5603 (96.5314)  bad@1.0: 93.0817 (93.1017)  bad@2.0: 85.7597 (86.4515)  bad@3.0: 78.8783 (80.1989)  time: 0.4794  data: 0.0002  max mem: 15488
[16:38:37.976421] Epoch: [5]  [1400/1630]  eta: 0:01:52  lr: 0.000028  loss: 3.5242 (3.7354)  avgerr: 13.9962 (18.2642)  rmse: 17.9182 (23.3058)  bad@0.5: 95.7423 (96.5213)  bad@1.0: 91.5679 (93.0827)  bad@2.0: 83.7682 (86.4176)  bad@3.0: 76.8561 (80.1544)  time: 0.4799  data: 0.0009  max mem: 15488
[16:38:47.700679] Epoch: [5]  [1420/1630]  eta: 0:01:42  lr: 0.000028  loss: 3.6511 (3.7348)  avgerr: 16.0773 (18.2477)  rmse: 20.6251 (23.2897)  bad@0.5: 96.6075 (96.5192)  bad@1.0: 93.2581 (93.0784)  bad@2.0: 86.6418 (86.4095)  bad@3.0: 80.0635 (80.1433)  time: 0.4861  data: 0.0002  max mem: 15488
[16:38:57.257282] Epoch: [5]  [1440/1630]  eta: 0:01:32  lr: 0.000028  loss: 3.5936 (3.7336)  avgerr: 15.5210 (18.2304)  rmse: 20.1231 (23.2812)  bad@0.5: 96.1806 (96.5146)  bad@1.0: 92.3964 (93.0698)  bad@2.0: 85.1308 (86.3947)  bad@3.0: 78.4719 (80.1221)  time: 0.4778  data: 0.0002  max mem: 15488
[16:39:06.786641] Epoch: [5]  [1460/1630]  eta: 0:01:22  lr: 0.000028  loss: 3.6661 (3.7332)  avgerr: 16.4895 (18.2229)  rmse: 20.8467 (23.2721)  bad@0.5: 96.6762 (96.5150)  bad@1.0: 93.3869 (93.0704)  bad@2.0: 86.6080 (86.3968)  bad@3.0: 80.1388 (80.1235)  time: 0.4764  data: 0.0013  max mem: 15488
[16:39:16.300971] Epoch: [5]  [1480/1630]  eta: 0:01:13  lr: 0.000028  loss: 3.5045 (3.7314)  avgerr: 13.6668 (18.1910)  rmse: 17.7886 (23.2344)  bad@0.5: 96.2682 (96.5117)  bad@1.0: 92.5266 (93.0641)  bad@2.0: 85.2435 (86.3826)  bad@3.0: 78.0302 (80.1033)  time: 0.4756  data: 0.0002  max mem: 15488
[16:39:26.057581] Epoch: [5]  [1500/1630]  eta: 0:01:03  lr: 0.000028  loss: 3.6436 (3.7312)  avgerr: 16.5033 (18.1933)  rmse: 22.3475 (23.2360)  bad@0.5: 96.8516 (96.5094)  bad@1.0: 93.4656 (93.0597)  bad@2.0: 86.5069 (86.3723)  bad@3.0: 79.3355 (80.0876)  time: 0.4878  data: 0.0018  max mem: 15488
[16:39:35.631907] Epoch: [5]  [1520/1630]  eta: 0:00:53  lr: 0.000028  loss: 3.5664 (3.7301)  avgerr: 15.0218 (18.1820)  rmse: 19.7648 (23.2214)  bad@0.5: 96.3367 (96.5062)  bad@1.0: 92.6501 (93.0534)  bad@2.0: 86.1244 (86.3596)  bad@3.0: 79.4546 (80.0705)  time: 0.4787  data: 0.0010  max mem: 15488
[16:39:45.049896] Epoch: [5]  [1540/1630]  eta: 0:00:43  lr: 0.000028  loss: 3.4763 (3.7290)  avgerr: 15.6972 (18.1871)  rmse: 19.2085 (23.2218)  bad@0.5: 95.8821 (96.5010)  bad@1.0: 91.9410 (93.0436)  bad@2.0: 84.6150 (86.3427)  bad@3.0: 78.1299 (80.0469)  time: 0.4708  data: 0.0004  max mem: 15488
[16:39:54.548154] Epoch: [5]  [1560/1630]  eta: 0:00:34  lr: 0.000028  loss: 3.6612 (3.7280)  avgerr: 16.0342 (18.1745)  rmse: 20.2971 (23.2053)  bad@0.5: 96.6460 (96.5008)  bad@1.0: 93.3660 (93.0425)  bad@2.0: 86.9359 (86.3383)  bad@3.0: 81.1125 (80.0385)  time: 0.4748  data: 0.0008  max mem: 15488
[16:40:04.168911] Epoch: [5]  [1580/1630]  eta: 0:00:24  lr: 0.000028  loss: 3.6565 (3.7277)  avgerr: 17.7764 (18.1660)  rmse: 22.2519 (23.1954)  bad@0.5: 96.8880 (96.5037)  bad@1.0: 93.8082 (93.0481)  bad@2.0: 87.5336 (86.3492)  bad@3.0: 81.3884 (80.0532)  time: 0.4810  data: 0.0009  max mem: 15488
[16:40:13.998448] Epoch: [5]  [1600/1630]  eta: 0:00:14  lr: 0.000028  loss: 3.6587 (3.7274)  avgerr: 16.3322 (18.1591)  rmse: 20.7514 (23.1845)  bad@0.5: 96.6407 (96.5057)  bad@1.0: 93.3035 (93.0515)  bad@2.0: 86.8617 (86.3540)  bad@3.0: 80.9312 (80.0591)  time: 0.4914  data: 0.0008  max mem: 15488
[16:40:23.615698] Epoch: [5]  [1620/1630]  eta: 0:00:04  lr: 0.000028  loss: 3.5521 (3.7262)  avgerr: 16.1261 (18.1451)  rmse: 20.1400 (23.1728)  bad@0.5: 96.3006 (96.5028)  bad@1.0: 92.6729 (93.0461)  bad@2.0: 85.5060 (86.3455)  bad@3.0: 78.9569 (80.0498)  time: 0.4808  data: 0.0008  max mem: 15488
[16:40:27.795618] Epoch: [5]  [1629/1630]  eta: 0:00:00  lr: 0.000028  loss: 3.6175 (3.7262)  avgerr: 17.1041 (18.1504)  rmse: 21.7029 (23.1769)  bad@0.5: 96.2005 (96.5004)  bad@1.0: 92.5266 (93.0427)  bad@2.0: 85.5060 (86.3423)  bad@3.0: 78.1689 (80.0484)  time: 0.4752  data: 0.0007  max mem: 15488
[16:40:27.851352] Epoch: [5] Total time: 0:13:14 (0.4872 s / it)
[16:40:27.851465] Averaged stats: lr: 0.000028  loss: 3.6175 (3.7262)  avgerr: 17.1041 (18.1504)  rmse: 21.7029 (23.1769)  bad@0.5: 96.2005 (96.5004)  bad@1.0: 92.5266 (93.0427)  bad@2.0: 85.5060 (86.3423)  bad@3.0: 78.1689 (80.0484)
[16:40:27.855375] log_dir: ./checkpoints/gator_ft_2870882
[16:40:28.245021] Epoch: [5]  [0/3]  eta: 0:00:01  loss_tiled: 0.9657 (0.9657)  loss: 0.9750 (0.9750)  ETH3DLowResDataset_subval_avgerr: 0.9103 (0.9103)  ETH3DLowResDataset_subval_rmse: 1.4357 (1.4357)  ETH3DLowResDataset_subval_bad@0.5: 59.6935 (59.6935)  ETH3DLowResDataset_subval_bad@1.0: 29.0049 (29.0049)  ETH3DLowResDataset_subval_bad@2.0: 9.1913 (9.1913)  ETH3DLowResDataset_subval_bad@3.0: 3.2904 (3.2904)  time: 0.3890  data: 0.2128  max mem: 15488
[16:40:28.998392] Epoch: [5]  [2/3]  eta: 0:00:00  loss_tiled: 1.6935 (1.7578)  loss: 1.6705 (1.7808)  ETH3DLowResDataset_subval_avgerr: 1.8910 (2.5272)  ETH3DLowResDataset_subval_rmse: 2.2569 (3.1760)  ETH3DLowResDataset_subval_bad@0.5: 87.7446 (79.8962)  ETH3DLowResDataset_subval_bad@1.0: 74.5142 (62.9302)  ETH3DLowResDataset_subval_bad@2.0: 40.9067 (41.6261)  ETH3DLowResDataset_subval_bad@3.0: 15.9124 (28.2861)  time: 0.3806  data: 0.0710  max mem: 15488
[16:40:29.034317] Epoch: [5] Total time: 0:00:01 (0.3929 s / it)
[16:40:38.777356] Epoch: [5]  [0/6]  eta: 0:00:58  loss_tiled: 3.8665 (3.8665)  loss: 3.6075 (3.6075)  Md14Dataset_subval_avgerr: 14.2370 (14.2370)  Md14Dataset_subval_rmse: 21.7673 (21.7673)  Md14Dataset_subval_bad@0.5: 96.5969 (96.5969)  Md14Dataset_subval_bad@1.0: 93.0669 (93.0669)  Md14Dataset_subval_bad@2.0: 86.6078 (86.6078)  Md14Dataset_subval_bad@3.0: 81.0556 (81.0556)  time: 9.7423  data: 1.2091  max mem: 15488
[16:41:19.933573] Epoch: [5]  [5/6]  eta: 0:00:08  loss_tiled: 3.8665 (3.9786)  loss: 3.6970 (3.7424)  Md14Dataset_subval_avgerr: 14.3330 (15.7737)  Md14Dataset_subval_rmse: 21.2717 (22.5019)  Md14Dataset_subval_bad@0.5: 97.0150 (97.3488)  Md14Dataset_subval_bad@1.0: 93.9690 (94.6581)  Md14Dataset_subval_bad@2.0: 88.1646 (89.3993)  Md14Dataset_subval_bad@3.0: 82.6544 (84.4309)  time: 8.4830  data: 0.2016  max mem: 15488
[16:41:19.973899] Epoch: [5] Total time: 0:00:50 (8.4899 s / it)
[16:41:45.287423] Epoch: [5]  [ 0/15]  eta: 0:06:19  loss_tiled: 5.4761 (5.4761)  loss: 4.8989 (4.8989)  BoosterDataset_subval_balanced_avgerr: 38.1391 (38.1391)  BoosterDataset_subval_balanced_rmse: 49.8516 (49.8516)  BoosterDataset_subval_balanced_bad@0.5: 98.9692 (98.9692)  BoosterDataset_subval_balanced_bad@1.0: 97.8988 (97.8988)  BoosterDataset_subval_balanced_bad@2.0: 95.7795 (95.7795)  BoosterDataset_subval_balanced_bad@3.0: 93.7302 (93.7302)  time: 25.3126  data: 2.1291  max mem: 15488
[16:47:05.416015] Epoch: [5]  [14/15]  eta: 0:00:23  loss_tiled: 6.3755 (6.5660)  loss: 5.4694 (5.9985)  BoosterDataset_subval_balanced_avgerr: 49.5804 (60.2227)  BoosterDataset_subval_balanced_rmse: 67.4685 (79.7120)  BoosterDataset_subval_balanced_bad@0.5: 99.0721 (99.0300)  BoosterDataset_subval_balanced_bad@1.0: 98.1674 (98.0638)  BoosterDataset_subval_balanced_bad@2.0: 96.4596 (96.1549)  BoosterDataset_subval_balanced_bad@3.0: 94.7803 (94.2657)  time: 23.0294  data: 0.1420  max mem: 15488
[16:47:05.461283] Epoch: [5] Total time: 0:05:45 (23.0325 s / it)
[16:47:08.628627] Epoch: [5]  [ 0/20]  eta: 0:01:03  loss_tiled: 3.6124 (3.6124)  loss: 3.2834 (3.2834)  Md21Dataset_subval_avgerr: 10.4265 (10.4265)  Md21Dataset_subval_rmse: 14.7995 (14.7995)  Md21Dataset_subval_bad@0.5: 95.9328 (95.9328)  Md21Dataset_subval_bad@1.0: 92.0232 (92.0232)  Md21Dataset_subval_bad@2.0: 85.3243 (85.3243)  Md21Dataset_subval_bad@3.0: 78.6206 (78.6206)  time: 3.1665  data: 0.4635  max mem: 15488
[16:47:58.903801] Epoch: [5]  [19/20]  eta: 0:00:02  loss_tiled: 3.4058 (3.4116)  loss: 3.1358 (3.2233)  Md21Dataset_subval_avgerr: 9.1572 (9.7593)  Md21Dataset_subval_rmse: 14.1276 (14.4717)  Md21Dataset_subval_bad@0.5: 94.9777 (95.1530)  Md21Dataset_subval_bad@1.0: 89.7591 (90.3764)  Md21Dataset_subval_bad@2.0: 78.9946 (80.8257)  Md21Dataset_subval_bad@3.0: 69.0200 (71.9052)  time: 2.6715  data: 0.0233  max mem: 15488
[16:47:58.945681] Epoch: [5] Total time: 0:00:53 (2.6742 s / it)
[16:47:58.951425] Averaged stats: {'loss_tiled': 3.4115543127059937, 'loss': 3.2233153343200684, 'ETH3DLowResDataset_subval_avgerr': 2.5271689097086587, 'ETH3DLowResDataset_subval_rmse': 3.1760371128718057, 'ETH3DLowResDataset_subval_bad@0.5': 79.89623896280925, 'ETH3DLowResDataset_subval_bad@1.0': 62.93018468221029, 'ETH3DLowResDataset_subval_bad@2.0': 41.626057624816895, 'ETH3DLowResDataset_subval_bad@3.0': 28.286142349243164, 'Md14Dataset_subval_avgerr': 15.773683706919352, 'Md14Dataset_subval_rmse': 22.501856486002605, 'Md14Dataset_subval_bad@0.5': 97.34879938761394, 'Md14Dataset_subval_bad@1.0': 94.6581293741862, 'Md14Dataset_subval_bad@2.0': 89.39929707845052, 'Md14Dataset_subval_bad@3.0': 84.43088785807292, 'BoosterDataset_subval_balanced_avgerr': 60.222653198242185, 'BoosterDataset_subval_balanced_rmse': 79.71197700500488, 'BoosterDataset_subval_balanced_bad@0.5': 99.02998708089193, 'BoosterDataset_subval_balanced_bad@1.0': 98.06379597981771, 'BoosterDataset_subval_balanced_bad@2.0': 96.1548848470052, 'BoosterDataset_subval_balanced_bad@3.0': 94.26569010416667, 'Md21Dataset_subval_avgerr': 9.759346342086792, 'Md21Dataset_subval_rmse': 14.4717200756073, 'Md21Dataset_subval_bad@0.5': 95.15300750732422, 'Md21Dataset_subval_bad@1.0': 90.37640228271485, 'Md21Dataset_subval_bad@2.0': 80.8256820678711, 'Md21Dataset_subval_bad@3.0': 71.90516986846924, 'AVG_avgerr': 22.070713039239248, 'AVG_rmse': 29.96539766987165, 'AVG_bad@0.5': 92.85700823465983, 'AVG_bad@1.0': 86.50712807973227, 'AVG_bad@2.0': 77.00148040453593, 'AVG_bad@3.0': 69.721972544988}
[16:47:58.955389] >> Saving model to checkpoints/gator_ft_2870882/checkpoint-last.pth ...
[16:47:59.401950] log_dir: ./checkpoints/gator_ft_2870882
[16:48:03.943782] Epoch: [6]  [   0/1630]  eta: 2:03:21  lr: 0.000028  loss: 3.5686 (3.5686)  avgerr: 15.5962 (15.5962)  rmse: 20.6224 (20.6224)  bad@0.5: 97.0708 (97.0708)  bad@1.0: 94.0157 (94.0157)  bad@2.0: 87.9397 (87.9397)  bad@3.0: 82.2940 (82.2940)  time: 4.5407  data: 4.0675  max mem: 15488
[16:48:14.401307] Epoch: [6]  [  20/1630]  eta: 0:19:09  lr: 0.000028  loss: 3.7413 (3.7732)  avgerr: 16.8127 (19.1665)  rmse: 22.4076 (24.4955)  bad@0.5: 96.4461 (96.3953)  bad@1.0: 93.1304 (92.8550)  bad@2.0: 86.4387 (86.0587)  bad@3.0: 80.0825 (79.7582)  time: 0.5228  data: 0.0411  max mem: 15488
[16:48:25.098557] Epoch: [6]  [  40/1630]  eta: 0:16:36  lr: 0.000028  loss: 3.7165 (3.7613)  avgerr: 17.9526 (18.8342)  rmse: 22.6690 (24.1480)  bad@0.5: 96.9281 (96.6656)  bad@1.0: 93.9022 (93.3491)  bad@2.0: 88.0325 (86.9352)  bad@3.0: 81.9500 (80.8234)  time: 0.5348  data: 0.0580  max mem: 15488
[16:48:34.635421] Epoch: [6]  [  60/1630]  eta: 0:15:06  lr: 0.000028  loss: 3.5378 (3.7050)  avgerr: 15.3194 (18.0102)  rmse: 20.4007 (23.1984)  bad@0.5: 96.3937 (96.5022)  bad@1.0: 92.6731 (93.0156)  bad@2.0: 84.2901 (86.2500)  bad@3.0: 76.8568 (79.8313)  time: 0.4768  data: 0.0002  max mem: 15488
[16:48:44.172370] Epoch: [6]  [  80/1630]  eta: 0:14:16  lr: 0.000028  loss: 3.5364 (3.6726)  avgerr: 13.9618 (17.4360)  rmse: 18.5603 (22.4759)  bad@0.5: 96.2065 (96.4263)  bad@1.0: 92.5217 (92.8857)  bad@2.0: 86.0131 (86.0600)  bad@3.0: 79.8704 (79.6121)  time: 0.4768  data: 0.0006  max mem: 15488
[16:48:53.682384] Epoch: [6]  [ 100/1630]  eta: 0:13:42  lr: 0.000028  loss: 3.5055 (3.6452)  avgerr: 15.6133 (17.0740)  rmse: 19.9412 (21.9862)  bad@0.5: 95.7483 (96.2837)  bad@1.0: 91.5080 (92.5936)  bad@2.0: 83.0773 (85.5419)  bad@3.0: 76.6652 (78.9349)  time: 0.4754  data: 0.0008  max mem: 15488
[16:49:03.349187] Epoch: [6]  [ 120/1630]  eta: 0:13:17  lr: 0.000028  loss: 3.6533 (3.6746)  avgerr: 17.2144 (17.6174)  rmse: 23.2368 (22.5380)  bad@0.5: 96.0151 (96.2657)  bad@1.0: 92.2048 (92.5540)  bad@2.0: 84.1003 (85.4335)  bad@3.0: 76.6405 (78.7788)  time: 0.4832  data: 0.0003  max mem: 15488
[16:49:12.959165] Epoch: [6]  [ 140/1630]  eta: 0:12:57  lr: 0.000028  loss: 3.7445 (3.6913)  avgerr: 18.4003 (17.8651)  rmse: 23.8323 (22.7766)  bad@0.5: 96.6168 (96.3242)  bad@1.0: 93.2366 (92.6706)  bad@2.0: 86.7147 (85.6415)  bad@3.0: 80.3093 (79.0579)  time: 0.4799  data: 0.0007  max mem: 15488
[16:49:22.777352] Epoch: [6]  [ 160/1630]  eta: 0:12:41  lr: 0.000028  loss: 3.4674 (3.6813)  avgerr: 14.6815 (17.7797)  rmse: 19.2950 (22.6676)  bad@0.5: 96.0181 (96.2838)  bad@1.0: 91.7839 (92.5916)  bad@2.0: 83.6824 (85.4958)  bad@3.0: 76.4509 (78.8668)  time: 0.4908  data: 0.0150  max mem: 15488
[16:49:32.522582] Epoch: [6]  [ 180/1630]  eta: 0:12:25  lr: 0.000028  loss: 3.5856 (3.6817)  avgerr: 15.8340 (17.7760)  rmse: 20.6472 (22.6511)  bad@0.5: 96.3608 (96.2757)  bad@1.0: 92.6912 (92.5733)  bad@2.0: 85.2961 (85.4603)  bad@3.0: 78.6456 (78.8326)  time: 0.4872  data: 0.0009  max mem: 15488
[16:49:43.360444] Epoch: [6]  [ 200/1630]  eta: 0:12:19  lr: 0.000028  loss: 3.6364 (3.6918)  avgerr: 16.0134 (17.9241)  rmse: 21.9563 (22.8115)  bad@0.5: 96.5777 (96.3150)  bad@1.0: 93.1588 (92.6502)  bad@2.0: 86.5354 (85.5955)  bad@3.0: 80.4004 (79.0093)  time: 0.5418  data: 0.0680  max mem: 15488
[16:49:53.017369] Epoch: [6]  [ 220/1630]  eta: 0:12:04  lr: 0.000028  loss: 3.5756 (3.6872)  avgerr: 15.5900 (17.8537)  rmse: 19.7542 (22.7457)  bad@0.5: 96.3347 (96.3029)  bad@1.0: 92.6029 (92.6270)  bad@2.0: 86.3228 (85.5667)  bad@3.0: 79.5880 (78.9809)  time: 0.4828  data: 0.0003  max mem: 15488
[16:50:02.885537] Epoch: [6]  [ 240/1630]  eta: 0:11:52  lr: 0.000028  loss: 3.7045 (3.6878)  avgerr: 16.9760 (17.8456)  rmse: 21.4314 (22.7537)  bad@0.5: 96.2445 (96.3043)  bad@1.0: 92.5516 (92.6344)  bad@2.0: 85.7802 (85.6051)  bad@3.0: 79.6382 (79.0437)  time: 0.4933  data: 0.0015  max mem: 15488
[16:50:12.580648] Epoch: [6]  [ 260/1630]  eta: 0:11:38  lr: 0.000028  loss: 3.6088 (3.6864)  avgerr: 15.9948 (17.7935)  rmse: 20.1667 (22.6991)  bad@0.5: 96.6252 (96.3331)  bad@1.0: 93.2787 (92.6848)  bad@2.0: 86.5963 (85.6922)  bad@3.0: 80.3388 (79.1553)  time: 0.4847  data: 0.0006  max mem: 15488
[16:50:22.158211] Epoch: [6]  [ 280/1630]  eta: 0:11:25  lr: 0.000028  loss: 3.6560 (3.6810)  avgerr: 16.6205 (17.7172)  rmse: 20.0312 (22.6396)  bad@0.5: 96.5569 (96.3268)  bad@1.0: 93.1073 (92.6749)  bad@2.0: 85.6393 (85.6675)  bad@3.0: 78.5305 (79.1145)  time: 0.4788  data: 0.0005  max mem: 15488
[16:50:31.926242] Epoch: [6]  [ 300/1630]  eta: 0:11:13  lr: 0.000028  loss: 3.7293 (3.6838)  avgerr: 19.1944 (17.7740)  rmse: 23.7061 (22.7530)  bad@0.5: 95.7153 (96.3058)  bad@1.0: 91.7917 (92.6342)  bad@2.0: 83.3691 (85.5910)  bad@3.0: 76.6499 (79.0245)  time: 0.4883  data: 0.0005  max mem: 15488
[16:50:41.628459] Epoch: [6]  [ 320/1630]  eta: 0:11:01  lr: 0.000028  loss: 3.5483 (3.6801)  avgerr: 16.9183 (17.7456)  rmse: 22.8983 (22.7254)  bad@0.5: 96.1921 (96.2660)  bad@1.0: 92.4498 (92.5595)  bad@2.0: 85.3811 (85.4692)  bad@3.0: 78.5041 (78.8723)  time: 0.4850  data: 0.0009  max mem: 15488
[16:50:51.208483] Epoch: [6]  [ 340/1630]  eta: 0:10:49  lr: 0.000028  loss: 3.5173 (3.6743)  avgerr: 15.2019 (17.6457)  rmse: 21.3903 (22.6304)  bad@0.5: 95.8142 (96.2493)  bad@1.0: 91.7026 (92.5322)  bad@2.0: 83.5517 (85.4358)  bad@3.0: 76.0804 (78.8304)  time: 0.4789  data: 0.0005  max mem: 15488
[16:51:00.999512] Epoch: [6]  [ 360/1630]  eta: 0:10:38  lr: 0.000028  loss: 3.6267 (3.6794)  avgerr: 15.6005 (17.7281)  rmse: 20.6735 (22.7492)  bad@0.5: 96.4343 (96.2549)  bad@1.0: 92.9106 (92.5455)  bad@2.0: 85.7915 (85.4617)  bad@3.0: 78.1723 (78.8608)  time: 0.4895  data: 0.0011  max mem: 15488
[16:51:10.595459] Epoch: [6]  [ 380/1630]  eta: 0:10:27  lr: 0.000028  loss: 3.5393 (3.6721)  avgerr: 16.3156 (17.6522)  rmse: 20.9003 (22.6671)  bad@0.5: 95.8531 (96.2135)  bad@1.0: 91.5426 (92.4731)  bad@2.0: 83.6192 (85.3477)  bad@3.0: 76.5047 (78.7236)  time: 0.4797  data: 0.0002  max mem: 15488
[16:51:20.292575] Epoch: [6]  [ 400/1630]  eta: 0:10:16  lr: 0.000028  loss: 3.5716 (3.6704)  avgerr: 15.7340 (17.6055)  rmse: 19.2016 (22.5824)  bad@0.5: 96.2653 (96.2142)  bad@1.0: 92.5983 (92.4783)  bad@2.0: 85.9570 (85.3514)  bad@3.0: 78.9367 (78.7138)  time: 0.4848  data: 0.0008  max mem: 15488
[16:51:29.740904] Epoch: [6]  [ 420/1630]  eta: 0:10:04  lr: 0.000028  loss: 3.5722 (3.6671)  avgerr: 15.9303 (17.5424)  rmse: 20.0946 (22.5091)  bad@0.5: 95.9736 (96.2180)  bad@1.0: 92.1354 (92.4858)  bad@2.0: 84.4025 (85.3614)  bad@3.0: 78.2130 (78.7205)  time: 0.4723  data: 0.0007  max mem: 15488
[16:51:39.422724] Epoch: [6]  [ 440/1630]  eta: 0:09:53  lr: 0.000028  loss: 3.5090 (3.6628)  avgerr: 14.1056 (17.4691)  rmse: 18.5652 (22.4137)  bad@0.5: 96.3812 (96.2163)  bad@1.0: 92.8624 (92.4797)  bad@2.0: 84.8712 (85.3391)  bad@3.0: 77.8844 (78.6827)  time: 0.4840  data: 0.0002  max mem: 15488
[16:51:49.105178] Epoch: [6]  [ 460/1630]  eta: 0:09:42  lr: 0.000028  loss: 3.5313 (3.6594)  avgerr: 15.0632 (17.4221)  rmse: 20.3886 (22.3707)  bad@0.5: 96.2723 (96.2130)  bad@1.0: 92.7425 (92.4735)  bad@2.0: 85.6623 (85.3232)  bad@3.0: 78.7693 (78.6563)  time: 0.4841  data: 0.0010  max mem: 15488
[16:51:58.612063] Epoch: [6]  [ 480/1630]  eta: 0:09:31  lr: 0.000028  loss: 3.5111 (3.6558)  avgerr: 15.4680 (17.3833)  rmse: 20.1592 (22.3412)  bad@0.5: 95.9082 (96.2000)  bad@1.0: 91.9152 (92.4496)  bad@2.0: 84.5426 (85.2811)  bad@3.0: 77.6159 (78.6015)  time: 0.4753  data: 0.0008  max mem: 15488
[16:52:08.189396] Epoch: [6]  [ 500/1630]  eta: 0:09:21  lr: 0.000028  loss: 3.6849 (3.6582)  avgerr: 19.0280 (17.4280)  rmse: 25.0630 (22.4190)  bad@0.5: 96.1849 (96.2022)  bad@1.0: 92.3821 (92.4527)  bad@2.0: 85.0873 (85.2848)  bad@3.0: 77.7371 (78.6062)  time: 0.4788  data: 0.0008  max mem: 15488
[16:52:17.741447] Epoch: [6]  [ 520/1630]  eta: 0:09:10  lr: 0.000028  loss: 3.4681 (3.6531)  avgerr: 14.1188 (17.3366)  rmse: 19.0779 (22.3285)  bad@0.5: 95.9085 (96.1918)  bad@1.0: 92.1304 (92.4334)  bad@2.0: 84.2400 (85.2468)  bad@3.0: 77.1841 (78.5615)  time: 0.4775  data: 0.0002  max mem: 15488
[16:52:27.370747] Epoch: [6]  [ 540/1630]  eta: 0:08:59  lr: 0.000028  loss: 3.7601 (3.6552)  avgerr: 17.3711 (17.3540)  rmse: 22.2197 (22.3428)  bad@0.5: 96.2440 (96.2034)  bad@1.0: 92.2514 (92.4547)  bad@2.0: 84.8999 (85.2796)  bad@3.0: 78.2597 (78.6056)  time: 0.4814  data: 0.0008  max mem: 15488
[16:52:36.991776] Epoch: [6]  [ 560/1630]  eta: 0:08:49  lr: 0.000028  loss: 3.6044 (3.6565)  avgerr: 16.5765 (17.3705)  rmse: 21.7200 (22.3686)  bad@0.5: 96.6865 (96.2195)  bad@1.0: 93.2991 (92.4857)  bad@2.0: 86.3270 (85.3309)  bad@3.0: 79.4418 (78.6706)  time: 0.4810  data: 0.0012  max mem: 15488
[16:52:46.770543] Epoch: [6]  [ 580/1630]  eta: 0:08:39  lr: 0.000028  loss: 3.6201 (3.6578)  avgerr: 15.8715 (17.3665)  rmse: 20.4147 (22.3625)  bad@0.5: 96.5109 (96.2259)  bad@1.0: 93.0709 (92.4974)  bad@2.0: 86.1473 (85.3526)  bad@3.0: 80.0644 (78.6996)  time: 0.4889  data: 0.0019  max mem: 15488
[16:52:56.460874] Epoch: [6]  [ 600/1630]  eta: 0:08:29  lr: 0.000028  loss: 3.5836 (3.6584)  avgerr: 16.4761 (17.3909)  rmse: 21.2110 (22.4000)  bad@0.5: 96.0158 (96.2091)  bad@1.0: 91.9834 (92.4648)  bad@2.0: 83.9632 (85.2969)  bad@3.0: 76.0911 (78.6304)  time: 0.4844  data: 0.0015  max mem: 15488
[16:53:06.007315] Epoch: [6]  [ 620/1630]  eta: 0:08:18  lr: 0.000028  loss: 3.6946 (3.6599)  avgerr: 18.5224 (17.4231)  rmse: 22.5183 (22.4389)  bad@0.5: 96.6046 (96.2161)  bad@1.0: 93.2765 (92.4759)  bad@2.0: 86.3590 (85.3106)  bad@3.0: 79.9077 (78.6486)  time: 0.4773  data: 0.0013  max mem: 15488
[16:53:15.546673] Epoch: [6]  [ 640/1630]  eta: 0:08:08  lr: 0.000028  loss: 3.5456 (3.6587)  avgerr: 15.6011 (17.4157)  rmse: 19.8994 (22.4313)  bad@0.5: 96.1043 (96.2036)  bad@1.0: 91.9512 (92.4525)  bad@2.0: 84.9147 (85.2728)  bad@3.0: 78.3908 (78.6028)  time: 0.4769  data: 0.0002  max mem: 15488
[16:53:25.164611] Epoch: [6]  [ 660/1630]  eta: 0:07:57  lr: 0.000028  loss: 3.6231 (3.6576)  avgerr: 16.9746 (17.3944)  rmse: 20.4952 (22.4054)  bad@0.5: 96.3234 (96.1978)  bad@1.0: 92.6492 (92.4406)  bad@2.0: 85.3790 (85.2492)  bad@3.0: 78.3722 (78.5733)  time: 0.4808  data: 0.0011  max mem: 15488
[16:53:34.732351] Epoch: [6]  [ 680/1630]  eta: 0:07:47  lr: 0.000028  loss: 3.5855 (3.6580)  avgerr: 15.9891 (17.3916)  rmse: 20.0965 (22.3972)  bad@0.5: 96.5059 (96.2051)  bad@1.0: 93.0230 (92.4541)  bad@2.0: 86.3459 (85.2726)  bad@3.0: 79.7300 (78.6011)  time: 0.4783  data: 0.0002  max mem: 15488
[16:53:44.424666] Epoch: [6]  [ 700/1630]  eta: 0:07:37  lr: 0.000028  loss: 3.4846 (3.6549)  avgerr: 14.6909 (17.3462)  rmse: 19.7433 (22.3471)  bad@0.5: 96.0337 (96.1984)  bad@1.0: 92.1509 (92.4405)  bad@2.0: 84.4056 (85.2454)  bad@3.0: 76.2542 (78.5600)  time: 0.4845  data: 0.0009  max mem: 15488
[16:53:54.123307] Epoch: [6]  [ 720/1630]  eta: 0:07:27  lr: 0.000028  loss: 3.6150 (3.6545)  avgerr: 16.4950 (17.3436)  rmse: 21.9524 (22.3603)  bad@0.5: 96.4121 (96.1993)  bad@1.0: 92.8576 (92.4431)  bad@2.0: 85.9986 (85.2510)  bad@3.0: 79.0632 (78.5705)  time: 0.4849  data: 0.0015  max mem: 15488
[16:54:03.590427] Epoch: [6]  [ 740/1630]  eta: 0:07:17  lr: 0.000028  loss: 3.3952 (3.6503)  avgerr: 13.5382 (17.2830)  rmse: 17.8024 (22.2923)  bad@0.5: 95.8945 (96.1888)  bad@1.0: 91.9336 (92.4211)  bad@2.0: 84.0816 (85.2058)  bad@3.0: 77.0593 (78.5088)  time: 0.4733  data: 0.0002  max mem: 15488
[16:54:13.320772] Epoch: [6]  [ 760/1630]  eta: 0:07:07  lr: 0.000028  loss: 3.6235 (3.6502)  avgerr: 15.8837 (17.2704)  rmse: 21.3019 (22.2762)  bad@0.5: 96.6510 (96.1935)  bad@1.0: 93.3792 (92.4295)  bad@2.0: 86.2281 (85.2168)  bad@3.0: 79.3770 (78.5208)  time: 0.4864  data: 0.0002  max mem: 15488
[16:54:22.920506] Epoch: [6]  [ 780/1630]  eta: 0:06:57  lr: 0.000028  loss: 3.4573 (3.6464)  avgerr: 14.1231 (17.2035)  rmse: 18.8509 (22.1927)  bad@0.5: 96.1255 (96.1875)  bad@1.0: 92.3442 (92.4178)  bad@2.0: 84.1063 (85.1943)  bad@3.0: 77.0012 (78.4915)  time: 0.4799  data: 0.0014  max mem: 15488
[16:54:32.400640] Epoch: [6]  [ 800/1630]  eta: 0:06:47  lr: 0.000028  loss: 3.6820 (3.6492)  avgerr: 17.9918 (17.2614)  rmse: 24.9998 (22.2787)  bad@0.5: 96.1513 (96.1873)  bad@1.0: 92.0926 (92.4174)  bad@2.0: 84.8967 (85.1963)  bad@3.0: 78.3907 (78.4974)  time: 0.4739  data: 0.0002  max mem: 15488
[16:54:42.115898] Epoch: [6]  [ 820/1630]  eta: 0:06:37  lr: 0.000028  loss: 3.5025 (3.6484)  avgerr: 14.5602 (17.2499)  rmse: 20.1143 (22.2663)  bad@0.5: 95.8050 (96.1849)  bad@1.0: 91.7415 (92.4114)  bad@2.0: 84.0348 (85.1832)  bad@3.0: 77.2587 (78.4851)  time: 0.4857  data: 0.0002  max mem: 15488
[16:54:51.695916] Epoch: [6]  [ 840/1630]  eta: 0:06:27  lr: 0.000028  loss: 3.4712 (3.6471)  avgerr: 13.9299 (17.2381)  rmse: 18.8800 (22.2574)  bad@0.5: 96.1002 (96.1772)  bad@1.0: 92.2521 (92.3970)  bad@2.0: 84.9405 (85.1553)  bad@3.0: 77.1435 (78.4424)  time: 0.4789  data: 0.0009  max mem: 15488
[16:55:01.289926] Epoch: [6]  [ 860/1630]  eta: 0:06:17  lr: 0.000028  loss: 3.5430 (3.6468)  avgerr: 15.9208 (17.2371)  rmse: 21.2872 (22.2609)  bad@0.5: 96.1616 (96.1736)  bad@1.0: 92.3043 (92.3904)  bad@2.0: 84.2150 (85.1409)  bad@3.0: 77.1280 (78.4220)  time: 0.4796  data: 0.0003  max mem: 15488
[16:55:11.204907] Epoch: [6]  [ 880/1630]  eta: 0:06:07  lr: 0.000028  loss: 3.5928 (3.6452)  avgerr: 15.1148 (17.2065)  rmse: 19.8055 (22.2350)  bad@0.5: 96.3161 (96.1712)  bad@1.0: 92.7051 (92.3864)  bad@2.0: 85.4886 (85.1366)  bad@3.0: 79.0483 (78.4159)  time: 0.4957  data: 0.0134  max mem: 15488
[16:55:20.920385] Epoch: [6]  [ 900/1630]  eta: 0:05:57  lr: 0.000028  loss: 3.6411 (3.6468)  avgerr: 15.2809 (17.2216)  rmse: 19.4968 (22.2660)  bad@0.5: 96.8269 (96.1855)  bad@1.0: 93.2572 (92.4144)  bad@2.0: 87.0922 (85.1851)  bad@3.0: 80.2240 (78.4783)  time: 0.4857  data: 0.0008  max mem: 15488
[16:55:31.056425] Epoch: [6]  [ 920/1630]  eta: 0:05:48  lr: 0.000028  loss: 3.5083 (3.6454)  avgerr: 14.0815 (17.1923)  rmse: 18.4568 (22.2266)  bad@0.5: 96.3927 (96.1871)  bad@1.0: 92.7771 (92.4155)  bad@2.0: 85.3305 (85.1848)  bad@3.0: 77.8309 (78.4736)  time: 0.5067  data: 0.0222  max mem: 15488
[16:55:40.686980] Epoch: [6]  [ 940/1630]  eta: 0:05:38  lr: 0.000028  loss: 3.5472 (3.6437)  avgerr: 14.5035 (17.1651)  rmse: 18.5461 (22.1873)  bad@0.5: 95.9200 (96.1806)  bad@1.0: 91.8386 (92.4028)  bad@2.0: 84.1919 (85.1629)  bad@3.0: 77.3456 (78.4482)  time: 0.4809  data: 0.0005  max mem: 15488
[16:55:50.249027] Epoch: [6]  [ 960/1630]  eta: 0:05:28  lr: 0.000028  loss: 3.5231 (3.6429)  avgerr: 14.3380 (17.1553)  rmse: 18.5949 (22.1636)  bad@0.5: 95.8947 (96.1710)  bad@1.0: 91.9613 (92.3852)  bad@2.0: 84.5083 (85.1331)  bad@3.0: 77.7164 (78.4085)  time: 0.4780  data: 0.0003  max mem: 15488
[16:55:59.893905] Epoch: [6]  [ 980/1630]  eta: 0:05:18  lr: 0.000028  loss: 3.6349 (3.6424)  avgerr: 16.1484 (17.1494)  rmse: 21.3939 (22.1490)  bad@0.5: 95.9052 (96.1683)  bad@1.0: 91.6786 (92.3795)  bad@2.0: 83.9460 (85.1246)  bad@3.0: 77.3418 (78.3998)  time: 0.4822  data: 0.0010  max mem: 15488
[16:56:09.452170] Epoch: [6]  [1000/1630]  eta: 0:05:08  lr: 0.000028  loss: 3.4571 (3.6410)  avgerr: 14.0369 (17.1278)  rmse: 18.3206 (22.1146)  bad@0.5: 95.9474 (96.1629)  bad@1.0: 91.9982 (92.3691)  bad@2.0: 84.4369 (85.1063)  bad@3.0: 77.1278 (78.3735)  time: 0.4778  data: 0.0002  max mem: 15488
[16:56:19.167298] Epoch: [6]  [1020/1630]  eta: 0:04:58  lr: 0.000028  loss: 3.6431 (3.6424)  avgerr: 15.4099 (17.1522)  rmse: 20.1889 (22.1498)  bad@0.5: 96.3462 (96.1655)  bad@1.0: 92.8178 (92.3727)  bad@2.0: 85.6829 (85.1087)  bad@3.0: 78.9500 (78.3706)  time: 0.4857  data: 0.0007  max mem: 15488
[16:56:28.807303] Epoch: [6]  [1040/1630]  eta: 0:04:48  lr: 0.000028  loss: 3.5409 (3.6409)  avgerr: 15.0683 (17.1360)  rmse: 18.5315 (22.1360)  bad@0.5: 95.6858 (96.1600)  bad@1.0: 91.4496 (92.3619)  bad@2.0: 83.9867 (85.0843)  bad@3.0: 76.8494 (78.3358)  time: 0.4819  data: 0.0002  max mem: 15488
[16:56:38.616705] Epoch: [6]  [1060/1630]  eta: 0:04:38  lr: 0.000028  loss: 3.4399 (3.6384)  avgerr: 13.4088 (17.0947)  rmse: 17.4586 (22.0837)  bad@0.5: 96.0234 (96.1551)  bad@1.0: 92.0991 (92.3535)  bad@2.0: 84.3021 (85.0691)  bad@3.0: 76.8811 (78.3152)  time: 0.4904  data: 0.0141  max mem: 15488
[16:56:48.516238] Epoch: [6]  [1080/1630]  eta: 0:04:29  lr: 0.000028  loss: 3.5964 (3.6378)  avgerr: 15.5277 (17.0781)  rmse: 20.4056 (22.0670)  bad@0.5: 96.5858 (96.1586)  bad@1.0: 92.8372 (92.3605)  bad@2.0: 86.0567 (85.0796)  bad@3.0: 79.1112 (78.3280)  time: 0.4949  data: 0.0138  max mem: 15488
[16:56:58.994319] Epoch: [6]  [1100/1630]  eta: 0:04:19  lr: 0.000028  loss: 3.7226 (3.6387)  avgerr: 18.0231 (17.0935)  rmse: 22.2853 (22.0887)  bad@0.5: 96.2746 (96.1589)  bad@1.0: 92.4476 (92.3612)  bad@2.0: 85.5172 (85.0814)  bad@3.0: 78.7184 (78.3307)  time: 0.5238  data: 0.0464  max mem: 15488
[16:57:08.699129] Epoch: [6]  [1120/1630]  eta: 0:04:09  lr: 0.000028  loss: 3.4754 (3.6373)  avgerr: 14.3585 (17.0796)  rmse: 17.8284 (22.0698)  bad@0.5: 95.8299 (96.1538)  bad@1.0: 91.6222 (92.3541)  bad@2.0: 83.5460 (85.0666)  bad@3.0: 76.2789 (78.3068)  time: 0.4852  data: 0.0139  max mem: 15488
[16:57:18.211518] Epoch: [6]  [1140/1630]  eta: 0:03:59  lr: 0.000028  loss: 3.4591 (3.6356)  avgerr: 14.8077 (17.0713)  rmse: 18.9845 (22.0573)  bad@0.5: 95.5095 (96.1425)  bad@1.0: 91.0761 (92.3348)  bad@2.0: 83.0393 (85.0351)  bad@3.0: 75.9059 (78.2665)  time: 0.4756  data: 0.0002  max mem: 15488
[16:57:27.898359] Epoch: [6]  [1160/1630]  eta: 0:03:50  lr: 0.000028  loss: 3.6915 (3.6371)  avgerr: 16.4424 (17.1012)  rmse: 22.6971 (22.0890)  bad@0.5: 96.6015 (96.1462)  bad@1.0: 93.0187 (92.3410)  bad@2.0: 85.9182 (85.0444)  bad@3.0: 78.8443 (78.2735)  time: 0.4843  data: 0.0007  max mem: 15488
[16:57:37.527345] Epoch: [6]  [1180/1630]  eta: 0:03:40  lr: 0.000028  loss: 3.6344 (3.6381)  avgerr: 17.1340 (17.1225)  rmse: 21.7061 (22.1034)  bad@0.5: 96.0069 (96.1438)  bad@1.0: 92.1224 (92.3365)  bad@2.0: 84.8892 (85.0364)  bad@3.0: 78.4333 (78.2628)  time: 0.4814  data: 0.0002  max mem: 15488
[16:57:47.050804] Epoch: [6]  [1200/1630]  eta: 0:03:30  lr: 0.000028  loss: 3.4711 (3.6374)  avgerr: 15.0348 (17.1261)  rmse: 19.2302 (22.1101)  bad@0.5: 96.5104 (96.1430)  bad@1.0: 92.8994 (92.3349)  bad@2.0: 85.7890 (85.0320)  bad@3.0: 79.5485 (78.2592)  time: 0.4761  data: 0.0006  max mem: 15488
[16:57:56.632300] Epoch: [6]  [1220/1630]  eta: 0:03:20  lr: 0.000028  loss: 3.3904 (3.6361)  avgerr: 13.3622 (17.1098)  rmse: 17.9331 (22.0862)  bad@0.5: 95.9379 (96.1381)  bad@1.0: 91.6232 (92.3249)  bad@2.0: 84.1254 (85.0156)  bad@3.0: 77.1657 (78.2387)  time: 0.4790  data: 0.0004  max mem: 15488
[16:58:06.258718] Epoch: [6]  [1240/1630]  eta: 0:03:10  lr: 0.000028  loss: 3.5957 (3.6357)  avgerr: 16.4777 (17.0971)  rmse: 21.7046 (22.0746)  bad@0.5: 96.2853 (96.1379)  bad@1.0: 92.6009 (92.3252)  bad@2.0: 85.8012 (85.0174)  bad@3.0: 79.5824 (78.2432)  time: 0.4812  data: 0.0008  max mem: 15488
[16:58:15.758335] Epoch: [6]  [1260/1630]  eta: 0:03:00  lr: 0.000028  loss: 3.4898 (3.6348)  avgerr: 14.4725 (17.0845)  rmse: 18.8886 (22.0611)  bad@0.5: 96.2071 (96.1364)  bad@1.0: 92.6059 (92.3230)  bad@2.0: 85.4570 (85.0131)  bad@3.0: 77.5010 (78.2331)  time: 0.4749  data: 0.0007  max mem: 15488
[16:58:25.255811] Epoch: [6]  [1280/1630]  eta: 0:02:50  lr: 0.000027  loss: 3.5062 (3.6342)  avgerr: 15.1624 (17.0796)  rmse: 20.1053 (22.0640)  bad@0.5: 95.8673 (96.1334)  bad@1.0: 91.7599 (92.3176)  bad@2.0: 83.6816 (85.0013)  bad@3.0: 75.6907 (78.2150)  time: 0.4748  data: 0.0002  max mem: 15488
[16:58:34.989911] Epoch: [6]  [1300/1630]  eta: 0:02:41  lr: 0.000027  loss: 3.4861 (3.6325)  avgerr: 13.8276 (17.0557)  rmse: 18.4637 (22.0307)  bad@0.5: 96.1269 (96.1312)  bad@1.0: 92.4165 (92.3133)  bad@2.0: 85.4589 (84.9954)  bad@3.0: 79.8264 (78.2070)  time: 0.4866  data: 0.0010  max mem: 15488
[16:58:44.517971] Epoch: [6]  [1320/1630]  eta: 0:02:31  lr: 0.000027  loss: 3.6371 (3.6327)  avgerr: 18.1398 (17.0680)  rmse: 23.5065 (22.0538)  bad@0.5: 95.9465 (96.1218)  bad@1.0: 91.9972 (92.2977)  bad@2.0: 84.1595 (84.9739)  bad@3.0: 77.0517 (78.1874)  time: 0.4763  data: 0.0008  max mem: 15488
[16:58:54.099734] Epoch: [6]  [1340/1630]  eta: 0:02:21  lr: 0.000027  loss: 3.5195 (3.6315)  avgerr: 14.5053 (17.0467)  rmse: 19.3319 (22.0302)  bad@0.5: 96.4529 (96.1222)  bad@1.0: 93.0087 (92.2995)  bad@2.0: 86.0308 (84.9816)  bad@3.0: 78.9082 (78.2014)  time: 0.4790  data: 0.0011  max mem: 15488
[16:59:03.708983] Epoch: [6]  [1360/1630]  eta: 0:02:11  lr: 0.000027  loss: 3.4978 (3.6318)  avgerr: 14.5850 (17.0469)  rmse: 20.2462 (22.0349)  bad@0.5: 96.3584 (96.1258)  bad@1.0: 92.7366 (92.3060)  bad@2.0: 85.7645 (84.9933)  bad@3.0: 79.1265 (78.2178)  time: 0.4804  data: 0.0008  max mem: 15488
[16:59:13.385547] Epoch: [6]  [1380/1630]  eta: 0:02:01  lr: 0.000027  loss: 3.4619 (3.6302)  avgerr: 15.6194 (17.0209)  rmse: 19.3731 (22.0036)  bad@0.5: 96.1035 (96.1288)  bad@1.0: 92.0391 (92.3105)  bad@2.0: 84.2644 (84.9984)  bad@3.0: 77.2408 (78.2206)  time: 0.4838  data: 0.0014  max mem: 15488
[16:59:22.968486] Epoch: [6]  [1400/1630]  eta: 0:01:52  lr: 0.000027  loss: 3.6024 (3.6299)  avgerr: 16.5255 (17.0134)  rmse: 20.4714 (22.0022)  bad@0.5: 96.4742 (96.1277)  bad@1.0: 93.0340 (92.3092)  bad@2.0: 86.4726 (84.9985)  bad@3.0: 79.8738 (78.2218)  time: 0.4791  data: 0.0012  max mem: 15488
[16:59:32.465032] Epoch: [6]  [1420/1630]  eta: 0:01:42  lr: 0.000027  loss: 3.6429 (3.6305)  avgerr: 16.5016 (17.0235)  rmse: 21.6214 (22.0153)  bad@0.5: 96.4713 (96.1326)  bad@1.0: 92.9488 (92.3189)  bad@2.0: 85.6418 (85.0148)  bad@3.0: 78.2533 (78.2399)  time: 0.4748  data: 0.0008  max mem: 15488
[16:59:42.162044] Epoch: [6]  [1440/1630]  eta: 0:01:32  lr: 0.000027  loss: 3.4648 (3.6283)  avgerr: 14.6082 (16.9901)  rmse: 18.3634 (21.9702)  bad@0.5: 96.1131 (96.1321)  bad@1.0: 92.1557 (92.3168)  bad@2.0: 84.8579 (85.0083)  bad@3.0: 77.7653 (78.2279)  time: 0.4848  data: 0.0011  max mem: 15488
[16:59:51.679271] Epoch: [6]  [1460/1630]  eta: 0:01:22  lr: 0.000027  loss: 3.4176 (3.6270)  avgerr: 13.3910 (16.9700)  rmse: 17.3212 (21.9458)  bad@0.5: 95.9654 (96.1272)  bad@1.0: 92.0283 (92.3073)  bad@2.0: 84.4055 (84.9905)  bad@3.0: 76.8149 (78.2030)  time: 0.4758  data: 0.0002  max mem: 15488
[17:00:01.175088] Epoch: [6]  [1480/1630]  eta: 0:01:13  lr: 0.000027  loss: 3.7095 (3.6287)  avgerr: 16.3619 (16.9988)  rmse: 21.8170 (21.9713)  bad@0.5: 96.6187 (96.1336)  bad@1.0: 93.2437 (92.3200)  bad@2.0: 86.6242 (85.0134)  bad@3.0: 79.8706 (78.2332)  time: 0.4747  data: 0.0002  max mem: 15488
[17:00:10.800151] Epoch: [6]  [1500/1630]  eta: 0:01:03  lr: 0.000027  loss: 3.4645 (3.6271)  avgerr: 12.8905 (16.9673)  rmse: 17.0262 (21.9318)  bad@0.5: 96.2239 (96.1341)  bad@1.0: 92.2999 (92.3202)  bad@2.0: 84.5971 (85.0114)  bad@3.0: 77.7322 (78.2277)  time: 0.4812  data: 0.0004  max mem: 15488
[17:00:20.728300] Epoch: [6]  [1520/1630]  eta: 0:00:53  lr: 0.000027  loss: 3.5905 (3.6264)  avgerr: 16.2304 (16.9619)  rmse: 20.8876 (21.9249)  bad@0.5: 95.9568 (96.1312)  bad@1.0: 91.9544 (92.3146)  bad@2.0: 84.3821 (84.9994)  bad@3.0: 77.3518 (78.2098)  time: 0.4963  data: 0.0019  max mem: 15488
[17:00:30.327281] Epoch: [6]  [1540/1630]  eta: 0:00:43  lr: 0.000027  loss: 3.5708 (3.6261)  avgerr: 15.4505 (16.9603)  rmse: 20.5355 (21.9244)  bad@0.5: 96.3510 (96.1321)  bad@1.0: 92.6277 (92.3160)  bad@2.0: 85.4682 (85.0017)  bad@3.0: 78.7502 (78.2120)  time: 0.4799  data: 0.0022  max mem: 15488
[17:00:40.093404] Epoch: [6]  [1560/1630]  eta: 0:00:34  lr: 0.000027  loss: 3.5746 (3.6272)  avgerr: 15.3934 (16.9810)  rmse: 22.3649 (21.9472)  bad@0.5: 96.1317 (96.1305)  bad@1.0: 92.1923 (92.3124)  bad@2.0: 84.7870 (84.9945)  bad@3.0: 77.8461 (78.2007)  time: 0.4882  data: 0.0011  max mem: 15488
[17:00:49.649078] Epoch: [6]  [1580/1630]  eta: 0:00:24  lr: 0.000027  loss: 3.6222 (3.6277)  avgerr: 16.2455 (16.9834)  rmse: 22.3078 (21.9562)  bad@0.5: 96.6721 (96.1366)  bad@1.0: 93.2639 (92.3241)  bad@2.0: 86.9693 (85.0131)  bad@3.0: 80.7854 (78.2238)  time: 0.4777  data: 0.0002  max mem: 15488
[17:00:59.181256] Epoch: [6]  [1600/1630]  eta: 0:00:14  lr: 0.000027  loss: 3.5940 (3.6282)  avgerr: 15.9516 (16.9891)  rmse: 20.8810 (21.9622)  bad@0.5: 96.1112 (96.1331)  bad@1.0: 92.3959 (92.3172)  bad@2.0: 85.3123 (85.0006)  bad@3.0: 78.5664 (78.2085)  time: 0.4765  data: 0.0007  max mem: 15488
[17:01:08.727082] Epoch: [6]  [1620/1630]  eta: 0:00:04  lr: 0.000027  loss: 3.4837 (3.6268)  avgerr: 14.8104 (16.9668)  rmse: 18.9649 (21.9357)  bad@0.5: 96.4194 (96.1344)  bad@1.0: 92.8874 (92.3198)  bad@2.0: 85.1217 (85.0016)  bad@3.0: 77.8251 (78.2051)  time: 0.4772  data: 0.0003  max mem: 15488
[17:01:12.968625] Epoch: [6]  [1629/1630]  eta: 0:00:00  lr: 0.000027  loss: 3.6031 (3.6271)  avgerr: 16.1484 (16.9725)  rmse: 21.2319 (21.9473)  bad@0.5: 96.4567 (96.1375)  bad@1.0: 92.8874 (92.3260)  bad@2.0: 85.6030 (85.0125)  bad@3.0: 77.8251 (78.2178)  time: 0.4754  data: 0.0001  max mem: 15488
[17:01:13.018267] Epoch: [6] Total time: 0:13:13 (0.4869 s / it)
[17:01:13.018381] Averaged stats: lr: 0.000027  loss: 3.6031 (3.6271)  avgerr: 16.1484 (16.9725)  rmse: 21.2319 (21.9473)  bad@0.5: 96.4567 (96.1375)  bad@1.0: 92.8874 (92.3260)  bad@2.0: 85.6030 (85.0125)  bad@3.0: 77.8251 (78.2178)
[17:01:13.022515] log_dir: ./checkpoints/gator_ft_2870882
[17:01:13.416730] Epoch: [6]  [0/3]  eta: 0:00:01  loss_tiled: 0.7634 (0.7634)  loss: 0.8590 (0.8590)  ETH3DLowResDataset_subval_avgerr: 0.9864 (0.9864)  ETH3DLowResDataset_subval_rmse: 1.6715 (1.6715)  ETH3DLowResDataset_subval_bad@0.5: 52.8003 (52.8003)  ETH3DLowResDataset_subval_bad@1.0: 31.4417 (31.4417)  ETH3DLowResDataset_subval_bad@2.0: 15.0532 (15.0532)  ETH3DLowResDataset_subval_bad@3.0: 5.1007 (5.1007)  time: 0.3936  data: 0.2165  max mem: 15488
[17:01:14.170967] Epoch: [6]  [2/3]  eta: 0:00:00  loss_tiled: 2.1567 (1.9807)  loss: 2.2323 (2.0690)  ETH3DLowResDataset_subval_avgerr: 2.9901 (3.3607)  ETH3DLowResDataset_subval_rmse: 3.2817 (4.1080)  ETH3DLowResDataset_subval_bad@0.5: 96.1264 (81.8200)  ETH3DLowResDataset_subval_bad@1.0: 91.5771 (71.7407)  ETH3DLowResDataset_subval_bad@2.0: 76.6018 (58.2878)  ETH3DLowResDataset_subval_bad@3.0: 50.5587 (42.9307)  time: 0.3824  data: 0.0722  max mem: 15488
[17:01:14.205848] Epoch: [6] Total time: 0:00:01 (0.3944 s / it)
[17:01:23.925640] Epoch: [6]  [0/6]  eta: 0:00:58  loss_tiled: 3.9347 (3.9347)  loss: 3.7501 (3.7501)  Md14Dataset_subval_avgerr: 15.4110 (15.4110)  Md14Dataset_subval_rmse: 22.0964 (22.0964)  Md14Dataset_subval_bad@0.5: 97.9730 (97.9730)  Md14Dataset_subval_bad@1.0: 95.9266 (95.9266)  Md14Dataset_subval_bad@2.0: 91.6456 (91.6456)  Md14Dataset_subval_bad@3.0: 87.2286 (87.2286)  time: 9.7190  data: 1.2020  max mem: 15488
[17:02:05.020016] Epoch: [6]  [5/6]  eta: 0:00:08  loss_tiled: 3.9498 (4.0774)  loss: 3.7900 (3.8986)  Md14Dataset_subval_avgerr: 16.6243 (18.5017)  Md14Dataset_subval_rmse: 23.7505 (25.6332)  Md14Dataset_subval_bad@0.5: 97.9730 (98.1368)  Md14Dataset_subval_bad@1.0: 95.9266 (96.2590)  Md14Dataset_subval_bad@2.0: 91.6456 (92.4801)  Md14Dataset_subval_bad@3.0: 87.2286 (88.6017)  time: 8.4688  data: 0.2004  max mem: 15488
[17:02:05.056884] Epoch: [6] Total time: 0:00:50 (8.4751 s / it)
[17:02:27.933912] Epoch: [6]  [ 0/15]  eta: 0:05:43  loss_tiled: 5.2958 (5.2958)  loss: 4.8349 (4.8349)  BoosterDataset_subval_balanced_avgerr: 36.7874 (36.7874)  BoosterDataset_subval_balanced_rmse: 47.4494 (47.4494)  BoosterDataset_subval_balanced_bad@0.5: 98.9592 (98.9592)  BoosterDataset_subval_balanced_bad@1.0: 97.9124 (97.9124)  BoosterDataset_subval_balanced_bad@2.0: 95.7985 (95.7985)  BoosterDataset_subval_balanced_bad@3.0: 93.6145 (93.6145)  time: 22.8763  data: 2.3749  max mem: 15488
[17:07:12.657208] Epoch: [6]  [14/15]  eta: 0:00:20  loss_tiled: 6.5116 (6.5778)  loss: 6.0200 (6.1132)  BoosterDataset_subval_balanced_avgerr: 59.6731 (62.4087)  BoosterDataset_subval_balanced_rmse: 80.3914 (79.9128)  BoosterDataset_subval_balanced_bad@0.5: 99.3759 (99.3332)  BoosterDataset_subval_balanced_bad@1.0: 98.7352 (98.6630)  BoosterDataset_subval_balanced_bad@2.0: 97.3800 (97.3333)  BoosterDataset_subval_balanced_bad@3.0: 95.9325 (95.9816)  time: 20.5066  data: 0.1584  max mem: 15488
[17:07:12.700164] Epoch: [6] Total time: 0:05:07 (20.5095 s / it)
[17:07:15.645884] Epoch: [6]  [ 0/20]  eta: 0:00:58  loss_tiled: 3.6035 (3.6035)  loss: 3.4736 (3.4736)  Md21Dataset_subval_avgerr: 11.8147 (11.8147)  Md21Dataset_subval_rmse: 15.2152 (15.2152)  Md21Dataset_subval_bad@0.5: 97.9102 (97.9102)  Md21Dataset_subval_bad@1.0: 95.5795 (95.5795)  Md21Dataset_subval_bad@2.0: 91.4273 (91.4273)  Md21Dataset_subval_bad@3.0: 86.9487 (86.9487)  time: 2.9450  data: 0.5172  max mem: 15488
[17:08:00.076309] Epoch: [6]  [19/20]  eta: 0:00:02  loss_tiled: 3.3758 (3.4157)  loss: 3.2691 (3.3127)  Md21Dataset_subval_avgerr: 10.5858 (10.8144)  Md21Dataset_subval_rmse: 14.6201 (14.8176)  Md21Dataset_subval_bad@0.5: 96.1074 (96.2208)  Md21Dataset_subval_bad@1.0: 92.1678 (92.4353)  Md21Dataset_subval_bad@2.0: 84.4590 (84.9364)  Md21Dataset_subval_bad@3.0: 76.9778 (77.4340)  time: 2.3687  data: 0.0259  max mem: 15488
[17:08:00.122493] Epoch: [6] Total time: 0:00:47 (2.3711 s / it)
[17:08:00.124188] Averaged stats: {'loss_tiled': 3.415679705142975, 'loss': 3.3127143383026123, 'ETH3DLowResDataset_subval_avgerr': 3.3607348203659058, 'ETH3DLowResDataset_subval_rmse': 4.108023762702942, 'ETH3DLowResDataset_subval_bad@0.5': 81.82004419962566, 'ETH3DLowResDataset_subval_bad@1.0': 71.7407455444336, 'ETH3DLowResDataset_subval_bad@2.0': 58.2878220876058, 'ETH3DLowResDataset_subval_bad@3.0': 42.93071190516154, 'Md14Dataset_subval_avgerr': 18.50168816248576, 'Md14Dataset_subval_rmse': 25.63320477803548, 'Md14Dataset_subval_bad@0.5': 98.13675944010417, 'Md14Dataset_subval_bad@1.0': 96.25898869832356, 'Md14Dataset_subval_bad@2.0': 92.48011144002278, 'Md14Dataset_subval_bad@3.0': 88.60170364379883, 'BoosterDataset_subval_balanced_avgerr': 62.408694966634116, 'BoosterDataset_subval_balanced_rmse': 79.91284408569337, 'BoosterDataset_subval_balanced_bad@0.5': 99.33322296142578, 'BoosterDataset_subval_balanced_bad@1.0': 98.66302897135417, 'BoosterDataset_subval_balanced_bad@2.0': 97.3333028157552, 'BoosterDataset_subval_balanced_bad@3.0': 95.9815673828125, 'Md21Dataset_subval_avgerr': 10.814380884170532, 'Md21Dataset_subval_rmse': 14.817642450332642, 'Md21Dataset_subval_bad@0.5': 96.22080421447754, 'Md21Dataset_subval_bad@1.0': 92.43534622192382, 'Md21Dataset_subval_bad@2.0': 84.93639183044434, 'Md21Dataset_subval_bad@3.0': 77.43396682739258, 'AVG_avgerr': 23.77137470841408, 'AVG_rmse': 31.117928769191106, 'AVG_bad@0.5': 93.87770770390829, 'AVG_bad@1.0': 89.77452735900879, 'AVG_bad@2.0': 83.25940704345703, 'AVG_bad@3.0': 76.23698743979136}
[17:08:00.128918] >> Saving model to checkpoints/gator_ft_2870882/checkpoint-last.pth ...
[17:08:00.599714] log_dir: ./checkpoints/gator_ft_2870882
[17:08:04.513302] Epoch: [7]  [   0/1630]  eta: 1:46:17  lr: 0.000027  loss: 3.2652 (3.2652)  avgerr: 10.2313 (10.2313)  rmse: 12.8258 (12.8258)  bad@0.5: 96.7757 (96.7757)  bad@1.0: 93.5066 (93.5066)  bad@2.0: 86.9478 (86.9478)  bad@3.0: 80.3938 (80.3938)  time: 3.9127  data: 3.4479  max mem: 15488
[17:08:15.379988] Epoch: [7]  [  20/1630]  eta: 0:18:52  lr: 0.000027  loss: 3.5214 (3.5145)  avgerr: 14.8221 (14.9822)  rmse: 19.4608 (19.4108)  bad@0.5: 96.4115 (96.1404)  bad@1.0: 92.6990 (92.2391)  bad@2.0: 85.4159 (84.7887)  bad@3.0: 78.5843 (77.8661)  time: 0.5433  data: 0.0602  max mem: 15488
[17:08:25.671450] Epoch: [7]  [  40/1630]  eta: 0:16:12  lr: 0.000027  loss: 3.6466 (3.5668)  avgerr: 16.8819 (16.2482)  rmse: 21.5511 (21.0870)  bad@0.5: 96.1571 (96.1234)  bad@1.0: 92.3169 (92.2011)  bad@2.0: 85.0322 (84.7509)  bad@3.0: 78.3936 (77.8755)  time: 0.5145  data: 0.0381  max mem: 15488
[17:08:35.772950] Epoch: [7]  [  60/1630]  eta: 0:15:04  lr: 0.000027  loss: 3.6194 (3.6090)  avgerr: 16.9548 (17.0684)  rmse: 20.9908 (22.1108)  bad@0.5: 95.8183 (96.0727)  bad@1.0: 91.6322 (92.1109)  bad@2.0: 83.9581 (84.5671)  bad@3.0: 77.1591 (77.5955)  time: 0.5044  data: 0.0296  max mem: 15488
[17:08:45.331832] Epoch: [7]  [  80/1630]  eta: 0:14:15  lr: 0.000027  loss: 3.4331 (3.5841)  avgerr: 13.4241 (16.5782)  rmse: 17.3464 (21.5098)  bad@0.5: 96.4327 (96.0394)  bad@1.0: 92.8468 (92.0641)  bad@2.0: 85.8386 (84.4963)  bad@3.0: 78.7751 (77.5040)  time: 0.4779  data: 0.0008  max mem: 15488
[17:08:55.012672] Epoch: [7]  [ 100/1630]  eta: 0:13:43  lr: 0.000027  loss: 3.6351 (3.5838)  avgerr: 17.1286 (16.6017)  rmse: 22.1809 (21.5704)  bad@0.5: 96.1401 (95.9884)  bad@1.0: 92.1491 (91.9679)  bad@2.0: 85.1496 (84.3741)  bad@3.0: 78.1201 (77.4051)  time: 0.4840  data: 0.0009  max mem: 15488
[17:09:04.800775] Epoch: [7]  [ 120/1630]  eta: 0:13:20  lr: 0.000027  loss: 3.5445 (3.5959)  avgerr: 15.6770 (16.7959)  rmse: 20.8909 (21.8477)  bad@0.5: 96.2774 (96.0431)  bad@1.0: 92.5515 (92.0777)  bad@2.0: 85.4146 (84.5810)  bad@3.0: 78.9097 (77.6516)  time: 0.4893  data: 0.0005  max mem: 15488
[17:09:14.476086] Epoch: [7]  [ 140/1630]  eta: 0:13:00  lr: 0.000027  loss: 3.5719 (3.6186)  avgerr: 16.3169 (17.1290)  rmse: 21.6467 (22.2065)  bad@0.5: 96.4040 (96.0850)  bad@1.0: 92.9196 (92.1738)  bad@2.0: 85.9623 (84.7888)  bad@3.0: 79.4584 (77.9481)  time: 0.4837  data: 0.0017  max mem: 15488
[17:09:24.139615] Epoch: [7]  [ 160/1630]  eta: 0:12:42  lr: 0.000027  loss: 3.4677 (3.6046)  avgerr: 14.3282 (16.8810)  rmse: 18.9344 (21.8697)  bad@0.5: 96.1923 (96.0802)  bad@1.0: 92.2609 (92.1740)  bad@2.0: 84.6839 (84.7704)  bad@3.0: 77.1130 (77.8806)  time: 0.4831  data: 0.0012  max mem: 15488
[17:09:33.682487] Epoch: [7]  [ 180/1630]  eta: 0:12:25  lr: 0.000027  loss: 3.4025 (3.5885)  avgerr: 12.8611 (16.6222)  rmse: 17.5375 (21.5799)  bad@0.5: 95.7765 (96.0646)  bad@1.0: 91.7124 (92.1461)  bad@2.0: 83.9844 (84.7149)  bad@3.0: 77.2698 (77.8064)  time: 0.4771  data: 0.0007  max mem: 15488
[17:09:43.310890] Epoch: [7]  [ 200/1630]  eta: 0:12:10  lr: 0.000027  loss: 3.5473 (3.5830)  avgerr: 15.8612 (16.5342)  rmse: 20.0353 (21.4761)  bad@0.5: 96.0409 (96.0405)  bad@1.0: 92.0526 (92.1025)  bad@2.0: 83.7884 (84.5995)  bad@3.0: 75.7778 (77.6517)  time: 0.4813  data: 0.0002  max mem: 15488
[17:09:52.911353] Epoch: [7]  [ 220/1630]  eta: 0:11:56  lr: 0.000027  loss: 3.5657 (3.5835)  avgerr: 15.5772 (16.4980)  rmse: 19.1386 (21.4003)  bad@0.5: 96.5252 (96.0567)  bad@1.0: 92.9064 (92.1357)  bad@2.0: 86.1227 (84.6506)  bad@3.0: 78.8172 (77.6994)  time: 0.4800  data: 0.0021  max mem: 15488
[17:10:02.448350] Epoch: [7]  [ 240/1630]  eta: 0:11:42  lr: 0.000027  loss: 3.4735 (3.5830)  avgerr: 14.4758 (16.5132)  rmse: 18.6774 (21.4370)  bad@0.5: 96.1056 (96.0315)  bad@1.0: 91.8909 (92.0885)  bad@2.0: 83.4914 (84.5701)  bad@3.0: 77.9454 (77.6090)  time: 0.4767  data: 0.0008  max mem: 15488
[17:10:12.000894] Epoch: [7]  [ 260/1630]  eta: 0:11:29  lr: 0.000027  loss: 3.5938 (3.5819)  avgerr: 15.4170 (16.5015)  rmse: 20.8709 (21.3971)  bad@0.5: 95.8974 (96.0308)  bad@1.0: 91.6952 (92.0842)  bad@2.0: 83.4603 (84.5345)  bad@3.0: 75.5238 (77.5513)  time: 0.4776  data: 0.0009  max mem: 15488
[17:10:21.764198] Epoch: [7]  [ 280/1630]  eta: 0:11:17  lr: 0.000027  loss: 3.5021 (3.5809)  avgerr: 14.8303 (16.4707)  rmse: 19.0534 (21.3744)  bad@0.5: 96.0542 (96.0256)  bad@1.0: 92.4483 (92.0749)  bad@2.0: 84.8232 (84.5079)  bad@3.0: 76.8235 (77.5086)  time: 0.4875  data: 0.0021  max mem: 15488
[17:10:31.253467] Epoch: [7]  [ 300/1630]  eta: 0:11:05  lr: 0.000027  loss: 3.4433 (3.5709)  avgerr: 13.5388 (16.3191)  rmse: 18.4080 (21.1841)  bad@0.5: 95.4108 (95.9943)  bad@1.0: 90.8902 (92.0154)  bad@2.0: 82.4980 (84.3839)  bad@3.0: 74.8275 (77.3262)  time: 0.4744  data: 0.0002  max mem: 15488
[17:10:40.805351] Epoch: [7]  [ 320/1630]  eta: 0:10:53  lr: 0.000027  loss: 3.5755 (3.5714)  avgerr: 15.7804 (16.3394)  rmse: 20.1209 (21.1924)  bad@0.5: 95.5545 (95.9679)  bad@1.0: 91.0988 (91.9659)  bad@2.0: 82.7092 (84.2931)  bad@3.0: 75.2902 (77.2118)  time: 0.4775  data: 0.0025  max mem: 15488
[17:10:50.356542] Epoch: [7]  [ 340/1630]  eta: 0:10:41  lr: 0.000027  loss: 3.4368 (3.5651)  avgerr: 14.6477 (16.2348)  rmse: 19.1377 (21.0778)  bad@0.5: 95.6975 (95.9564)  bad@1.0: 91.2488 (91.9373)  bad@2.0: 82.9557 (84.2303)  bad@3.0: 75.1599 (77.1276)  time: 0.4775  data: 0.0002  max mem: 15488
[17:10:59.932266] Epoch: [7]  [ 360/1630]  eta: 0:10:30  lr: 0.000027  loss: 3.3839 (3.5569)  avgerr: 13.5440 (16.1171)  rmse: 16.8806 (20.9416)  bad@0.5: 95.7814 (95.9221)  bad@1.0: 91.5534 (91.8741)  bad@2.0: 82.5240 (84.1274)  bad@3.0: 75.5526 (77.0031)  time: 0.4787  data: 0.0012  max mem: 15488
[17:11:09.487358] Epoch: [7]  [ 380/1630]  eta: 0:10:19  lr: 0.000027  loss: 3.4825 (3.5580)  avgerr: 14.4241 (16.1429)  rmse: 18.1666 (20.9692)  bad@0.5: 95.9124 (95.9163)  bad@1.0: 91.9091 (91.8659)  bad@2.0: 84.2245 (84.1214)  bad@3.0: 77.1207 (77.0034)  time: 0.4777  data: 0.0005  max mem: 15488
[17:11:19.133548] Epoch: [7]  [ 400/1630]  eta: 0:10:08  lr: 0.000027  loss: 3.5214 (3.5609)  avgerr: 16.0044 (16.1878)  rmse: 20.6368 (21.0312)  bad@0.5: 96.3513 (95.9181)  bad@1.0: 92.6952 (91.8706)  bad@2.0: 85.0808 (84.1372)  bad@3.0: 78.4398 (77.0387)  time: 0.4822  data: 0.0007  max mem: 15488
[17:11:28.786509] Epoch: [7]  [ 420/1630]  eta: 0:09:58  lr: 0.000027  loss: 3.5683 (3.5635)  avgerr: 15.6532 (16.2122)  rmse: 20.6929 (21.0652)  bad@0.5: 96.7156 (95.9420)  bad@1.0: 93.1812 (91.9149)  bad@2.0: 86.8382 (84.2212)  bad@3.0: 79.3115 (77.1532)  time: 0.4826  data: 0.0020  max mem: 15488
[17:11:38.390386] Epoch: [7]  [ 440/1630]  eta: 0:09:47  lr: 0.000027  loss: 3.5317 (3.5631)  avgerr: 14.7355 (16.1865)  rmse: 19.4595 (21.0269)  bad@0.5: 96.2651 (95.9550)  bad@1.0: 92.7967 (91.9470)  bad@2.0: 85.5033 (84.2879)  bad@3.0: 77.8768 (77.2377)  time: 0.4801  data: 0.0006  max mem: 15488
[17:11:48.106264] Epoch: [7]  [ 460/1630]  eta: 0:09:37  lr: 0.000027  loss: 3.4972 (3.5601)  avgerr: 14.8635 (16.1349)  rmse: 20.2428 (20.9819)  bad@0.5: 96.0458 (95.9602)  bad@1.0: 92.0528 (91.9552)  bad@2.0: 84.3568 (84.2941)  bad@3.0: 76.8192 (77.2334)  time: 0.4857  data: 0.0020  max mem: 15488
[17:11:57.687505] Epoch: [7]  [ 480/1630]  eta: 0:09:26  lr: 0.000027  loss: 3.5700 (3.5613)  avgerr: 16.5228 (16.1608)  rmse: 20.8905 (20.9962)  bad@0.5: 96.3707 (95.9744)  bad@1.0: 92.7146 (91.9838)  bad@2.0: 85.5779 (84.3533)  bad@3.0: 78.6886 (77.3109)  time: 0.4790  data: 0.0008  max mem: 15488
[17:12:07.281623] Epoch: [7]  [ 500/1630]  eta: 0:09:16  lr: 0.000027  loss: 3.5292 (3.5621)  avgerr: 15.0927 (16.1426)  rmse: 19.0612 (20.9643)  bad@0.5: 96.6600 (96.0021)  bad@1.0: 93.0457 (92.0351)  bad@2.0: 86.0812 (84.4419)  bad@3.0: 79.0948 (77.4280)  time: 0.4796  data: 0.0004  max mem: 15488
[17:12:16.954698] Epoch: [7]  [ 520/1630]  eta: 0:09:06  lr: 0.000027  loss: 3.4581 (3.5606)  avgerr: 14.4926 (16.1232)  rmse: 19.3747 (20.9505)  bad@0.5: 95.8183 (96.0009)  bad@1.0: 91.7982 (92.0334)  bad@2.0: 84.1506 (84.4351)  bad@3.0: 77.5336 (77.4191)  time: 0.4835  data: 0.0014  max mem: 15488
[17:12:26.656746] Epoch: [7]  [ 540/1630]  eta: 0:08:55  lr: 0.000027  loss: 3.5783 (3.5641)  avgerr: 15.4688 (16.1440)  rmse: 19.1664 (20.9735)  bad@0.5: 96.1758 (96.0086)  bad@1.0: 92.2919 (92.0488)  bad@2.0: 84.3844 (84.4567)  bad@3.0: 76.8823 (77.4298)  time: 0.4850  data: 0.0008  max mem: 15488
[17:12:36.327302] Epoch: [7]  [ 560/1630]  eta: 0:08:45  lr: 0.000027  loss: 3.5505 (3.5676)  avgerr: 15.3911 (16.1830)  rmse: 20.5947 (21.0180)  bad@0.5: 96.1090 (96.0086)  bad@1.0: 92.3094 (92.0510)  bad@2.0: 84.7875 (84.4651)  bad@3.0: 77.3295 (77.4453)  time: 0.4834  data: 0.0008  max mem: 15488
[17:12:45.959721] Epoch: [7]  [ 580/1630]  eta: 0:08:35  lr: 0.000027  loss: 3.5038 (3.5687)  avgerr: 16.9083 (16.2070)  rmse: 22.3982 (21.0412)  bad@0.5: 96.1331 (96.0082)  bad@1.0: 92.4085 (92.0501)  bad@2.0: 84.8504 (84.4658)  bad@3.0: 78.2087 (77.4497)  time: 0.4816  data: 0.0008  max mem: 15488
[17:12:55.548824] Epoch: [7]  [ 600/1630]  eta: 0:08:25  lr: 0.000027  loss: 3.5316 (3.5694)  avgerr: 14.6189 (16.2173)  rmse: 20.5078 (21.0774)  bad@0.5: 96.5034 (96.0177)  bad@1.0: 93.1384 (92.0696)  bad@2.0: 86.4765 (84.4998)  bad@3.0: 79.7612 (77.4972)  time: 0.4794  data: 0.0007  max mem: 15488
[17:13:05.145287] Epoch: [7]  [ 620/1630]  eta: 0:08:15  lr: 0.000027  loss: 3.5164 (3.5686)  avgerr: 15.1117 (16.1944)  rmse: 18.8500 (21.0415)  bad@0.5: 95.9574 (96.0219)  bad@1.0: 91.8887 (92.0779)  bad@2.0: 84.7844 (84.5160)  bad@3.0: 78.4308 (77.5123)  time: 0.4798  data: 0.0010  max mem: 15488
[17:13:14.709967] Epoch: [7]  [ 640/1630]  eta: 0:08:05  lr: 0.000027  loss: 3.4983 (3.5690)  avgerr: 13.3664 (16.1961)  rmse: 17.2526 (21.0278)  bad@0.5: 96.3184 (96.0341)  bad@1.0: 92.4889 (92.1018)  bad@2.0: 85.8424 (84.5595)  bad@3.0: 79.8782 (77.5684)  time: 0.4782  data: 0.0005  max mem: 15488
[17:13:24.432398] Epoch: [7]  [ 660/1630]  eta: 0:07:55  lr: 0.000027  loss: 3.5242 (3.5706)  avgerr: 14.8095 (16.2219)  rmse: 19.6094 (21.0552)  bad@0.5: 96.4863 (96.0472)  bad@1.0: 93.0257 (92.1286)  bad@2.0: 86.2383 (84.6075)  bad@3.0: 79.6715 (77.6297)  time: 0.4861  data: 0.0014  max mem: 15488
[17:13:34.197999] Epoch: [7]  [ 680/1630]  eta: 0:07:45  lr: 0.000027  loss: 3.5138 (3.5695)  avgerr: 14.5096 (16.2016)  rmse: 18.7550 (21.0276)  bad@0.5: 96.1961 (96.0457)  bad@1.0: 92.4204 (92.1245)  bad@2.0: 85.0376 (84.5985)  bad@3.0: 78.2203 (77.6212)  time: 0.4882  data: 0.0019  max mem: 15488
[17:13:43.996544] Epoch: [7]  [ 700/1630]  eta: 0:07:35  lr: 0.000027  loss: 3.6457 (3.5749)  avgerr: 19.0219 (16.2858)  rmse: 23.7940 (21.1274)  bad@0.5: 96.6815 (96.0531)  bad@1.0: 93.2741 (92.1388)  bad@2.0: 86.3030 (84.6285)  bad@3.0: 79.2906 (77.6684)  time: 0.4898  data: 0.0007  max mem: 15488
[17:13:53.577871] Epoch: [7]  [ 720/1630]  eta: 0:07:25  lr: 0.000027  loss: 3.4720 (3.5731)  avgerr: 13.8174 (16.2450)  rmse: 18.0974 (21.0753)  bad@0.5: 96.0756 (96.0545)  bad@1.0: 92.3824 (92.1416)  bad@2.0: 85.5774 (84.6354)  bad@3.0: 78.9653 (77.6782)  time: 0.4790  data: 0.0007  max mem: 15488
[17:14:03.353092] Epoch: [7]  [ 740/1630]  eta: 0:07:15  lr: 0.000027  loss: 3.5981 (3.5752)  avgerr: 17.8322 (16.3047)  rmse: 23.5442 (21.1565)  bad@0.5: 95.8234 (96.0451)  bad@1.0: 91.6095 (92.1232)  bad@2.0: 83.5812 (84.5976)  bad@3.0: 75.3014 (77.6289)  time: 0.4887  data: 0.0004  max mem: 15488
[17:14:13.043049] Epoch: [7]  [ 760/1630]  eta: 0:07:05  lr: 0.000027  loss: 3.6327 (3.5804)  avgerr: 16.1781 (16.3953)  rmse: 21.6218 (21.2543)  bad@0.5: 96.6234 (96.0516)  bad@1.0: 93.1184 (92.1372)  bad@2.0: 86.6060 (84.6297)  bad@3.0: 80.7897 (77.6775)  time: 0.4844  data: 0.0020  max mem: 15488
[17:14:22.677947] Epoch: [7]  [ 780/1630]  eta: 0:06:55  lr: 0.000027  loss: 3.5655 (3.5804)  avgerr: 15.2477 (16.4040)  rmse: 21.3600 (21.2684)  bad@0.5: 96.3710 (96.0503)  bad@1.0: 92.7501 (92.1376)  bad@2.0: 85.4153 (84.6377)  bad@3.0: 77.9927 (77.6928)  time: 0.4800  data: 0.0003  max mem: 15488
[17:14:32.345477] Epoch: [7]  [ 800/1630]  eta: 0:06:45  lr: 0.000027  loss: 3.4740 (3.5797)  avgerr: 13.5689 (16.3808)  rmse: 18.0979 (21.2343)  bad@0.5: 95.9800 (96.0522)  bad@1.0: 92.0405 (92.1413)  bad@2.0: 84.4504 (84.6390)  bad@3.0: 77.5460 (77.6855)  time: 0.4833  data: 0.0026  max mem: 15488
[17:14:42.014291] Epoch: [7]  [ 820/1630]  eta: 0:06:35  lr: 0.000027  loss: 3.4319 (3.5777)  avgerr: 14.8070 (16.3538)  rmse: 19.0678 (21.2105)  bad@0.5: 95.8325 (96.0466)  bad@1.0: 91.6708 (92.1291)  bad@2.0: 83.2300 (84.6105)  bad@3.0: 75.3151 (77.6387)  time: 0.4834  data: 0.0005  max mem: 15488
[17:14:51.613965] Epoch: [7]  [ 840/1630]  eta: 0:06:25  lr: 0.000027  loss: 3.4986 (3.5775)  avgerr: 15.1091 (16.3520)  rmse: 20.3179 (21.2056)  bad@0.5: 96.0289 (96.0455)  bad@1.0: 92.1089 (92.1280)  bad@2.0: 83.9262 (84.6062)  bad@3.0: 76.5114 (77.6313)  time: 0.4799  data: 0.0014  max mem: 15488
[17:15:01.209365] Epoch: [7]  [ 860/1630]  eta: 0:06:16  lr: 0.000027  loss: 3.6077 (3.5796)  avgerr: 16.0520 (16.3884)  rmse: 20.9934 (21.2458)  bad@0.5: 96.4050 (96.0524)  bad@1.0: 92.8129 (92.1414)  bad@2.0: 85.9432 (84.6283)  bad@3.0: 79.3461 (77.6570)  time: 0.4797  data: 0.0002  max mem: 15488
[17:15:10.976367] Epoch: [7]  [ 880/1630]  eta: 0:06:06  lr: 0.000027  loss: 3.5281 (3.5797)  avgerr: 14.9962 (16.3936)  rmse: 19.7566 (21.2459)  bad@0.5: 95.8532 (96.0515)  bad@1.0: 91.6209 (92.1402)  bad@2.0: 83.4658 (84.6284)  bad@3.0: 76.3622 (77.6628)  time: 0.4883  data: 0.0018  max mem: 15488
[17:15:20.440204] Epoch: [7]  [ 900/1630]  eta: 0:05:56  lr: 0.000027  loss: 3.6354 (3.5811)  avgerr: 16.5113 (16.4153)  rmse: 22.0257 (21.2730)  bad@0.5: 96.3366 (96.0512)  bad@1.0: 92.7936 (92.1388)  bad@2.0: 86.5096 (84.6304)  bad@3.0: 79.4220 (77.6701)  time: 0.4731  data: 0.0002  max mem: 15488
[17:15:29.972431] Epoch: [7]  [ 920/1630]  eta: 0:05:46  lr: 0.000027  loss: 3.4864 (3.5803)  avgerr: 14.7768 (16.4047)  rmse: 19.4431 (21.2634)  bad@0.5: 96.3180 (96.0536)  bad@1.0: 92.4955 (92.1444)  bad@2.0: 85.5762 (84.6358)  bad@3.0: 78.8843 (77.6720)  time: 0.4765  data: 0.0002  max mem: 15488
[17:15:39.572958] Epoch: [7]  [ 940/1630]  eta: 0:05:36  lr: 0.000027  loss: 3.5118 (3.5781)  avgerr: 15.5504 (16.3784)  rmse: 19.7420 (21.2293)  bad@0.5: 95.4653 (96.0357)  bad@1.0: 91.0718 (92.1157)  bad@2.0: 82.8536 (84.5891)  bad@3.0: 75.3860 (77.6181)  time: 0.4800  data: 0.0002  max mem: 15488
[17:15:49.178047] Epoch: [7]  [ 960/1630]  eta: 0:05:26  lr: 0.000027  loss: 3.5672 (3.5793)  avgerr: 15.8365 (16.3879)  rmse: 21.0015 (21.2553)  bad@0.5: 96.2693 (96.0344)  bad@1.0: 92.6786 (92.1143)  bad@2.0: 85.3992 (84.5862)  bad@3.0: 78.4644 (77.6091)  time: 0.4802  data: 0.0017  max mem: 15488
[17:15:58.829999] Epoch: [7]  [ 980/1630]  eta: 0:05:16  lr: 0.000027  loss: 3.6007 (3.5810)  avgerr: 17.1188 (16.4184)  rmse: 23.0017 (21.2976)  bad@0.5: 96.0177 (96.0361)  bad@1.0: 92.1500 (92.1171)  bad@2.0: 84.6176 (84.5922)  bad@3.0: 77.7835 (77.6162)  time: 0.4825  data: 0.0010  max mem: 15488
[17:16:08.422697] Epoch: [7]  [1000/1630]  eta: 0:05:06  lr: 0.000027  loss: 3.4685 (3.5798)  avgerr: 14.4833 (16.4186)  rmse: 19.4189 (21.2961)  bad@0.5: 95.4812 (96.0204)  bad@1.0: 91.4148 (92.0885)  bad@2.0: 83.3319 (84.5439)  bad@3.0: 76.5417 (77.5540)  time: 0.4796  data: 0.0002  max mem: 15488
[17:16:18.006793] Epoch: [7]  [1020/1630]  eta: 0:04:57  lr: 0.000027  loss: 3.4211 (3.5762)  avgerr: 13.8675 (16.3701)  rmse: 18.9058 (21.2406)  bad@0.5: 95.6806 (96.0093)  bad@1.0: 91.3389 (92.0679)  bad@2.0: 82.8402 (84.5085)  bad@3.0: 75.2536 (77.5080)  time: 0.4791  data: 0.0002  max mem: 15488
[17:16:27.445568] Epoch: [7]  [1040/1630]  eta: 0:04:47  lr: 0.000027  loss: 3.3807 (3.5738)  avgerr: 13.1116 (16.3261)  rmse: 17.1663 (21.1876)  bad@0.5: 95.9641 (96.0080)  bad@1.0: 91.6346 (92.0645)  bad@2.0: 83.0474 (84.4972)  bad@3.0: 75.9807 (77.4862)  time: 0.4719  data: 0.0002  max mem: 15488
[17:16:37.154928] Epoch: [7]  [1060/1630]  eta: 0:04:37  lr: 0.000027  loss: 3.5206 (3.5757)  avgerr: 14.9388 (16.3609)  rmse: 19.7402 (21.2205)  bad@0.5: 96.1667 (96.0084)  bad@1.0: 92.3850 (92.0667)  bad@2.0: 85.3621 (84.5079)  bad@3.0: 79.2982 (77.5050)  time: 0.4847  data: 0.0011  max mem: 15488
[17:16:46.794175] Epoch: [7]  [1080/1630]  eta: 0:04:27  lr: 0.000027  loss: 3.5128 (3.5742)  avgerr: 14.0065 (16.3307)  rmse: 19.0328 (21.1949)  bad@0.5: 96.0098 (96.0070)  bad@1.0: 91.8740 (92.0629)  bad@2.0: 83.4713 (84.4997)  bad@3.0: 76.4138 (77.4939)  time: 0.4819  data: 0.0007  max mem: 15488
[17:16:56.565604] Epoch: [7]  [1100/1630]  eta: 0:04:17  lr: 0.000027  loss: 3.5742 (3.5759)  avgerr: 17.0425 (16.3685)  rmse: 21.8830 (21.2431)  bad@0.5: 96.0389 (96.0016)  bad@1.0: 91.7869 (92.0580)  bad@2.0: 83.3380 (84.4973)  bad@3.0: 76.6414 (77.4916)  time: 0.4885  data: 0.0008  max mem: 15488
[17:17:06.221164] Epoch: [7]  [1120/1630]  eta: 0:04:08  lr: 0.000027  loss: 3.6013 (3.5766)  avgerr: 15.8739 (16.3784)  rmse: 20.9613 (21.2530)  bad@0.5: 95.8644 (95.9988)  bad@1.0: 91.6781 (92.0540)  bad@2.0: 83.4662 (84.4934)  bad@3.0: 76.2816 (77.4876)  time: 0.4827  data: 0.0013  max mem: 15488
[17:17:15.812246] Epoch: [7]  [1140/1630]  eta: 0:03:58  lr: 0.000027  loss: 3.4149 (3.5739)  avgerr: 13.6752 (16.3455)  rmse: 19.1073 (21.2258)  bad@0.5: 95.5795 (95.9895)  bad@1.0: 91.1114 (92.0360)  bad@2.0: 82.9075 (84.4581)  bad@3.0: 75.3888 (77.4355)  time: 0.4795  data: 0.0002  max mem: 15488
[17:17:25.541779] Epoch: [7]  [1160/1630]  eta: 0:03:48  lr: 0.000027  loss: 3.5476 (3.5738)  avgerr: 15.3122 (16.3610)  rmse: 20.2036 (21.2443)  bad@0.5: 96.2140 (95.9907)  bad@1.0: 92.4238 (92.0372)  bad@2.0: 85.0808 (84.4561)  bad@3.0: 77.9440 (77.4287)  time: 0.4864  data: 0.0006  max mem: 15488
[17:17:35.229111] Epoch: [7]  [1180/1630]  eta: 0:03:38  lr: 0.000027  loss: 3.4431 (3.5732)  avgerr: 14.3697 (16.3558)  rmse: 18.4929 (21.2301)  bad@0.5: 95.9933 (95.9915)  bad@1.0: 92.0206 (92.0374)  bad@2.0: 84.4367 (84.4535)  bad@3.0: 77.2898 (77.4206)  time: 0.4843  data: 0.0026  max mem: 15488
[17:17:44.911541] Epoch: [7]  [1200/1630]  eta: 0:03:29  lr: 0.000027  loss: 3.4776 (3.5737)  avgerr: 14.9007 (16.3606)  rmse: 19.2590 (21.2348)  bad@0.5: 96.3656 (95.9946)  bad@1.0: 92.7021 (92.0432)  bad@2.0: 85.3764 (84.4626)  bad@3.0: 78.1018 (77.4312)  time: 0.4840  data: 0.0010  max mem: 15488
[17:17:54.659550] Epoch: [7]  [1220/1630]  eta: 0:03:19  lr: 0.000027  loss: 3.4830 (3.5729)  avgerr: 15.1082 (16.3516)  rmse: 20.0931 (21.2271)  bad@0.5: 96.3317 (95.9934)  bad@1.0: 92.5986 (92.0397)  bad@2.0: 84.7680 (84.4513)  bad@3.0: 77.2218 (77.4148)  time: 0.4873  data: 0.0024  max mem: 15488
[17:18:04.181345] Epoch: [7]  [1240/1630]  eta: 0:03:09  lr: 0.000027  loss: 3.3863 (3.5717)  avgerr: 14.0217 (16.3389)  rmse: 18.9026 (21.2084)  bad@0.5: 96.0768 (95.9908)  bad@1.0: 91.9858 (92.0356)  bad@2.0: 83.4790 (84.4435)  bad@3.0: 75.5765 (77.4020)  time: 0.4760  data: 0.0013  max mem: 15488
[17:18:13.796901] Epoch: [7]  [1260/1630]  eta: 0:02:59  lr: 0.000027  loss: 3.5378 (3.5712)  avgerr: 14.8090 (16.3377)  rmse: 18.8075 (21.2133)  bad@0.5: 95.8796 (95.9870)  bad@1.0: 91.7917 (92.0275)  bad@2.0: 83.8314 (84.4296)  bad@3.0: 76.5298 (77.3860)  time: 0.4807  data: 0.0015  max mem: 15488
[17:18:23.491609] Epoch: [7]  [1280/1630]  eta: 0:02:50  lr: 0.000027  loss: 3.5358 (3.5710)  avgerr: 14.5852 (16.3272)  rmse: 19.3095 (21.1991)  bad@0.5: 96.0888 (95.9860)  bad@1.0: 92.0569 (92.0267)  bad@2.0: 84.2044 (84.4305)  bad@3.0: 76.6436 (77.3896)  time: 0.4847  data: 0.0002  max mem: 15488
[17:18:33.186691] Epoch: [7]  [1300/1630]  eta: 0:02:40  lr: 0.000027  loss: 3.5583 (3.5708)  avgerr: 15.7225 (16.3284)  rmse: 20.7301 (21.2130)  bad@0.5: 96.1156 (95.9825)  bad@1.0: 92.2948 (92.0205)  bad@2.0: 84.5312 (84.4198)  bad@3.0: 77.8697 (77.3774)  time: 0.4847  data: 0.0005  max mem: 15488
[17:18:42.871866] Epoch: [7]  [1320/1630]  eta: 0:02:30  lr: 0.000027  loss: 3.5195 (3.5707)  avgerr: 16.5172 (16.3411)  rmse: 20.9479 (21.2300)  bad@0.5: 95.6803 (95.9734)  bad@1.0: 91.6253 (92.0047)  bad@2.0: 83.9702 (84.3962)  bad@3.0: 76.0012 (77.3485)  time: 0.4828  data: 0.0008  max mem: 15488
[17:18:52.523561] Epoch: [7]  [1340/1630]  eta: 0:02:20  lr: 0.000027  loss: 3.4197 (3.5700)  avgerr: 14.0000 (16.3387)  rmse: 18.6140 (21.2333)  bad@0.5: 95.9154 (95.9698)  bad@1.0: 91.8075 (91.9966)  bad@2.0: 83.8613 (84.3795)  bad@3.0: 76.2206 (77.3264)  time: 0.4825  data: 0.0012  max mem: 15488
[17:19:02.231269] Epoch: [7]  [1360/1630]  eta: 0:02:11  lr: 0.000027  loss: 3.4849 (3.5692)  avgerr: 14.8402 (16.3230)  rmse: 19.9978 (21.2156)  bad@0.5: 95.7995 (95.9690)  bad@1.0: 91.5813 (91.9951)  bad@2.0: 83.5765 (84.3749)  bad@3.0: 76.0799 (77.3181)  time: 0.4853  data: 0.0014  max mem: 15488
[17:19:11.941108] Epoch: [7]  [1380/1630]  eta: 0:02:01  lr: 0.000027  loss: 3.4601 (3.5686)  avgerr: 14.5084 (16.3229)  rmse: 19.9000 (21.2187)  bad@0.5: 95.7741 (95.9638)  bad@1.0: 91.3291 (91.9856)  bad@2.0: 82.7808 (84.3576)  bad@3.0: 74.8475 (77.2947)  time: 0.4854  data: 0.0012  max mem: 15488
[17:19:21.574323] Epoch: [7]  [1400/1630]  eta: 0:01:51  lr: 0.000027  loss: 3.4390 (3.5671)  avgerr: 14.2635 (16.2973)  rmse: 18.5604 (21.1889)  bad@0.5: 95.6478 (95.9621)  bad@1.0: 91.2275 (91.9821)  bad@2.0: 82.6502 (84.3513)  bad@3.0: 75.3043 (77.2847)  time: 0.4816  data: 0.0003  max mem: 15488
[17:19:31.107958] Epoch: [7]  [1420/1630]  eta: 0:01:42  lr: 0.000027  loss: 3.4668 (3.5662)  avgerr: 14.4622 (16.2886)  rmse: 18.6499 (21.1840)  bad@0.5: 95.5936 (95.9581)  bad@1.0: 91.0201 (91.9736)  bad@2.0: 82.6385 (84.3333)  bad@3.0: 75.2735 (77.2587)  time: 0.4766  data: 0.0008  max mem: 15488
[17:19:40.640070] Epoch: [7]  [1440/1630]  eta: 0:01:32  lr: 0.000026  loss: 3.3277 (3.5637)  avgerr: 13.0566 (16.2547)  rmse: 17.4214 (21.1410)  bad@0.5: 95.6271 (95.9551)  bad@1.0: 91.3696 (91.9669)  bad@2.0: 82.4502 (84.3158)  bad@3.0: 75.1624 (77.2300)  time: 0.4765  data: 0.0015  max mem: 15488
[17:19:50.242787] Epoch: [7]  [1460/1630]  eta: 0:01:22  lr: 0.000026  loss: 3.4434 (3.5633)  avgerr: 14.1391 (16.2558)  rmse: 18.7475 (21.1504)  bad@0.5: 95.9388 (95.9547)  bad@1.0: 92.0789 (91.9671)  bad@2.0: 83.8884 (84.3151)  bad@3.0: 76.2223 (77.2251)  time: 0.4801  data: 0.0012  max mem: 15488
[17:19:59.857071] Epoch: [7]  [1480/1630]  eta: 0:01:12  lr: 0.000026  loss: 3.4132 (3.5628)  avgerr: 14.3966 (16.2481)  rmse: 19.3280 (21.1473)  bad@0.5: 95.8611 (95.9531)  bad@1.0: 91.7020 (91.9640)  bad@2.0: 83.7377 (84.3083)  bad@3.0: 76.3922 (77.2145)  time: 0.4806  data: 0.0002  max mem: 15488
[17:20:09.561957] Epoch: [7]  [1500/1630]  eta: 0:01:03  lr: 0.000026  loss: 3.3536 (3.5626)  avgerr: 12.9386 (16.2490)  rmse: 16.5388 (21.1417)  bad@0.5: 95.6276 (95.9494)  bad@1.0: 91.3897 (91.9568)  bad@2.0: 82.8649 (84.2936)  bad@3.0: 75.8223 (77.1963)  time: 0.4852  data: 0.0016  max mem: 15488
[17:20:19.325725] Epoch: [7]  [1520/1630]  eta: 0:00:53  lr: 0.000026  loss: 3.4390 (3.5620)  avgerr: 13.0347 (16.2427)  rmse: 16.7491 (21.1347)  bad@0.5: 95.6959 (95.9402)  bad@1.0: 91.5767 (91.9391)  bad@2.0: 83.5644 (84.2667)  bad@3.0: 75.3802 (77.1658)  time: 0.4881  data: 0.0014  max mem: 15488
[17:20:29.141317] Epoch: [7]  [1540/1630]  eta: 0:00:43  lr: 0.000026  loss: 3.4466 (3.5612)  avgerr: 15.0082 (16.2400)  rmse: 19.0206 (21.1376)  bad@0.5: 95.3710 (95.9329)  bad@1.0: 91.0189 (91.9250)  bad@2.0: 83.0282 (84.2424)  bad@3.0: 75.8593 (77.1353)  time: 0.4907  data: 0.0023  max mem: 15488
[17:20:38.674116] Epoch: [7]  [1560/1630]  eta: 0:00:33  lr: 0.000026  loss: 3.4305 (3.5597)  avgerr: 14.1247 (16.2177)  rmse: 18.5703 (21.1100)  bad@0.5: 95.5270 (95.9308)  bad@1.0: 91.0486 (91.9214)  bad@2.0: 83.4533 (84.2367)  bad@3.0: 75.5098 (77.1267)  time: 0.4766  data: 0.0017  max mem: 15488
[17:20:48.236468] Epoch: [7]  [1580/1630]  eta: 0:00:24  lr: 0.000026  loss: 3.4842 (3.5589)  avgerr: 15.6923 (16.2066)  rmse: 20.1385 (21.0959)  bad@0.5: 95.8654 (95.9293)  bad@1.0: 91.5663 (91.9190)  bad@2.0: 83.1166 (84.2330)  bad@3.0: 74.9307 (77.1196)  time: 0.4780  data: 0.0006  max mem: 15488
[17:20:57.799502] Epoch: [7]  [1600/1630]  eta: 0:00:14  lr: 0.000026  loss: 3.4922 (3.5582)  avgerr: 15.2255 (16.1932)  rmse: 19.0783 (21.0847)  bad@0.5: 95.8469 (95.9294)  bad@1.0: 91.7989 (91.9186)  bad@2.0: 84.0145 (84.2297)  bad@3.0: 76.7485 (77.1147)  time: 0.4781  data: 0.0018  max mem: 15488
[17:21:07.355241] Epoch: [7]  [1620/1630]  eta: 0:00:04  lr: 0.000026  loss: 3.5437 (3.5577)  avgerr: 16.1537 (16.1884)  rmse: 21.0232 (21.0864)  bad@0.5: 96.1633 (95.9264)  bad@1.0: 92.2246 (91.9126)  bad@2.0: 84.3433 (84.2198)  bad@3.0: 76.7859 (77.1019)  time: 0.4777  data: 0.0021  max mem: 15488
[17:21:11.541546] Epoch: [7]  [1629/1630]  eta: 0:00:00  lr: 0.000026  loss: 3.4378 (3.5576)  avgerr: 14.5012 (16.1867)  rmse: 19.5440 (21.0855)  bad@0.5: 96.0045 (95.9239)  bad@1.0: 91.9971 (91.9077)  bad@2.0: 83.9789 (84.2109)  bad@3.0: 76.4412 (77.0901)  time: 0.4684  data: 0.0007  max mem: 15488
[17:21:11.590019] Epoch: [7] Total time: 0:13:10 (0.4853 s / it)
[17:21:11.590141] Averaged stats: lr: 0.000026  loss: 3.4378 (3.5576)  avgerr: 14.5012 (16.1867)  rmse: 19.5440 (21.0855)  bad@0.5: 96.0045 (95.9239)  bad@1.0: 91.9971 (91.9077)  bad@2.0: 83.9789 (84.2109)  bad@3.0: 76.4412 (77.0901)
[17:21:11.594238] log_dir: ./checkpoints/gator_ft_2870882
[17:21:11.985287] Epoch: [7]  [0/3]  eta: 0:00:01  loss_tiled: 0.8740 (0.8740)  loss: 0.9401 (0.9401)  ETH3DLowResDataset_subval_avgerr: 1.0129 (1.0129)  ETH3DLowResDataset_subval_rmse: 1.6053 (1.6053)  ETH3DLowResDataset_subval_bad@0.5: 72.3886 (72.3886)  ETH3DLowResDataset_subval_bad@1.0: 38.3113 (38.3113)  ETH3DLowResDataset_subval_bad@2.0: 7.1790 (7.1790)  ETH3DLowResDataset_subval_bad@3.0: 1.9082 (1.9082)  time: 0.3904  data: 0.2142  max mem: 15488
[17:21:12.739905] Epoch: [7]  [2/3]  eta: 0:00:00  loss_tiled: 1.6300 (1.7106)  loss: 1.5518 (1.7266)  ETH3DLowResDataset_subval_avgerr: 1.7050 (2.4491)  ETH3DLowResDataset_subval_rmse: 2.0957 (3.0697)  ETH3DLowResDataset_subval_bad@0.5: 84.5340 (83.6212)  ETH3DLowResDataset_subval_bad@1.0: 66.4598 (64.2067)  ETH3DLowResDataset_subval_bad@2.0: 33.9847 (38.9748)  ETH3DLowResDataset_subval_bad@3.0: 15.7150 (27.2410)  time: 0.3815  data: 0.0714  max mem: 15488
[17:21:12.774558] Epoch: [7] Total time: 0:00:01 (0.3934 s / it)
[17:21:22.445077] Epoch: [7]  [0/6]  eta: 0:00:58  loss_tiled: 3.7252 (3.7252)  loss: 3.3892 (3.3892)  Md14Dataset_subval_avgerr: 11.4477 (11.4477)  Md14Dataset_subval_rmse: 19.2261 (19.2261)  Md14Dataset_subval_bad@0.5: 95.3818 (95.3818)  Md14Dataset_subval_bad@1.0: 90.8776 (90.8776)  Md14Dataset_subval_bad@2.0: 81.9891 (81.9891)  Md14Dataset_subval_bad@3.0: 73.8276 (73.8276)  time: 9.6698  data: 1.1448  max mem: 15488
[17:22:03.538584] Epoch: [7]  [5/6]  eta: 0:00:08  loss_tiled: 3.9059 (3.9588)  loss: 3.7062 (3.6959)  Md14Dataset_subval_avgerr: 15.2017 (15.5445)  Md14Dataset_subval_rmse: 19.3664 (22.8909)  Md14Dataset_subval_bad@0.5: 97.7664 (97.4774)  Md14Dataset_subval_bad@1.0: 95.5885 (94.9807)  Md14Dataset_subval_bad@2.0: 91.1319 (89.9748)  Md14Dataset_subval_bad@3.0: 86.5053 (85.0420)  time: 8.4604  data: 0.1909  max mem: 15488
[17:22:03.575029] Epoch: [7] Total time: 0:00:50 (8.4667 s / it)
[17:22:26.334202] Epoch: [7]  [ 0/15]  eta: 0:05:41  loss_tiled: 4.8516 (4.8516)  loss: 4.2670 (4.2670)  BoosterDataset_subval_balanced_avgerr: 25.3826 (25.3826)  BoosterDataset_subval_balanced_rmse: 31.4102 (31.4102)  BoosterDataset_subval_balanced_bad@0.5: 99.0072 (99.0072)  BoosterDataset_subval_balanced_bad@1.0: 97.9899 (97.9899)  BoosterDataset_subval_balanced_bad@2.0: 95.9493 (95.9493)  BoosterDataset_subval_balanced_bad@3.0: 93.8575 (93.8575)  time: 22.7584  data: 2.1087  max mem: 15488
[17:27:10.239235] Epoch: [7]  [14/15]  eta: 0:00:20  loss_tiled: 5.7388 (5.5689)  loss: 4.8811 (4.7474)  BoosterDataset_subval_balanced_avgerr: 37.4882 (35.1462)  BoosterDataset_subval_balanced_rmse: 49.4478 (48.9616)  BoosterDataset_subval_balanced_bad@0.5: 98.8977 (98.8907)  BoosterDataset_subval_balanced_bad@1.0: 97.7775 (97.7784)  BoosterDataset_subval_balanced_bad@2.0: 95.6129 (95.5598)  BoosterDataset_subval_balanced_bad@3.0: 93.4406 (93.3190)  time: 20.4442  data: 0.1407  max mem: 15488
[17:27:10.291202] Epoch: [7] Total time: 0:05:06 (20.4477 s / it)
[17:27:13.196652] Epoch: [7]  [ 0/20]  eta: 0:00:58  loss_tiled: 3.5456 (3.5456)  loss: 3.2268 (3.2268)  Md21Dataset_subval_avgerr: 9.4400 (9.4400)  Md21Dataset_subval_rmse: 14.6194 (14.6194)  Md21Dataset_subval_bad@0.5: 94.8748 (94.8748)  Md21Dataset_subval_bad@1.0: 89.9061 (89.9061)  Md21Dataset_subval_bad@2.0: 80.3950 (80.3950)  Md21Dataset_subval_bad@3.0: 71.9479 (71.9479)  time: 2.9047  data: 0.4813  max mem: 15488
[17:27:57.667617] Epoch: [7]  [19/20]  eta: 0:00:02  loss_tiled: 3.2940 (3.3328)  loss: 3.0627 (3.1567)  Md21Dataset_subval_avgerr: 8.4993 (9.0260)  Md21Dataset_subval_rmse: 13.9460 (14.1477)  Md21Dataset_subval_bad@0.5: 94.3831 (94.1219)  Md21Dataset_subval_bad@1.0: 88.5939 (88.2407)  Md21Dataset_subval_bad@2.0: 76.9343 (77.1929)  Md21Dataset_subval_bad@3.0: 65.8265 (67.2329)  time: 2.3687  data: 0.0241  max mem: 15488
[17:27:57.710694] Epoch: [7] Total time: 0:00:47 (2.3710 s / it)
[17:27:57.712439] Averaged stats: {'loss_tiled': 3.3328201532363892, 'loss': 3.1566942811012266, 'ETH3DLowResDataset_subval_avgerr': 2.4490676720937095, 'ETH3DLowResDataset_subval_rmse': 3.0697062412897744, 'ETH3DLowResDataset_subval_bad@0.5': 83.62115224202473, 'ETH3DLowResDataset_subval_bad@1.0': 64.20670572916667, 'ETH3DLowResDataset_subval_bad@2.0': 38.974839528401695, 'ETH3DLowResDataset_subval_bad@3.0': 27.2410249710083, 'Md14Dataset_subval_avgerr': 15.544456958770752, 'Md14Dataset_subval_rmse': 22.890870094299316, 'Md14Dataset_subval_bad@0.5': 97.47740046183269, 'Md14Dataset_subval_bad@1.0': 94.98071924845378, 'Md14Dataset_subval_bad@2.0': 89.97478103637695, 'Md14Dataset_subval_bad@3.0': 85.04203414916992, 'BoosterDataset_subval_balanced_avgerr': 35.146188481648764, 'BoosterDataset_subval_balanced_rmse': 48.96158536275228, 'BoosterDataset_subval_balanced_bad@0.5': 98.8907241821289, 'BoosterDataset_subval_balanced_bad@1.0': 97.77838490804037, 'BoosterDataset_subval_balanced_bad@2.0': 95.55978190104166, 'BoosterDataset_subval_balanced_bad@3.0': 93.31898956298828, 'Md21Dataset_subval_avgerr': 9.026015973091125, 'Md21Dataset_subval_rmse': 14.147740650177003, 'Md21Dataset_subval_bad@0.5': 94.12186050415039, 'Md21Dataset_subval_bad@1.0': 88.24074363708496, 'Md21Dataset_subval_bad@2.0': 77.19287452697753, 'Md21Dataset_subval_bad@3.0': 67.23291416168213, 'AVG_avgerr': 15.541432271401087, 'AVG_rmse': 22.267475587129592, 'AVG_bad@0.5': 93.52778434753418, 'AVG_bad@1.0': 86.30163838068644, 'AVG_bad@2.0': 75.42556924819947, 'AVG_bad@3.0': 68.20874071121216}
[17:27:57.716340] >> Saving model to checkpoints/gator_ft_2870882/checkpoint-best.pth ...
[17:27:58.141901] >> Saving model to checkpoints/gator_ft_2870882/checkpoint-last.pth ...
[17:27:58.590440] log_dir: ./checkpoints/gator_ft_2870882
[17:28:04.361933] Epoch: [8]  [   0/1630]  eta: 2:36:45  lr: 0.000026  loss: 3.7590 (3.7590)  avgerr: 21.3031 (21.3031)  rmse: 25.0982 (25.0982)  bad@0.5: 95.4807 (95.4807)  bad@1.0: 91.1172 (91.1172)  bad@2.0: 82.9212 (82.9212)  bad@3.0: 75.9197 (75.9197)  time: 5.7705  data: 5.3036  max mem: 15488
[17:28:14.967760] Epoch: [8]  [  20/1630]  eta: 0:20:55  lr: 0.000026  loss: 3.4592 (3.5268)  avgerr: 14.3455 (15.7530)  rmse: 18.4752 (20.2922)  bad@0.5: 96.0493 (95.9143)  bad@1.0: 91.9012 (91.9205)  bad@2.0: 83.9913 (84.1500)  bad@3.0: 75.5604 (76.9524)  time: 0.5302  data: 0.0566  max mem: 15488
[17:28:25.184052] Epoch: [8]  [  40/1630]  eta: 0:17:11  lr: 0.000026  loss: 3.4445 (3.5324)  avgerr: 13.9467 (15.8427)  rmse: 18.7432 (20.5344)  bad@0.5: 95.6486 (95.8031)  bad@1.0: 91.5001 (91.6932)  bad@2.0: 83.1425 (83.7810)  bad@3.0: 75.5731 (76.5339)  time: 0.5107  data: 0.0249  max mem: 15488
[17:28:34.746620] Epoch: [8]  [  60/1630]  eta: 0:15:30  lr: 0.000026  loss: 3.4659 (3.5357)  avgerr: 13.6018 (16.0880)  rmse: 17.7143 (20.9498)  bad@0.5: 95.8075 (95.8000)  bad@1.0: 91.7099 (91.7016)  bad@2.0: 83.7666 (83.8409)  bad@3.0: 76.0280 (76.6032)  time: 0.4781  data: 0.0002  max mem: 15488
[17:28:44.623565] Epoch: [8]  [  80/1630]  eta: 0:14:40  lr: 0.000026  loss: 3.4527 (3.5596)  avgerr: 13.7296 (16.1848)  rmse: 18.2899 (20.8706)  bad@0.5: 95.9492 (95.8508)  bad@1.0: 92.0888 (91.7850)  bad@2.0: 84.6961 (83.9874)  bad@3.0: 78.0784 (76.8104)  time: 0.4937  data: 0.0013  max mem: 15488
[17:28:54.290800] Epoch: [8]  [ 100/1630]  eta: 0:14:03  lr: 0.000026  loss: 3.4622 (3.5407)  avgerr: 13.9747 (15.8192)  rmse: 18.5664 (20.5268)  bad@0.5: 95.9036 (95.8210)  bad@1.0: 91.7604 (91.7220)  bad@2.0: 84.3719 (83.8577)  bad@3.0: 77.3381 (76.5988)  time: 0.4833  data: 0.0002  max mem: 15488
[17:29:03.942761] Epoch: [8]  [ 120/1630]  eta: 0:13:35  lr: 0.000026  loss: 3.6256 (3.5484)  avgerr: 17.4158 (15.9891)  rmse: 22.4019 (20.7867)  bad@0.5: 96.1231 (95.7807)  bad@1.0: 92.3589 (91.6908)  bad@2.0: 84.9641 (83.8950)  bad@3.0: 77.6626 (76.7260)  time: 0.4825  data: 0.0009  max mem: 15488
[17:29:13.434096] Epoch: [8]  [ 140/1630]  eta: 0:13:10  lr: 0.000026  loss: 3.2472 (3.5176)  avgerr: 12.7410 (15.6169)  rmse: 17.1131 (20.3597)  bad@0.5: 95.0985 (95.7056)  bad@1.0: 90.1933 (91.5245)  bad@2.0: 80.7174 (83.5566)  bad@3.0: 72.0739 (76.2681)  time: 0.4745  data: 0.0014  max mem: 15488
[17:29:22.892974] Epoch: [8]  [ 160/1630]  eta: 0:12:49  lr: 0.000026  loss: 3.5061 (3.5151)  avgerr: 15.0931 (15.6295)  rmse: 19.7345 (20.3715)  bad@0.5: 95.6514 (95.6959)  bad@1.0: 91.1734 (91.4965)  bad@2.0: 82.7215 (83.4825)  bad@3.0: 75.8640 (76.1574)  time: 0.4729  data: 0.0002  max mem: 15488
[17:29:32.485944] Epoch: [8]  [ 180/1630]  eta: 0:12:32  lr: 0.000026  loss: 3.4971 (3.5147)  avgerr: 13.5914 (15.5623)  rmse: 18.4847 (20.2933)  bad@0.5: 96.4548 (95.7438)  bad@1.0: 92.8220 (91.5778)  bad@2.0: 85.4092 (83.5971)  bad@3.0: 78.3578 (76.2747)  time: 0.4796  data: 0.0002  max mem: 15488
[17:29:42.144259] Epoch: [8]  [ 200/1630]  eta: 0:12:16  lr: 0.000026  loss: 3.3366 (3.5054)  avgerr: 12.9634 (15.4426)  rmse: 16.9863 (20.1743)  bad@0.5: 95.5549 (95.7022)  bad@1.0: 91.1012 (91.4918)  bad@2.0: 82.5877 (83.4270)  bad@3.0: 74.4935 (76.0448)  time: 0.4828  data: 0.0016  max mem: 15488
[17:29:51.629007] Epoch: [8]  [ 220/1630]  eta: 0:12:01  lr: 0.000026  loss: 3.4787 (3.5078)  avgerr: 15.0424 (15.4915)  rmse: 19.9189 (20.2946)  bad@0.5: 95.8247 (95.7048)  bad@1.0: 91.4659 (91.4921)  bad@2.0: 83.7919 (83.4340)  bad@3.0: 77.0098 (76.0514)  time: 0.4742  data: 0.0007  max mem: 15488
[17:30:01.310885] Epoch: [8]  [ 240/1630]  eta: 0:11:47  lr: 0.000026  loss: 3.3449 (3.5028)  avgerr: 13.6211 (15.4589)  rmse: 18.7231 (20.2905)  bad@0.5: 95.5154 (95.6919)  bad@1.0: 91.1779 (91.4620)  bad@2.0: 82.5006 (83.3471)  bad@3.0: 74.1803 (75.9334)  time: 0.4840  data: 0.0014  max mem: 15488
[17:30:10.922267] Epoch: [8]  [ 260/1630]  eta: 0:11:34  lr: 0.000026  loss: 3.4618 (3.5019)  avgerr: 15.4774 (15.4679)  rmse: 20.7913 (20.3322)  bad@0.5: 95.6259 (95.6788)  bad@1.0: 91.4046 (91.4386)  bad@2.0: 83.4417 (83.3198)  bad@3.0: 75.8356 (75.9156)  time: 0.4805  data: 0.0009  max mem: 15488
[17:30:20.567065] Epoch: [8]  [ 280/1630]  eta: 0:11:21  lr: 0.000026  loss: 3.4830 (3.5031)  avgerr: 15.2123 (15.5249)  rmse: 19.5342 (20.3732)  bad@0.5: 95.9128 (95.6900)  bad@1.0: 92.0844 (91.4571)  bad@2.0: 84.4138 (83.3526)  bad@3.0: 75.9711 (75.9496)  time: 0.4822  data: 0.0007  max mem: 15488
[17:30:30.110598] Epoch: [8]  [ 300/1630]  eta: 0:11:09  lr: 0.000026  loss: 3.3547 (3.5005)  avgerr: 12.9431 (15.5601)  rmse: 17.4400 (20.4139)  bad@0.5: 95.4738 (95.6544)  bad@1.0: 90.8770 (91.3922)  bad@2.0: 82.0497 (83.2492)  bad@3.0: 74.1768 (75.8350)  time: 0.4771  data: 0.0003  max mem: 15488
[17:30:39.559224] Epoch: [8]  [ 320/1630]  eta: 0:10:56  lr: 0.000026  loss: 3.3940 (3.4957)  avgerr: 13.1129 (15.4923)  rmse: 17.8179 (20.3552)  bad@0.5: 95.3992 (95.6307)  bad@1.0: 90.8674 (91.3462)  bad@2.0: 81.8951 (83.1690)  bad@3.0: 74.2848 (75.7293)  time: 0.4724  data: 0.0002  max mem: 15488
[17:30:49.029622] Epoch: [8]  [ 340/1630]  eta: 0:10:44  lr: 0.000026  loss: 3.3691 (3.4906)  avgerr: 13.2445 (15.3995)  rmse: 16.6099 (20.2150)  bad@0.5: 96.2363 (95.6487)  bad@1.0: 92.4926 (91.3777)  bad@2.0: 84.2817 (83.2121)  bad@3.0: 77.3668 (75.7666)  time: 0.4735  data: 0.0002  max mem: 15488
[17:30:58.596291] Epoch: [8]  [ 360/1630]  eta: 0:10:33  lr: 0.000026  loss: 3.3788 (3.4918)  avgerr: 13.1082 (15.4067)  rmse: 18.8027 (20.2167)  bad@0.5: 94.8063 (95.6138)  bad@1.0: 90.3152 (91.3214)  bad@2.0: 81.2772 (83.1587)  bad@3.0: 72.4107 (75.7314)  time: 0.4782  data: 0.0007  max mem: 15488
[17:31:08.265665] Epoch: [8]  [ 380/1630]  eta: 0:10:22  lr: 0.000026  loss: 3.4152 (3.4922)  avgerr: 14.0952 (15.4010)  rmse: 18.2761 (20.2035)  bad@0.5: 95.3001 (95.6161)  bad@1.0: 90.7068 (91.3223)  bad@2.0: 82.2272 (83.1643)  bad@3.0: 74.9789 (75.7475)  time: 0.4834  data: 0.0011  max mem: 15488
[17:31:18.106041] Epoch: [8]  [ 400/1630]  eta: 0:10:11  lr: 0.000026  loss: 3.3901 (3.4941)  avgerr: 13.4075 (15.4043)  rmse: 18.2017 (20.2067)  bad@0.5: 95.8749 (95.6313)  bad@1.0: 91.9589 (91.3520)  bad@2.0: 84.3583 (83.2158)  bad@3.0: 76.9916 (75.8122)  time: 0.4919  data: 0.0013  max mem: 15488
[17:31:27.825332] Epoch: [8]  [ 420/1630]  eta: 0:10:01  lr: 0.000026  loss: 3.3941 (3.4907)  avgerr: 12.9640 (15.3491)  rmse: 18.4259 (20.1753)  bad@0.5: 95.7702 (95.6344)  bad@1.0: 91.5456 (91.3579)  bad@2.0: 82.8745 (83.2201)  bad@3.0: 75.0659 (75.8034)  time: 0.4859  data: 0.0008  max mem: 15488
[17:31:37.420497] Epoch: [8]  [ 440/1630]  eta: 0:09:50  lr: 0.000026  loss: 3.4337 (3.4865)  avgerr: 13.3375 (15.2882)  rmse: 17.3471 (20.0873)  bad@0.5: 95.6884 (95.6234)  bad@1.0: 91.3679 (91.3361)  bad@2.0: 82.8539 (83.1787)  bad@3.0: 74.7745 (75.7464)  time: 0.4797  data: 0.0002  max mem: 15488
[17:31:47.115531] Epoch: [8]  [ 460/1630]  eta: 0:09:39  lr: 0.000026  loss: 3.3922 (3.4838)  avgerr: 13.1445 (15.2294)  rmse: 16.8184 (19.9974)  bad@0.5: 95.5653 (95.6319)  bad@1.0: 91.1864 (91.3494)  bad@2.0: 83.2976 (83.1918)  bad@3.0: 75.4904 (75.7499)  time: 0.4847  data: 0.0008  max mem: 15488
[17:31:56.727767] Epoch: [8]  [ 480/1630]  eta: 0:09:29  lr: 0.000026  loss: 3.4591 (3.4860)  avgerr: 14.4023 (15.2487)  rmse: 19.0238 (20.0228)  bad@0.5: 96.1403 (95.6408)  bad@1.0: 92.2628 (91.3668)  bad@2.0: 84.9110 (83.2345)  bad@3.0: 77.2024 (75.8107)  time: 0.4805  data: 0.0008  max mem: 15488
[17:32:06.243368] Epoch: [8]  [ 500/1630]  eta: 0:09:18  lr: 0.000026  loss: 3.4460 (3.4844)  avgerr: 14.7384 (15.2334)  rmse: 17.9636 (20.0215)  bad@0.5: 95.5589 (95.6345)  bad@1.0: 91.1062 (91.3529)  bad@2.0: 82.1786 (83.1985)  bad@3.0: 74.5042 (75.7675)  time: 0.4757  data: 0.0007  max mem: 15488
[17:32:15.811858] Epoch: [8]  [ 520/1630]  eta: 0:09:07  lr: 0.000026  loss: 3.3987 (3.4799)  avgerr: 13.0516 (15.1731)  rmse: 17.8788 (19.9440)  bad@0.5: 95.2395 (95.6304)  bad@1.0: 90.5300 (91.3434)  bad@2.0: 81.4662 (83.1731)  bad@3.0: 73.2207 (75.7277)  time: 0.4784  data: 0.0008  max mem: 15488
[17:32:25.237906] Epoch: [8]  [ 540/1630]  eta: 0:08:57  lr: 0.000026  loss: 3.5004 (3.4809)  avgerr: 16.4855 (15.2141)  rmse: 22.8400 (20.0470)  bad@0.5: 95.8386 (95.6228)  bad@1.0: 91.7937 (91.3296)  bad@2.0: 83.6460 (83.1509)  bad@3.0: 75.3365 (75.6955)  time: 0.4712  data: 0.0008  max mem: 15488
[17:32:35.020479] Epoch: [8]  [ 560/1630]  eta: 0:08:47  lr: 0.000026  loss: 3.3934 (3.4785)  avgerr: 13.9019 (15.1786)  rmse: 17.9503 (20.0164)  bad@0.5: 95.7835 (95.6319)  bad@1.0: 91.7291 (91.3458)  bad@2.0: 83.8051 (83.1701)  bad@3.0: 75.7068 (75.7048)  time: 0.4891  data: 0.0018  max mem: 15488
[17:32:44.699654] Epoch: [8]  [ 580/1630]  eta: 0:08:36  lr: 0.000026  loss: 3.5051 (3.4809)  avgerr: 15.2243 (15.2152)  rmse: 19.8311 (20.0539)  bad@0.5: 96.0671 (95.6405)  bad@1.0: 92.2287 (91.3583)  bad@2.0: 84.7646 (83.1830)  bad@3.0: 77.1770 (75.7133)  time: 0.4839  data: 0.0031  max mem: 15488
[17:32:54.394032] Epoch: [8]  [ 600/1630]  eta: 0:08:26  lr: 0.000026  loss: 3.4680 (3.4806)  avgerr: 13.8535 (15.2019)  rmse: 18.8492 (20.0380)  bad@0.5: 95.8836 (95.6469)  bad@1.0: 91.5636 (91.3715)  bad@2.0: 83.2282 (83.2079)  bad@3.0: 75.4605 (75.7389)  time: 0.4847  data: 0.0008  max mem: 15488
[17:33:03.924515] Epoch: [8]  [ 620/1630]  eta: 0:08:16  lr: 0.000026  loss: 3.4938 (3.4810)  avgerr: 14.2023 (15.2070)  rmse: 18.4024 (20.0423)  bad@0.5: 96.4433 (95.6590)  bad@1.0: 92.6141 (91.3924)  bad@2.0: 85.1286 (83.2394)  bad@3.0: 78.1853 (75.7749)  time: 0.4764  data: 0.0003  max mem: 15488
[17:33:13.561909] Epoch: [8]  [ 640/1630]  eta: 0:08:06  lr: 0.000026  loss: 3.3331 (3.4782)  avgerr: 12.5758 (15.1849)  rmse: 16.2774 (20.0212)  bad@0.5: 95.0258 (95.6311)  bad@1.0: 90.0892 (91.3423)  bad@2.0: 80.7233 (83.1572)  bad@3.0: 72.6416 (75.6712)  time: 0.4818  data: 0.0005  max mem: 15488
[17:33:23.120709] Epoch: [8]  [ 660/1630]  eta: 0:07:56  lr: 0.000026  loss: 3.4330 (3.4776)  avgerr: 15.1533 (15.1886)  rmse: 21.3582 (20.0265)  bad@0.5: 95.5122 (95.6320)  bad@1.0: 91.1123 (91.3428)  bad@2.0: 82.4065 (83.1546)  bad@3.0: 74.5244 (75.6654)  time: 0.4778  data: 0.0003  max mem: 15488
[17:33:32.911373] Epoch: [8]  [ 680/1630]  eta: 0:07:46  lr: 0.000026  loss: 3.3865 (3.4761)  avgerr: 13.7987 (15.1722)  rmse: 17.8955 (19.9989)  bad@0.5: 95.8037 (95.6312)  bad@1.0: 91.6469 (91.3444)  bad@2.0: 83.1704 (83.1605)  bad@3.0: 74.8665 (75.6650)  time: 0.4895  data: 0.0013  max mem: 15488
[17:33:42.476854] Epoch: [8]  [ 700/1630]  eta: 0:07:36  lr: 0.000026  loss: 3.4935 (3.4772)  avgerr: 14.7064 (15.2011)  rmse: 19.3505 (20.0239)  bad@0.5: 95.6622 (95.6248)  bad@1.0: 91.2687 (91.3312)  bad@2.0: 82.7747 (83.1382)  bad@3.0: 74.5044 (75.6328)  time: 0.4782  data: 0.0013  max mem: 15488
[17:33:52.281426] Epoch: [8]  [ 720/1630]  eta: 0:07:26  lr: 0.000026  loss: 3.4157 (3.4770)  avgerr: 14.1266 (15.1885)  rmse: 18.6056 (20.0086)  bad@0.5: 95.9673 (95.6362)  bad@1.0: 92.1757 (91.3522)  bad@2.0: 84.8656 (83.1734)  bad@3.0: 77.3873 (75.6776)  time: 0.4902  data: 0.0011  max mem: 15488
[17:34:01.933029] Epoch: [8]  [ 740/1630]  eta: 0:07:16  lr: 0.000026  loss: 3.3586 (3.4742)  avgerr: 14.1702 (15.1509)  rmse: 19.0705 (19.9637)  bad@0.5: 95.5590 (95.6302)  bad@1.0: 91.1182 (91.3400)  bad@2.0: 82.5145 (83.1481)  bad@3.0: 74.8855 (75.6422)  time: 0.4825  data: 0.0018  max mem: 15488
[17:34:11.567338] Epoch: [8]  [ 760/1630]  eta: 0:07:06  lr: 0.000026  loss: 3.4874 (3.4761)  avgerr: 14.6635 (15.1850)  rmse: 19.7181 (20.0071)  bad@0.5: 95.6609 (95.6341)  bad@1.0: 91.5199 (91.3458)  bad@2.0: 82.9422 (83.1544)  bad@3.0: 75.2836 (75.6452)  time: 0.4816  data: 0.0002  max mem: 15488
[17:34:21.114962] Epoch: [8]  [ 780/1630]  eta: 0:06:56  lr: 0.000026  loss: 3.4552 (3.4752)  avgerr: 14.1438 (15.1639)  rmse: 18.5434 (19.9825)  bad@0.5: 95.7293 (95.6343)  bad@1.0: 91.3456 (91.3446)  bad@2.0: 83.3193 (83.1510)  bad@3.0: 75.7102 (75.6413)  time: 0.4773  data: 0.0002  max mem: 15488
[17:34:30.825816] Epoch: [8]  [ 800/1630]  eta: 0:06:46  lr: 0.000026  loss: 3.5906 (3.4810)  avgerr: 16.6913 (15.2789)  rmse: 21.6570 (20.1121)  bad@0.5: 95.8104 (95.6328)  bad@1.0: 91.6564 (91.3427)  bad@2.0: 83.6015 (83.1542)  bad@3.0: 76.3454 (75.6503)  time: 0.4855  data: 0.0014  max mem: 15488
[17:34:40.475381] Epoch: [8]  [ 820/1630]  eta: 0:06:36  lr: 0.000026  loss: 3.3533 (3.4797)  avgerr: 12.8150 (15.2521)  rmse: 16.9376 (20.0748)  bad@0.5: 95.5637 (95.6320)  bad@1.0: 91.2218 (91.3402)  bad@2.0: 82.8280 (83.1468)  bad@3.0: 75.2757 (75.6368)  time: 0.4824  data: 0.0014  max mem: 15488
[17:34:50.164640] Epoch: [8]  [ 840/1630]  eta: 0:06:26  lr: 0.000026  loss: 3.3808 (3.4785)  avgerr: 13.3247 (15.2329)  rmse: 18.9494 (20.0625)  bad@0.5: 95.4936 (95.6176)  bad@1.0: 90.5953 (91.3169)  bad@2.0: 82.4541 (83.1205)  bad@3.0: 75.4556 (75.6156)  time: 0.4844  data: 0.0015  max mem: 15488
[17:34:59.715348] Epoch: [8]  [ 860/1630]  eta: 0:06:16  lr: 0.000026  loss: 3.5244 (3.4797)  avgerr: 16.2690 (15.2486)  rmse: 21.0734 (20.0708)  bad@0.5: 95.5267 (95.6147)  bad@1.0: 91.1478 (91.3139)  bad@2.0: 83.0446 (83.1191)  bad@3.0: 76.3721 (75.6132)  time: 0.4775  data: 0.0009  max mem: 15488
[17:35:09.400404] Epoch: [8]  [ 880/1630]  eta: 0:06:06  lr: 0.000026  loss: 3.4252 (3.4805)  avgerr: 13.5435 (15.2448)  rmse: 18.2510 (20.0711)  bad@0.5: 95.9918 (95.6185)  bad@1.0: 92.0674 (91.3206)  bad@2.0: 83.9456 (83.1280)  bad@3.0: 76.0677 (75.6231)  time: 0.4842  data: 0.0008  max mem: 15488
[17:35:18.934868] Epoch: [8]  [ 900/1630]  eta: 0:05:56  lr: 0.000026  loss: 3.3465 (3.4801)  avgerr: 12.8378 (15.2354)  rmse: 17.8650 (20.0733)  bad@0.5: 95.7281 (95.6200)  bad@1.0: 91.4217 (91.3247)  bad@2.0: 82.8915 (83.1362)  bad@3.0: 74.6337 (75.6303)  time: 0.4766  data: 0.0009  max mem: 15488
[17:35:28.504238] Epoch: [8]  [ 920/1630]  eta: 0:05:46  lr: 0.000026  loss: 3.3774 (3.4804)  avgerr: 14.3181 (15.2494)  rmse: 19.0946 (20.0906)  bad@0.5: 95.5169 (95.6199)  bad@1.0: 91.0646 (91.3236)  bad@2.0: 82.2120 (83.1316)  bad@3.0: 73.6530 (75.6225)  time: 0.4784  data: 0.0008  max mem: 15488
[17:35:38.121593] Epoch: [8]  [ 940/1630]  eta: 0:05:36  lr: 0.000026  loss: 3.5370 (3.4818)  avgerr: 14.7724 (15.2628)  rmse: 18.7528 (20.1174)  bad@0.5: 96.3940 (95.6294)  bad@1.0: 92.8080 (91.3410)  bad@2.0: 85.7664 (83.1619)  bad@3.0: 78.4924 (75.6587)  time: 0.4808  data: 0.0013  max mem: 15488
[17:35:47.724581] Epoch: [8]  [ 960/1630]  eta: 0:05:27  lr: 0.000026  loss: 3.4462 (3.4809)  avgerr: 15.2821 (15.2556)  rmse: 19.9443 (20.1160)  bad@0.5: 95.2730 (95.6272)  bad@1.0: 90.5551 (91.3351)  bad@2.0: 81.5848 (83.1505)  bad@3.0: 73.5383 (75.6439)  time: 0.4801  data: 0.0007  max mem: 15488
[17:35:57.691196] Epoch: [8]  [ 980/1630]  eta: 0:05:17  lr: 0.000026  loss: 3.4303 (3.4805)  avgerr: 14.3590 (15.2586)  rmse: 18.5602 (20.1207)  bad@0.5: 95.1255 (95.6213)  bad@1.0: 90.2482 (91.3232)  bad@2.0: 81.6014 (83.1275)  bad@3.0: 74.1555 (75.6135)  time: 0.4983  data: 0.0142  max mem: 15488
[17:36:07.344336] Epoch: [8]  [1000/1630]  eta: 0:05:07  lr: 0.000026  loss: 3.4225 (3.4803)  avgerr: 13.0721 (15.2479)  rmse: 16.5591 (20.0961)  bad@0.5: 96.0483 (95.6232)  bad@1.0: 92.0597 (91.3261)  bad@2.0: 84.7725 (83.1326)  bad@3.0: 77.5645 (75.6224)  time: 0.4826  data: 0.0002  max mem: 15488
[17:36:16.836382] Epoch: [8]  [1020/1630]  eta: 0:04:57  lr: 0.000026  loss: 3.3910 (3.4809)  avgerr: 14.2795 (15.2676)  rmse: 19.2477 (20.1126)  bad@0.5: 95.5247 (95.6171)  bad@1.0: 91.2163 (91.3118)  bad@2.0: 82.7344 (83.1106)  bad@3.0: 74.2928 (75.5975)  time: 0.4745  data: 0.0005  max mem: 15488
[17:36:26.357102] Epoch: [8]  [1040/1630]  eta: 0:04:47  lr: 0.000026  loss: 3.5617 (3.4820)  avgerr: 15.7821 (15.2785)  rmse: 21.5299 (20.1359)  bad@0.5: 96.4757 (95.6258)  bad@1.0: 93.0392 (91.3288)  bad@2.0: 86.3825 (83.1399)  bad@3.0: 79.9303 (75.6353)  time: 0.4760  data: 0.0002  max mem: 15488
[17:36:35.963213] Epoch: [8]  [1060/1630]  eta: 0:04:37  lr: 0.000026  loss: 3.5345 (3.4818)  avgerr: 15.5959 (15.2778)  rmse: 20.0886 (20.1387)  bad@0.5: 95.9210 (95.6241)  bad@1.0: 91.9432 (91.3252)  bad@2.0: 84.0762 (83.1304)  bad@3.0: 77.3093 (75.6207)  time: 0.4802  data: 0.0002  max mem: 15488
[17:36:45.481434] Epoch: [8]  [1080/1630]  eta: 0:04:28  lr: 0.000026  loss: 3.4563 (3.4827)  avgerr: 14.5851 (15.2942)  rmse: 19.6062 (20.1663)  bad@0.5: 96.0592 (95.6336)  bad@1.0: 92.2448 (91.3426)  bad@2.0: 84.3230 (83.1587)  bad@3.0: 76.3522 (75.6533)  time: 0.4758  data: 0.0002  max mem: 15488
[17:36:55.012866] Epoch: [8]  [1100/1630]  eta: 0:04:18  lr: 0.000026  loss: 3.3231 (3.4819)  avgerr: 14.4729 (15.2915)  rmse: 19.1676 (20.1610)  bad@0.5: 95.4571 (95.6266)  bad@1.0: 90.9474 (91.3295)  bad@2.0: 81.9056 (83.1358)  bad@3.0: 73.0917 (75.6208)  time: 0.4765  data: 0.0008  max mem: 15488
[17:37:04.553589] Epoch: [8]  [1120/1630]  eta: 0:04:08  lr: 0.000026  loss: 3.4603 (3.4815)  avgerr: 14.6249 (15.2837)  rmse: 20.8277 (20.1577)  bad@0.5: 95.5876 (95.6289)  bad@1.0: 91.2819 (91.3322)  bad@2.0: 83.1277 (83.1365)  bad@3.0: 74.8208 (75.6206)  time: 0.4770  data: 0.0009  max mem: 15488
[17:37:14.196472] Epoch: [8]  [1140/1630]  eta: 0:03:58  lr: 0.000026  loss: 3.3291 (3.4797)  avgerr: 12.7028 (15.2544)  rmse: 16.6410 (20.1243)  bad@0.5: 95.7711 (95.6281)  bad@1.0: 91.4971 (91.3302)  bad@2.0: 83.2172 (83.1320)  bad@3.0: 76.0926 (75.6113)  time: 0.4821  data: 0.0008  max mem: 15488
[17:37:23.704893] Epoch: [8]  [1160/1630]  eta: 0:03:48  lr: 0.000026  loss: 3.2822 (3.4770)  avgerr: 12.2601 (15.2168)  rmse: 17.1712 (20.0777)  bad@0.5: 94.9464 (95.6197)  bad@1.0: 90.6759 (91.3158)  bad@2.0: 81.6544 (83.1045)  bad@3.0: 72.7531 (75.5714)  time: 0.4754  data: 0.0010  max mem: 15488
[17:37:33.268867] Epoch: [8]  [1180/1630]  eta: 0:03:38  lr: 0.000026  loss: 3.3667 (3.4753)  avgerr: 12.9980 (15.2006)  rmse: 17.6774 (20.0579)  bad@0.5: 95.2968 (95.6118)  bad@1.0: 90.4565 (91.3005)  bad@2.0: 81.2046 (83.0722)  bad@3.0: 72.0667 (75.5254)  time: 0.4776  data: 0.0010  max mem: 15488
[17:37:42.908239] Epoch: [8]  [1200/1630]  eta: 0:03:29  lr: 0.000026  loss: 3.5098 (3.4757)  avgerr: 13.9061 (15.1977)  rmse: 18.5065 (20.0518)  bad@0.5: 96.2375 (95.6188)  bad@1.0: 92.3865 (91.3129)  bad@2.0: 84.5270 (83.0907)  bad@3.0: 77.0416 (75.5486)  time: 0.4819  data: 0.0015  max mem: 15488
[17:37:52.446409] Epoch: [8]  [1220/1630]  eta: 0:03:19  lr: 0.000026  loss: 3.3486 (3.4742)  avgerr: 13.7800 (15.1797)  rmse: 18.0778 (20.0353)  bad@0.5: 95.1140 (95.6113)  bad@1.0: 90.4568 (91.2972)  bad@2.0: 81.0687 (83.0663)  bad@3.0: 72.9011 (75.5186)  time: 0.4768  data: 0.0002  max mem: 15488
[17:38:02.034449] Epoch: [8]  [1240/1630]  eta: 0:03:09  lr: 0.000026  loss: 3.4380 (3.4737)  avgerr: 13.7072 (15.1673)  rmse: 17.7033 (20.0186)  bad@0.5: 95.7597 (95.6143)  bad@1.0: 91.5772 (91.3030)  bad@2.0: 83.5998 (83.0764)  bad@3.0: 76.0835 (75.5285)  time: 0.4793  data: 0.0014  max mem: 15488
[17:38:11.725946] Epoch: [8]  [1260/1630]  eta: 0:02:59  lr: 0.000026  loss: 3.4223 (3.4737)  avgerr: 15.2626 (15.1739)  rmse: 20.7284 (20.0278)  bad@0.5: 95.7872 (95.6107)  bad@1.0: 91.5470 (91.2959)  bad@2.0: 83.0052 (83.0669)  bad@3.0: 75.6684 (75.5187)  time: 0.4845  data: 0.0009  max mem: 15488
[17:38:21.406511] Epoch: [8]  [1280/1630]  eta: 0:02:50  lr: 0.000026  loss: 3.4694 (3.4744)  avgerr: 13.6710 (15.1834)  rmse: 19.0478 (20.0376)  bad@0.5: 96.0114 (95.6173)  bad@1.0: 92.0997 (91.3090)  bad@2.0: 83.8496 (83.0885)  bad@3.0: 77.0563 (75.5419)  time: 0.4840  data: 0.0013  max mem: 15488
[17:38:31.947232] Epoch: [8]  [1300/1630]  eta: 0:02:40  lr: 0.000026  loss: 3.4101 (3.4744)  avgerr: 14.4451 (15.1960)  rmse: 19.7889 (20.0590)  bad@0.5: 95.7751 (95.6182)  bad@1.0: 91.3650 (91.3106)  bad@2.0: 83.1133 (83.0909)  bad@3.0: 75.8368 (75.5428)  time: 0.5270  data: 0.0478  max mem: 15488
[17:38:41.539163] Epoch: [8]  [1320/1630]  eta: 0:02:30  lr: 0.000026  loss: 3.2602 (3.4728)  avgerr: 12.6860 (15.1740)  rmse: 17.0047 (20.0314)  bad@0.5: 95.4632 (95.6114)  bad@1.0: 90.9571 (91.2977)  bad@2.0: 82.6330 (83.0706)  bad@3.0: 74.3749 (75.5195)  time: 0.4795  data: 0.0012  max mem: 15488
[17:38:51.239181] Epoch: [8]  [1340/1630]  eta: 0:02:21  lr: 0.000026  loss: 3.3476 (3.4711)  avgerr: 13.0450 (15.1490)  rmse: 17.5263 (20.0061)  bad@0.5: 95.1991 (95.6075)  bad@1.0: 90.5670 (91.2895)  bad@2.0: 81.4122 (83.0540)  bad@3.0: 73.8562 (75.4956)  time: 0.4849  data: 0.0016  max mem: 15488
[17:39:01.058655] Epoch: [8]  [1360/1630]  eta: 0:02:11  lr: 0.000026  loss: 3.2636 (3.4704)  avgerr: 12.3423 (15.1450)  rmse: 16.7534 (20.0006)  bad@0.5: 95.0467 (95.6042)  bad@1.0: 90.3061 (91.2835)  bad@2.0: 80.5290 (83.0407)  bad@3.0: 72.0421 (75.4752)  time: 0.4909  data: 0.0024  max mem: 15488
[17:39:10.575378] Epoch: [8]  [1380/1630]  eta: 0:02:01  lr: 0.000026  loss: 3.4358 (3.4706)  avgerr: 13.5708 (15.1473)  rmse: 18.8294 (20.0057)  bad@0.5: 95.9552 (95.6068)  bad@1.0: 92.1247 (91.2888)  bad@2.0: 84.8843 (83.0523)  bad@3.0: 77.9912 (75.4889)  time: 0.4758  data: 0.0002  max mem: 15488
[17:39:20.111694] Epoch: [8]  [1400/1630]  eta: 0:01:51  lr: 0.000025  loss: 3.2522 (3.4684)  avgerr: 11.9323 (15.1187)  rmse: 16.0125 (19.9707)  bad@0.5: 95.2014 (95.5978)  bad@1.0: 90.5329 (91.2714)  bad@2.0: 81.6091 (83.0239)  bad@3.0: 73.3511 (75.4542)  time: 0.4767  data: 0.0010  max mem: 15488
[17:39:29.762461] Epoch: [8]  [1420/1630]  eta: 0:01:42  lr: 0.000025  loss: 3.4800 (3.4681)  avgerr: 14.8418 (15.1129)  rmse: 19.7856 (19.9670)  bad@0.5: 95.6504 (95.5985)  bad@1.0: 91.3211 (91.2725)  bad@2.0: 83.3836 (83.0249)  bad@3.0: 76.4130 (75.4541)  time: 0.4825  data: 0.0008  max mem: 15488
[17:39:39.248285] Epoch: [8]  [1440/1630]  eta: 0:01:32  lr: 0.000025  loss: 3.4897 (3.4684)  avgerr: 15.5619 (15.1361)  rmse: 19.8031 (19.9951)  bad@0.5: 95.4094 (95.5900)  bad@1.0: 90.6854 (91.2543)  bad@2.0: 81.5422 (82.9941)  bad@3.0: 73.3027 (75.4183)  time: 0.4740  data: 0.0002  max mem: 15488
[17:39:48.835600] Epoch: [8]  [1460/1630]  eta: 0:01:22  lr: 0.000025  loss: 3.3985 (3.4675)  avgerr: 14.0935 (15.1181)  rmse: 17.9350 (19.9723)  bad@0.5: 95.7225 (95.5886)  bad@1.0: 91.7714 (91.2531)  bad@2.0: 84.0969 (82.9928)  bad@3.0: 76.0869 (75.4130)  time: 0.4793  data: 0.0007  max mem: 15488
[17:39:58.516772] Epoch: [8]  [1480/1630]  eta: 0:01:12  lr: 0.000025  loss: 3.4638 (3.4681)  avgerr: 15.3021 (15.1320)  rmse: 19.4665 (19.9887)  bad@0.5: 95.5857 (95.5873)  bad@1.0: 91.0745 (91.2516)  bad@2.0: 81.6843 (82.9926)  bad@3.0: 74.2948 (75.4151)  time: 0.4840  data: 0.0014  max mem: 15488
[17:40:08.306058] Epoch: [8]  [1500/1630]  eta: 0:01:03  lr: 0.000025  loss: 3.4499 (3.4688)  avgerr: 15.2961 (15.1519)  rmse: 19.1578 (20.0145)  bad@0.5: 95.5370 (95.5877)  bad@1.0: 91.2576 (91.2525)  bad@2.0: 84.0326 (82.9952)  bad@3.0: 76.0341 (75.4193)  time: 0.4894  data: 0.0009  max mem: 15488
[17:40:17.951534] Epoch: [8]  [1520/1630]  eta: 0:00:53  lr: 0.000025  loss: 3.2251 (3.4667)  avgerr: 11.3846 (15.1199)  rmse: 15.1216 (19.9741)  bad@0.5: 95.5720 (95.5825)  bad@1.0: 90.9519 (91.2435)  bad@2.0: 81.3234 (82.9801)  bad@3.0: 73.9994 (75.3969)  time: 0.4822  data: 0.0010  max mem: 15488
[17:40:27.624439] Epoch: [8]  [1540/1630]  eta: 0:00:43  lr: 0.000025  loss: 3.4984 (3.4660)  avgerr: 15.0090 (15.1130)  rmse: 20.5786 (19.9750)  bad@0.5: 95.2447 (95.5807)  bad@1.0: 90.7208 (91.2391)  bad@2.0: 82.1768 (82.9677)  bad@3.0: 73.8045 (75.3761)  time: 0.4824  data: 0.0013  max mem: 15488
[17:40:37.429426] Epoch: [8]  [1560/1630]  eta: 0:00:34  lr: 0.000025  loss: 3.4089 (3.4657)  avgerr: 14.1087 (15.1098)  rmse: 19.3170 (19.9808)  bad@0.5: 95.7103 (95.5830)  bad@1.0: 91.6988 (91.2438)  bad@2.0: 83.8475 (82.9760)  bad@3.0: 76.4528 (75.3856)  time: 0.4902  data: 0.0007  max mem: 15488
[17:40:47.025514] Epoch: [8]  [1580/1630]  eta: 0:00:24  lr: 0.000025  loss: 3.3863 (3.4650)  avgerr: 13.6444 (15.1110)  rmse: 18.4717 (19.9914)  bad@0.5: 95.6850 (95.5840)  bad@1.0: 91.5154 (91.2461)  bad@2.0: 83.3173 (82.9784)  bad@3.0: 75.2053 (75.3843)  time: 0.4797  data: 0.0036  max mem: 15488
[17:40:56.648960] Epoch: [8]  [1600/1630]  eta: 0:00:14  lr: 0.000025  loss: 3.4541 (3.4647)  avgerr: 14.7112 (15.1161)  rmse: 20.1497 (20.0031)  bad@0.5: 95.1707 (95.5791)  bad@1.0: 90.4856 (91.2361)  bad@2.0: 81.8205 (82.9607)  bad@3.0: 74.0762 (75.3639)  time: 0.4811  data: 0.0068  max mem: 15488
[17:41:06.191260] Epoch: [8]  [1620/1630]  eta: 0:00:04  lr: 0.000025  loss: 3.4245 (3.4646)  avgerr: 14.3126 (15.1148)  rmse: 18.7048 (19.9959)  bad@0.5: 95.6884 (95.5814)  bad@1.0: 91.4850 (91.2391)  bad@2.0: 82.7665 (82.9615)  bad@3.0: 74.9475 (75.3620)  time: 0.4771  data: 0.0014  max mem: 15488
[17:41:10.383113] Epoch: [8]  [1629/1630]  eta: 0:00:00  lr: 0.000025  loss: 3.4245 (3.4648)  avgerr: 14.3126 (15.1196)  rmse: 19.4946 (20.0043)  bad@0.5: 95.5075 (95.5797)  bad@1.0: 91.0427 (91.2360)  bad@2.0: 82.5731 (82.9565)  bad@3.0: 74.6663 (75.3573)  time: 0.4702  data: 0.0001  max mem: 15488
[17:41:10.436359] Epoch: [8] Total time: 0:13:11 (0.4858 s / it)
[17:41:10.436466] Averaged stats: lr: 0.000025  loss: 3.4245 (3.4648)  avgerr: 14.3126 (15.1196)  rmse: 19.4946 (20.0043)  bad@0.5: 95.5075 (95.5797)  bad@1.0: 91.0427 (91.2360)  bad@2.0: 82.5731 (82.9565)  bad@3.0: 74.6663 (75.3573)
[17:41:10.440527] log_dir: ./checkpoints/gator_ft_2870882
[17:41:10.839483] Epoch: [8]  [0/3]  eta: 0:00:01  loss_tiled: 0.7927 (0.7927)  loss: 0.8050 (0.8050)  ETH3DLowResDataset_subval_avgerr: 0.7927 (0.7927)  ETH3DLowResDataset_subval_rmse: 1.3777 (1.3777)  ETH3DLowResDataset_subval_bad@0.5: 45.2394 (45.2394)  ETH3DLowResDataset_subval_bad@1.0: 23.0626 (23.0626)  ETH3DLowResDataset_subval_bad@2.0: 8.8972 (8.8972)  ETH3DLowResDataset_subval_bad@3.0: 3.4612 (3.4612)  time: 0.3983  data: 0.2224  max mem: 15488
[17:41:11.592618] Epoch: [8]  [2/3]  eta: 0:00:00  loss_tiled: 1.6348 (1.6250)  loss: 1.5419 (1.5986)  ETH3DLowResDataset_subval_avgerr: 1.5441 (2.1605)  ETH3DLowResDataset_subval_rmse: 2.1465 (2.8588)  ETH3DLowResDataset_subval_bad@0.5: 75.0431 (71.1257)  ETH3DLowResDataset_subval_bad@1.0: 52.6086 (54.0355)  ETH3DLowResDataset_subval_bad@2.0: 25.3186 (35.4796)  ETH3DLowResDataset_subval_bad@3.0: 15.0207 (25.4864)  time: 0.3834  data: 0.0742  max mem: 15488
[17:41:11.627149] Epoch: [8] Total time: 0:00:01 (0.3955 s / it)
[17:41:21.247463] Epoch: [8]  [0/6]  eta: 0:00:57  loss_tiled: 3.5571 (3.5571)  loss: 3.2683 (3.2683)  Md14Dataset_subval_avgerr: 10.6104 (10.6104)  Md14Dataset_subval_rmse: 17.7585 (17.7585)  Md14Dataset_subval_bad@0.5: 95.5545 (95.5545)  Md14Dataset_subval_bad@1.0: 91.1415 (91.1415)  Md14Dataset_subval_bad@2.0: 82.3928 (82.3928)  Md14Dataset_subval_bad@3.0: 73.7713 (73.7713)  time: 9.6196  data: 1.0988  max mem: 15488
[17:42:02.348631] Epoch: [8]  [5/6]  eta: 0:00:08  loss_tiled: 3.6508 (3.7524)  loss: 3.3863 (3.4756)  Md14Dataset_subval_avgerr: 11.1545 (12.7939)  Md14Dataset_subval_rmse: 17.0418 (19.7621)  Md14Dataset_subval_bad@0.5: 96.2544 (96.5182)  Md14Dataset_subval_bad@1.0: 92.5370 (93.0248)  Md14Dataset_subval_bad@2.0: 84.9364 (86.0168)  Md14Dataset_subval_bad@3.0: 77.6617 (78.9820)  time: 8.4533  data: 0.1832  max mem: 15488
[17:42:02.391409] Epoch: [8] Total time: 0:00:50 (8.4607 s / it)
[17:42:25.121605] Epoch: [8]  [ 0/15]  eta: 0:05:40  loss_tiled: 4.6998 (4.6998)  loss: 4.0269 (4.0269)  BoosterDataset_subval_balanced_avgerr: 20.7746 (20.7746)  BoosterDataset_subval_balanced_rmse: 28.0197 (28.0197)  BoosterDataset_subval_balanced_bad@0.5: 97.7306 (97.7306)  BoosterDataset_subval_balanced_bad@1.0: 95.5717 (95.5717)  BoosterDataset_subval_balanced_bad@2.0: 91.4466 (91.4466)  BoosterDataset_subval_balanced_bad@3.0: 87.5154 (87.5154)  time: 22.7294  data: 2.2884  max mem: 15488
[17:47:08.383147] Epoch: [8]  [14/15]  eta: 0:00:20  loss_tiled: 5.5542 (5.5310)  loss: 4.4673 (4.8943)  BoosterDataset_subval_balanced_avgerr: 29.6097 (38.3413)  BoosterDataset_subval_balanced_rmse: 42.2870 (53.7254)  BoosterDataset_subval_balanced_bad@0.5: 98.6096 (98.6366)  BoosterDataset_subval_balanced_bad@1.0: 97.2285 (97.2748)  BoosterDataset_subval_balanced_bad@2.0: 94.3989 (94.5602)  BoosterDataset_subval_balanced_bad@3.0: 91.3655 (91.8594)  time: 20.3994  data: 0.1526  max mem: 15488
[17:47:08.421232] Epoch: [8] Total time: 0:05:06 (20.4020 s / it)
[17:47:11.370340] Epoch: [8]  [ 0/20]  eta: 0:00:58  loss_tiled: 3.2970 (3.2970)  loss: 3.0359 (3.0359)  Md21Dataset_subval_avgerr: 8.6261 (8.6261)  Md21Dataset_subval_rmse: 13.6378 (13.6378)  Md21Dataset_subval_bad@0.5: 94.2780 (94.2780)  Md21Dataset_subval_bad@1.0: 88.9157 (88.9157)  Md21Dataset_subval_bad@2.0: 79.2636 (79.2636)  Md21Dataset_subval_bad@3.0: 69.4572 (69.4572)  time: 2.9483  data: 0.5471  max mem: 15488
[17:47:55.929257] Epoch: [8]  [19/20]  eta: 0:00:02  loss_tiled: 3.1753 (3.1975)  loss: 2.9981 (3.0357)  Md21Dataset_subval_avgerr: 8.4267 (8.6462)  Md21Dataset_subval_rmse: 13.4167 (13.7175)  Md21Dataset_subval_bad@0.5: 94.3828 (94.4803)  Md21Dataset_subval_bad@1.0: 88.8037 (88.9372)  Md21Dataset_subval_bad@2.0: 77.5866 (78.0926)  Md21Dataset_subval_bad@3.0: 67.0165 (67.5213)  time: 2.3753  data: 0.0274  max mem: 15488
[17:47:55.985998] Epoch: [8] Total time: 0:00:47 (2.3782 s / it)
[17:47:55.987794] Averaged stats: {'loss_tiled': 3.1974631786346435, 'loss': 3.0356531620025633, 'ETH3DLowResDataset_subval_avgerr': 2.1605384945869446, 'ETH3DLowResDataset_subval_rmse': 2.858762542406718, 'ETH3DLowResDataset_subval_bad@0.5': 71.12572987874348, 'ETH3DLowResDataset_subval_bad@1.0': 54.03553835550944, 'ETH3DLowResDataset_subval_bad@2.0': 35.47963778177897, 'ETH3DLowResDataset_subval_bad@3.0': 25.486420075098675, 'Md14Dataset_subval_avgerr': 12.793900489807129, 'Md14Dataset_subval_rmse': 19.762138684590656, 'Md14Dataset_subval_bad@0.5': 96.518248240153, 'Md14Dataset_subval_bad@1.0': 93.02484893798828, 'Md14Dataset_subval_bad@2.0': 86.01680374145508, 'Md14Dataset_subval_bad@3.0': 78.98196919759114, 'BoosterDataset_subval_balanced_avgerr': 38.34129257202149, 'BoosterDataset_subval_balanced_rmse': 53.72541300455729, 'BoosterDataset_subval_balanced_bad@0.5': 98.63655802408854, 'BoosterDataset_subval_balanced_bad@1.0': 97.27477010091145, 'BoosterDataset_subval_balanced_bad@2.0': 94.56019134521485, 'BoosterDataset_subval_balanced_bad@3.0': 91.8594228108724, 'Md21Dataset_subval_avgerr': 8.646237564086913, 'Md21Dataset_subval_rmse': 13.717482328414917, 'Md21Dataset_subval_bad@0.5': 94.48032722473144, 'Md21Dataset_subval_bad@1.0': 88.93722114562988, 'Md21Dataset_subval_bad@2.0': 78.09261627197266, 'Md21Dataset_subval_bad@3.0': 67.5212963104248, 'AVG_avgerr': 15.48549228012562, 'AVG_rmse': 22.515949139992394, 'AVG_bad@0.5': 90.19021584192912, 'AVG_bad@1.0': 83.31809463500976, 'AVG_bad@2.0': 73.53731228510539, 'AVG_bad@3.0': 65.96227709849676}
[17:47:55.991981] >> Saving model to checkpoints/gator_ft_2870882/checkpoint-best.pth ...
[17:47:56.467683] >> Saving model to checkpoints/gator_ft_2870882/checkpoint-last.pth ...
[17:47:56.932042] log_dir: ./checkpoints/gator_ft_2870882
[17:48:02.709591] Epoch: [9]  [   0/1630]  eta: 2:36:55  lr: 0.000025  loss: 3.7853 (3.7853)  avgerr: 19.3246 (19.3246)  rmse: 25.7323 (25.7323)  bad@0.5: 97.2838 (97.2838)  bad@1.0: 94.4902 (94.4902)  bad@2.0: 88.6821 (88.6821)  bad@3.0: 82.4766 (82.4766)  time: 5.7767  data: 5.3102  max mem: 15488
[17:48:13.129105] Epoch: [9]  [  20/1630]  eta: 0:20:41  lr: 0.000025  loss: 3.3301 (3.3974)  avgerr: 13.1974 (13.8730)  rmse: 17.2737 (18.5724)  bad@0.5: 95.3366 (95.3298)  bad@1.0: 90.6969 (90.7905)  bad@2.0: 81.8062 (82.3828)  bad@3.0: 73.5079 (74.6261)  time: 0.5209  data: 0.0460  max mem: 15488
[17:48:24.231577] Epoch: [9]  [  40/1630]  eta: 0:17:38  lr: 0.000025  loss: 3.4565 (3.4120)  avgerr: 15.3240 (14.3027)  rmse: 19.6735 (19.0119)  bad@0.5: 95.1773 (95.2848)  bad@1.0: 90.8577 (90.7558)  bad@2.0: 82.3159 (82.3267)  bad@3.0: 74.0043 (74.6362)  time: 0.5550  data: 0.0723  max mem: 15488
[17:48:33.869858] Epoch: [9]  [  60/1630]  eta: 0:15:50  lr: 0.000025  loss: 3.3072 (3.4163)  avgerr: 14.0403 (14.4537)  rmse: 17.3133 (19.1295)  bad@0.5: 95.4205 (95.2733)  bad@1.0: 91.0714 (90.7010)  bad@2.0: 82.4754 (82.1664)  bad@3.0: 74.7440 (74.3604)  time: 0.4818  data: 0.0014  max mem: 15488
[17:48:43.420006] Epoch: [9]  [  80/1630]  eta: 0:14:49  lr: 0.000025  loss: 3.4258 (3.4382)  avgerr: 13.7844 (14.9278)  rmse: 18.6603 (19.6212)  bad@0.5: 95.5348 (95.2989)  bad@1.0: 90.9790 (90.7233)  bad@2.0: 81.6394 (82.1162)  bad@3.0: 74.7864 (74.2776)  time: 0.4774  data: 0.0002  max mem: 15488
[17:48:53.069114] Epoch: [9]  [ 100/1630]  eta: 0:14:10  lr: 0.000025  loss: 3.3632 (3.4233)  avgerr: 13.6196 (14.8033)  rmse: 17.7741 (19.6096)  bad@0.5: 94.9218 (95.2231)  bad@1.0: 89.8575 (90.5829)  bad@2.0: 80.8205 (81.8888)  bad@3.0: 73.4514 (74.0000)  time: 0.4824  data: 0.0007  max mem: 15488
[17:49:02.756077] Epoch: [9]  [ 120/1630]  eta: 0:13:41  lr: 0.000025  loss: 3.4446 (3.4369)  avgerr: 13.7263 (14.9069)  rmse: 18.4560 (19.6778)  bad@0.5: 95.8070 (95.2963)  bad@1.0: 91.5668 (90.7172)  bad@2.0: 83.2077 (82.0843)  bad@3.0: 75.3795 (74.2250)  time: 0.4843  data: 0.0031  max mem: 15488
[17:49:12.364326] Epoch: [9]  [ 140/1630]  eta: 0:13:16  lr: 0.000025  loss: 3.4530 (3.4410)  avgerr: 14.6042 (14.9979)  rmse: 19.3778 (19.7534)  bad@0.5: 95.6744 (95.3367)  bad@1.0: 91.4201 (90.7644)  bad@2.0: 82.9234 (82.1134)  bad@3.0: 75.0950 (74.2608)  time: 0.4803  data: 0.0002  max mem: 15488
[17:49:21.900009] Epoch: [9]  [ 160/1630]  eta: 0:12:55  lr: 0.000025  loss: 3.2856 (3.4280)  avgerr: 11.6713 (14.8396)  rmse: 16.1043 (19.5555)  bad@0.5: 94.8074 (95.2770)  bad@1.0: 89.8867 (90.6557)  bad@2.0: 80.1496 (81.9401)  bad@3.0: 71.4906 (74.0400)  time: 0.4767  data: 0.0010  max mem: 15488
[17:49:31.479810] Epoch: [9]  [ 180/1630]  eta: 0:12:37  lr: 0.000025  loss: 3.4094 (3.4273)  avgerr: 14.8874 (14.8906)  rmse: 19.6213 (19.6949)  bad@0.5: 95.2555 (95.2545)  bad@1.0: 90.5993 (90.6139)  bad@2.0: 81.3598 (81.8671)  bad@3.0: 73.3131 (73.9478)  time: 0.4789  data: 0.0002  max mem: 15488
[17:49:41.032135] Epoch: [9]  [ 200/1630]  eta: 0:12:20  lr: 0.000025  loss: 3.2537 (3.4177)  avgerr: 12.5721 (14.7194)  rmse: 16.6500 (19.5264)  bad@0.5: 94.8158 (95.2330)  bad@1.0: 89.6206 (90.5747)  bad@2.0: 80.5784 (81.8008)  bad@3.0: 72.6501 (73.8664)  time: 0.4775  data: 0.0008  max mem: 15488
[17:49:50.596450] Epoch: [9]  [ 220/1630]  eta: 0:12:05  lr: 0.000025  loss: 3.4138 (3.4194)  avgerr: 13.3567 (14.7306)  rmse: 18.0724 (19.5157)  bad@0.5: 95.6250 (95.2507)  bad@1.0: 91.1246 (90.6225)  bad@2.0: 82.7564 (81.9086)  bad@3.0: 75.3871 (74.0125)  time: 0.4781  data: 0.0005  max mem: 15488
[17:50:00.018812] Epoch: [9]  [ 240/1630]  eta: 0:11:49  lr: 0.000025  loss: 3.3136 (3.4150)  avgerr: 12.1596 (14.7338)  rmse: 16.8661 (19.5116)  bad@0.5: 95.0710 (95.2339)  bad@1.0: 90.3965 (90.5801)  bad@2.0: 81.4353 (81.7922)  bad@3.0: 72.3468 (73.8432)  time: 0.4710  data: 0.0002  max mem: 15488
[17:50:09.778595] Epoch: [9]  [ 260/1630]  eta: 0:11:37  lr: 0.000025  loss: 3.3176 (3.4096)  avgerr: 12.0047 (14.7260)  rmse: 16.2204 (19.4651)  bad@0.5: 95.3430 (95.2491)  bad@1.0: 90.6916 (90.6026)  bad@2.0: 81.4818 (81.7955)  bad@3.0: 72.9260 (73.8191)  time: 0.4879  data: 0.0010  max mem: 15488
[17:50:19.538600] Epoch: [9]  [ 280/1630]  eta: 0:11:25  lr: 0.000025  loss: 3.3497 (3.4107)  avgerr: 14.2718 (14.7522)  rmse: 19.0184 (19.5067)  bad@0.5: 95.1438 (95.2505)  bad@1.0: 90.0912 (90.5992)  bad@2.0: 81.0501 (81.7726)  bad@3.0: 73.0580 (73.7928)  time: 0.4879  data: 0.0018  max mem: 15488
[17:50:29.042325] Epoch: [9]  [ 300/1630]  eta: 0:11:12  lr: 0.000025  loss: 3.4634 (3.4166)  avgerr: 15.0259 (14.8976)  rmse: 20.7861 (19.7159)  bad@0.5: 95.5288 (95.2658)  bad@1.0: 90.9894 (90.6260)  bad@2.0: 82.1377 (81.8144)  bad@3.0: 74.1264 (73.8426)  time: 0.4751  data: 0.0002  max mem: 15488
[17:50:38.683458] Epoch: [9]  [ 320/1630]  eta: 0:11:00  lr: 0.000025  loss: 3.3507 (3.4161)  avgerr: 13.2328 (14.8627)  rmse: 18.8875 (19.6785)  bad@0.5: 95.4650 (95.2783)  bad@1.0: 90.6182 (90.6433)  bad@2.0: 81.8133 (81.8315)  bad@3.0: 73.3018 (73.8529)  time: 0.4820  data: 0.0013  max mem: 15488
[17:50:48.369340] Epoch: [9]  [ 340/1630]  eta: 0:10:48  lr: 0.000025  loss: 3.3117 (3.4134)  avgerr: 12.5098 (14.7928)  rmse: 16.4176 (19.6265)  bad@0.5: 95.8205 (95.3096)  bad@1.0: 91.6220 (90.7015)  bad@2.0: 83.2700 (81.9140)  bad@3.0: 75.7114 (73.9265)  time: 0.4842  data: 0.0005  max mem: 15488
[17:50:57.957170] Epoch: [9]  [ 360/1630]  eta: 0:10:36  lr: 0.000025  loss: 3.3647 (3.4127)  avgerr: 13.8026 (14.7707)  rmse: 18.7769 (19.5749)  bad@0.5: 95.2560 (95.3080)  bad@1.0: 90.4595 (90.6940)  bad@2.0: 82.4660 (81.9159)  bad@3.0: 75.4521 (73.9494)  time: 0.4793  data: 0.0008  max mem: 15488
[17:51:07.597173] Epoch: [9]  [ 380/1630]  eta: 0:10:25  lr: 0.000025  loss: 3.3964 (3.4148)  avgerr: 13.6064 (14.7614)  rmse: 17.7144 (19.5547)  bad@0.5: 95.9254 (95.3415)  bad@1.0: 91.9882 (90.7573)  bad@2.0: 83.8991 (82.0228)  bad@3.0: 77.5301 (74.0940)  time: 0.4819  data: 0.0005  max mem: 15488
[17:51:17.273172] Epoch: [9]  [ 400/1630]  eta: 0:10:14  lr: 0.000025  loss: 3.3903 (3.4151)  avgerr: 14.0388 (14.7466)  rmse: 18.6536 (19.5327)  bad@0.5: 95.2488 (95.3339)  bad@1.0: 90.4660 (90.7427)  bad@2.0: 82.0116 (81.9986)  bad@3.0: 73.1126 (74.0703)  time: 0.4837  data: 0.0009  max mem: 15488
[17:51:26.968201] Epoch: [9]  [ 420/1630]  eta: 0:10:03  lr: 0.000025  loss: 3.3155 (3.4142)  avgerr: 14.0681 (14.7142)  rmse: 18.5190 (19.5033)  bad@0.5: 95.3241 (95.3155)  bad@1.0: 90.8781 (90.7189)  bad@2.0: 82.0780 (81.9767)  bad@3.0: 73.8454 (74.0446)  time: 0.4847  data: 0.0012  max mem: 15488
[17:51:36.525263] Epoch: [9]  [ 440/1630]  eta: 0:09:52  lr: 0.000025  loss: 3.4998 (3.4246)  avgerr: 15.1271 (14.8859)  rmse: 19.4342 (19.6941)  bad@0.5: 96.0526 (95.3152)  bad@1.0: 91.9861 (90.7302)  bad@2.0: 83.6584 (82.0195)  bad@3.0: 76.6779 (74.1194)  time: 0.4778  data: 0.0014  max mem: 15488
[17:51:46.306367] Epoch: [9]  [ 460/1630]  eta: 0:09:42  lr: 0.000025  loss: 3.4110 (3.4239)  avgerr: 14.0816 (14.8674)  rmse: 19.8545 (19.6695)  bad@0.5: 95.6624 (95.3126)  bad@1.0: 91.5379 (90.7256)  bad@2.0: 82.5618 (82.0124)  bad@3.0: 75.3258 (74.1081)  time: 0.4890  data: 0.0002  max mem: 15488
[17:51:55.859343] Epoch: [9]  [ 480/1630]  eta: 0:09:31  lr: 0.000025  loss: 3.3331 (3.4208)  avgerr: 12.2617 (14.8134)  rmse: 16.2526 (19.5930)  bad@0.5: 94.8773 (95.2979)  bad@1.0: 89.9426 (90.6975)  bad@2.0: 80.9861 (81.9816)  bad@3.0: 73.0154 (74.0795)  time: 0.4776  data: 0.0009  max mem: 15488
[17:52:05.476969] Epoch: [9]  [ 500/1630]  eta: 0:09:20  lr: 0.000025  loss: 3.3933 (3.4215)  avgerr: 14.3966 (14.8126)  rmse: 19.1253 (19.5852)  bad@0.5: 95.6977 (95.3131)  bad@1.0: 91.4909 (90.7267)  bad@2.0: 82.9857 (82.0275)  bad@3.0: 75.4177 (74.1336)  time: 0.4808  data: 0.0002  max mem: 15488
[17:52:15.114162] Epoch: [9]  [ 520/1630]  eta: 0:09:09  lr: 0.000025  loss: 3.3537 (3.4213)  avgerr: 12.7984 (14.8038)  rmse: 16.3544 (19.5710)  bad@0.5: 95.8330 (95.3129)  bad@1.0: 91.8082 (90.7310)  bad@2.0: 83.8195 (82.0474)  bad@3.0: 76.2589 (74.1652)  time: 0.4818  data: 0.0017  max mem: 15488
[17:52:24.659083] Epoch: [9]  [ 540/1630]  eta: 0:08:59  lr: 0.000025  loss: 3.3975 (3.4219)  avgerr: 13.9359 (14.8104)  rmse: 18.9910 (19.5642)  bad@0.5: 95.6671 (95.3158)  bad@1.0: 91.2646 (90.7415)  bad@2.0: 82.8772 (82.0814)  bad@3.0: 74.5357 (74.2176)  time: 0.4772  data: 0.0007  max mem: 15488
[17:52:34.286971] Epoch: [9]  [ 560/1630]  eta: 0:08:48  lr: 0.000025  loss: 3.4303 (3.4231)  avgerr: 13.6870 (14.8095)  rmse: 18.0548 (19.5622)  bad@0.5: 95.4063 (95.3195)  bad@1.0: 90.8746 (90.7485)  bad@2.0: 82.4416 (82.1015)  bad@3.0: 74.9103 (74.2571)  time: 0.4813  data: 0.0002  max mem: 15488
[17:52:43.940285] Epoch: [9]  [ 580/1630]  eta: 0:08:38  lr: 0.000025  loss: 3.4687 (3.4259)  avgerr: 15.8962 (14.8564)  rmse: 21.0703 (19.6315)  bad@0.5: 95.4182 (95.3190)  bad@1.0: 90.8766 (90.7554)  bad@2.0: 82.0050 (82.1239)  bad@3.0: 74.2346 (74.2902)  time: 0.4826  data: 0.0011  max mem: 15488
[17:52:53.517235] Epoch: [9]  [ 600/1630]  eta: 0:08:28  lr: 0.000025  loss: 3.3969 (3.4293)  avgerr: 14.1807 (14.9135)  rmse: 19.8645 (19.7060)  bad@0.5: 95.3041 (95.3161)  bad@1.0: 90.6609 (90.7511)  bad@2.0: 81.8595 (82.1228)  bad@3.0: 74.3478 (74.2963)  time: 0.4788  data: 0.0002  max mem: 15488
[17:53:03.545071] Epoch: [9]  [ 620/1630]  eta: 0:08:18  lr: 0.000025  loss: 3.2890 (3.4249)  avgerr: 12.3781 (14.8631)  rmse: 16.6038 (19.6397)  bad@0.5: 94.9772 (95.2935)  bad@1.0: 89.9902 (90.7052)  bad@2.0: 80.4132 (82.0353)  bad@3.0: 71.7468 (74.1830)  time: 0.5013  data: 0.0243  max mem: 15488
[17:53:13.164568] Epoch: [9]  [ 640/1630]  eta: 0:08:08  lr: 0.000025  loss: 3.3149 (3.4234)  avgerr: 12.8329 (14.8328)  rmse: 16.5671 (19.6152)  bad@0.5: 95.3662 (95.2927)  bad@1.0: 90.8108 (90.7010)  bad@2.0: 82.1287 (82.0222)  bad@3.0: 74.3293 (74.1628)  time: 0.4809  data: 0.0007  max mem: 15488
[17:53:23.019928] Epoch: [9]  [ 660/1630]  eta: 0:07:58  lr: 0.000025  loss: 3.5048 (3.4262)  avgerr: 14.8729 (14.8472)  rmse: 19.9097 (19.6430)  bad@0.5: 96.2714 (95.3211)  bad@1.0: 92.6325 (90.7550)  bad@2.0: 85.2156 (82.1122)  bad@3.0: 77.7111 (74.2748)  time: 0.4927  data: 0.0002  max mem: 15488
[17:53:32.602909] Epoch: [9]  [ 680/1630]  eta: 0:07:48  lr: 0.000025  loss: 3.4368 (3.4268)  avgerr: 14.2001 (14.8317)  rmse: 18.2120 (19.6364)  bad@0.5: 95.5866 (95.3335)  bad@1.0: 91.2719 (90.7806)  bad@2.0: 82.5726 (82.1636)  bad@3.0: 75.6075 (74.3454)  time: 0.4791  data: 0.0015  max mem: 15488
[17:53:42.250454] Epoch: [9]  [ 700/1630]  eta: 0:07:38  lr: 0.000025  loss: 3.3416 (3.4231)  avgerr: 13.1872 (14.7901)  rmse: 16.5038 (19.5845)  bad@0.5: 94.3502 (95.3029)  bad@1.0: 88.9912 (90.7279)  bad@2.0: 79.0576 (82.0796)  bad@3.0: 70.7465 (74.2483)  time: 0.4823  data: 0.0002  max mem: 15488
[17:53:51.750621] Epoch: [9]  [ 720/1630]  eta: 0:07:27  lr: 0.000025  loss: 3.3193 (3.4206)  avgerr: 12.8350 (14.7493)  rmse: 17.5218 (19.5416)  bad@0.5: 95.4968 (95.2979)  bad@1.0: 91.0520 (90.7209)  bad@2.0: 82.4619 (82.0727)  bad@3.0: 74.4140 (74.2379)  time: 0.4749  data: 0.0005  max mem: 15488
[17:54:01.400097] Epoch: [9]  [ 740/1630]  eta: 0:07:17  lr: 0.000025  loss: 3.1977 (3.4164)  avgerr: 12.4533 (14.6830)  rmse: 16.4601 (19.4676)  bad@0.5: 95.2397 (95.2929)  bad@1.0: 90.7221 (90.7072)  bad@2.0: 82.0475 (82.0389)  bad@3.0: 73.8331 (74.1887)  time: 0.4824  data: 0.0005  max mem: 15488
[17:54:11.020794] Epoch: [9]  [ 760/1630]  eta: 0:07:07  lr: 0.000025  loss: 3.3727 (3.4162)  avgerr: 14.3127 (14.6835)  rmse: 18.4629 (19.4789)  bad@0.5: 95.3939 (95.2939)  bad@1.0: 91.1086 (90.7102)  bad@2.0: 82.2591 (82.0455)  bad@3.0: 75.4593 (74.1928)  time: 0.4809  data: 0.0015  max mem: 15488
[17:54:20.634476] Epoch: [9]  [ 780/1630]  eta: 0:06:57  lr: 0.000025  loss: 3.2471 (3.4133)  avgerr: 12.4229 (14.6452)  rmse: 17.0051 (19.4364)  bad@0.5: 95.2370 (95.2828)  bad@1.0: 90.3355 (90.6893)  bad@2.0: 81.6813 (82.0099)  bad@3.0: 74.4893 (74.1468)  time: 0.4806  data: 0.0006  max mem: 15488
[17:54:30.146809] Epoch: [9]  [ 800/1630]  eta: 0:06:47  lr: 0.000025  loss: 3.4386 (3.4148)  avgerr: 14.0603 (14.6666)  rmse: 18.5538 (19.4781)  bad@0.5: 94.9691 (95.2802)  bad@1.0: 89.9807 (90.6861)  bad@2.0: 80.6325 (82.0119)  bad@3.0: 72.8905 (74.1582)  time: 0.4755  data: 0.0003  max mem: 15488
[17:54:39.832473] Epoch: [9]  [ 820/1630]  eta: 0:06:37  lr: 0.000025  loss: 3.4239 (3.4161)  avgerr: 14.4213 (14.6948)  rmse: 18.8601 (19.5265)  bad@0.5: 95.9043 (95.2857)  bad@1.0: 91.8255 (90.6982)  bad@2.0: 83.6045 (82.0354)  bad@3.0: 75.8548 (74.1833)  time: 0.4842  data: 0.0003  max mem: 15488
[17:54:49.452162] Epoch: [9]  [ 840/1630]  eta: 0:06:27  lr: 0.000025  loss: 3.3207 (3.4157)  avgerr: 13.1213 (14.7051)  rmse: 18.1677 (19.5455)  bad@0.5: 95.2982 (95.2887)  bad@1.0: 90.5716 (90.7027)  bad@2.0: 81.1714 (82.0389)  bad@3.0: 73.5821 (74.1834)  time: 0.4809  data: 0.0018  max mem: 15488
[17:54:59.114656] Epoch: [9]  [ 860/1630]  eta: 0:06:17  lr: 0.000025  loss: 3.3816 (3.4149)  avgerr: 14.4648 (14.6967)  rmse: 19.5852 (19.5398)  bad@0.5: 95.2925 (95.2915)  bad@1.0: 90.5810 (90.7065)  bad@2.0: 81.4226 (82.0385)  bad@3.0: 72.9139 (74.1764)  time: 0.4831  data: 0.0002  max mem: 15488
[17:55:08.793101] Epoch: [9]  [ 880/1630]  eta: 0:06:07  lr: 0.000025  loss: 3.4085 (3.4156)  avgerr: 13.6979 (14.6970)  rmse: 18.5451 (19.5395)  bad@0.5: 95.6287 (95.2993)  bad@1.0: 91.3448 (90.7230)  bad@2.0: 82.9170 (82.0668)  bad@3.0: 75.2263 (74.2129)  time: 0.4839  data: 0.0017  max mem: 15488
[17:55:18.499774] Epoch: [9]  [ 900/1630]  eta: 0:05:57  lr: 0.000025  loss: 3.3911 (3.4159)  avgerr: 13.5196 (14.6930)  rmse: 18.6327 (19.5470)  bad@0.5: 95.7745 (95.3003)  bad@1.0: 91.6795 (90.7245)  bad@2.0: 83.3230 (82.0723)  bad@3.0: 75.7052 (74.2247)  time: 0.4853  data: 0.0005  max mem: 15488
[17:55:28.196241] Epoch: [9]  [ 920/1630]  eta: 0:05:47  lr: 0.000025  loss: 3.2938 (3.4147)  avgerr: 11.9874 (14.6679)  rmse: 16.0931 (19.5120)  bad@0.5: 95.3631 (95.3031)  bad@1.0: 90.7693 (90.7300)  bad@2.0: 82.1247 (82.0763)  bad@3.0: 74.4772 (74.2195)  time: 0.4847  data: 0.0008  max mem: 15488
[17:55:37.802111] Epoch: [9]  [ 940/1630]  eta: 0:05:37  lr: 0.000025  loss: 3.3122 (3.4127)  avgerr: 12.1712 (14.6298)  rmse: 16.8192 (19.4628)  bad@0.5: 95.3046 (95.3068)  bad@1.0: 90.6424 (90.7363)  bad@2.0: 81.7427 (82.0842)  bad@3.0: 73.6995 (74.2260)  time: 0.4802  data: 0.0002  max mem: 15488
[17:55:47.515552] Epoch: [9]  [ 960/1630]  eta: 0:05:28  lr: 0.000025  loss: 3.3601 (3.4111)  avgerr: 13.1556 (14.6070)  rmse: 17.2008 (19.4408)  bad@0.5: 95.2599 (95.3092)  bad@1.0: 90.4765 (90.7398)  bad@2.0: 81.6929 (82.0859)  bad@3.0: 73.9783 (74.2230)  time: 0.4856  data: 0.0008  max mem: 15488
[17:55:57.071505] Epoch: [9]  [ 980/1630]  eta: 0:05:18  lr: 0.000025  loss: 3.3399 (3.4109)  avgerr: 12.7218 (14.6064)  rmse: 18.1405 (19.4428)  bad@0.5: 95.2400 (95.3058)  bad@1.0: 90.6278 (90.7343)  bad@2.0: 81.5576 (82.0777)  bad@3.0: 74.0902 (74.2102)  time: 0.4777  data: 0.0008  max mem: 15488
[17:56:06.793281] Epoch: [9]  [1000/1630]  eta: 0:05:08  lr: 0.000025  loss: 3.3957 (3.4117)  avgerr: 15.0952 (14.6285)  rmse: 20.4988 (19.4785)  bad@0.5: 95.3392 (95.3071)  bad@1.0: 90.8271 (90.7375)  bad@2.0: 81.8055 (82.0790)  bad@3.0: 73.8234 (74.2106)  time: 0.4860  data: 0.0008  max mem: 15488
[17:56:16.360241] Epoch: [9]  [1020/1630]  eta: 0:04:58  lr: 0.000025  loss: 3.5030 (3.4122)  avgerr: 14.7003 (14.6430)  rmse: 20.2884 (19.4992)  bad@0.5: 95.3113 (95.3016)  bad@1.0: 90.5650 (90.7286)  bad@2.0: 81.8292 (82.0681)  bad@3.0: 73.7359 (74.1971)  time: 0.4783  data: 0.0006  max mem: 15488
[17:56:25.959901] Epoch: [9]  [1040/1630]  eta: 0:04:48  lr: 0.000025  loss: 3.2696 (3.4111)  avgerr: 13.9612 (14.6242)  rmse: 17.7042 (19.4679)  bad@0.5: 95.4648 (95.3034)  bad@1.0: 90.6538 (90.7291)  bad@2.0: 81.4887 (82.0643)  bad@3.0: 73.3937 (74.1896)  time: 0.4799  data: 0.0021  max mem: 15488
[17:56:35.580329] Epoch: [9]  [1060/1630]  eta: 0:04:38  lr: 0.000025  loss: 3.4071 (3.4136)  avgerr: 15.4783 (14.6587)  rmse: 20.4573 (19.5099)  bad@0.5: 95.4653 (95.3041)  bad@1.0: 91.1248 (90.7307)  bad@2.0: 82.7409 (82.0682)  bad@3.0: 74.5343 (74.1980)  time: 0.4809  data: 0.0014  max mem: 15488
[17:56:45.903467] Epoch: [9]  [1080/1630]  eta: 0:04:29  lr: 0.000025  loss: 3.3052 (3.4122)  avgerr: 12.5161 (14.6322)  rmse: 16.7139 (19.4750)  bad@0.5: 95.1907 (95.3043)  bad@1.0: 90.4816 (90.7293)  bad@2.0: 81.4447 (82.0603)  bad@3.0: 73.2656 (74.1838)  time: 0.5161  data: 0.0375  max mem: 15488
[17:56:56.074112] Epoch: [9]  [1100/1630]  eta: 0:04:19  lr: 0.000025  loss: 3.4870 (3.4133)  avgerr: 13.9798 (14.6345)  rmse: 17.4352 (19.4695)  bad@0.5: 96.0652 (95.3105)  bad@1.0: 91.9874 (90.7432)  bad@2.0: 83.5193 (82.0901)  bad@3.0: 76.0065 (74.2249)  time: 0.5085  data: 0.0344  max mem: 15488
[17:57:05.792700] Epoch: [9]  [1120/1630]  eta: 0:04:09  lr: 0.000025  loss: 3.4229 (3.4144)  avgerr: 14.1796 (14.6381)  rmse: 18.6423 (19.4786)  bad@0.5: 95.6546 (95.3164)  bad@1.0: 91.3460 (90.7561)  bad@2.0: 83.5595 (82.1134)  bad@3.0: 75.6898 (74.2530)  time: 0.4859  data: 0.0037  max mem: 15488
[17:57:15.454674] Epoch: [9]  [1140/1630]  eta: 0:03:59  lr: 0.000025  loss: 3.3816 (3.4146)  avgerr: 13.8078 (14.6422)  rmse: 18.9952 (19.4850)  bad@0.5: 95.2068 (95.3152)  bad@1.0: 90.3913 (90.7527)  bad@2.0: 81.2253 (82.1066)  bad@3.0: 73.6421 (74.2446)  time: 0.4830  data: 0.0009  max mem: 15488
[17:57:25.260865] Epoch: [9]  [1160/1630]  eta: 0:03:50  lr: 0.000025  loss: 3.4451 (3.4143)  avgerr: 15.3992 (14.6485)  rmse: 20.5022 (19.5100)  bad@0.5: 95.2791 (95.3104)  bad@1.0: 90.9898 (90.7434)  bad@2.0: 81.9888 (82.0874)  bad@3.0: 73.4310 (74.2197)  time: 0.4902  data: 0.0007  max mem: 15488
[17:57:35.029436] Epoch: [9]  [1180/1630]  eta: 0:03:40  lr: 0.000025  loss: 3.4629 (3.4148)  avgerr: 14.9406 (14.6547)  rmse: 19.9355 (19.5201)  bad@0.5: 95.3699 (95.3142)  bad@1.0: 90.6223 (90.7490)  bad@2.0: 81.7227 (82.0943)  bad@3.0: 73.6046 (74.2285)  time: 0.4871  data: 0.0015  max mem: 15488
[17:57:44.640437] Epoch: [9]  [1200/1630]  eta: 0:03:30  lr: 0.000024  loss: 3.3230 (3.4140)  avgerr: 12.4428 (14.6392)  rmse: 17.1086 (19.5010)  bad@0.5: 95.6316 (95.3148)  bad@1.0: 91.1623 (90.7494)  bad@2.0: 82.5543 (82.0914)  bad@3.0: 73.9255 (74.2210)  time: 0.4805  data: 0.0012  max mem: 15488
[17:57:54.180420] Epoch: [9]  [1220/1630]  eta: 0:03:20  lr: 0.000024  loss: 3.2151 (3.4125)  avgerr: 14.2424 (14.6325)  rmse: 18.6724 (19.4993)  bad@0.5: 94.7224 (95.3053)  bad@1.0: 89.6440 (90.7318)  bad@2.0: 80.7217 (82.0598)  bad@3.0: 72.3539 (74.1811)  time: 0.4769  data: 0.0015  max mem: 15488
[17:58:03.832462] Epoch: [9]  [1240/1630]  eta: 0:03:10  lr: 0.000024  loss: 3.3668 (3.4121)  avgerr: 13.5839 (14.6248)  rmse: 19.0850 (19.4923)  bad@0.5: 95.7019 (95.3069)  bad@1.0: 91.4091 (90.7339)  bad@2.0: 82.6039 (82.0590)  bad@3.0: 74.2480 (74.1771)  time: 0.4825  data: 0.0006  max mem: 15488
[17:58:13.541257] Epoch: [9]  [1260/1630]  eta: 0:03:00  lr: 0.000024  loss: 3.3525 (3.4122)  avgerr: 12.8489 (14.6299)  rmse: 17.3039 (19.5017)  bad@0.5: 95.4758 (95.3069)  bad@1.0: 90.9769 (90.7337)  bad@2.0: 82.5961 (82.0623)  bad@3.0: 74.9254 (74.1860)  time: 0.4854  data: 0.0002  max mem: 15488
[17:58:23.246104] Epoch: [9]  [1280/1630]  eta: 0:02:51  lr: 0.000024  loss: 3.3735 (3.4122)  avgerr: 13.4634 (14.6325)  rmse: 17.1726 (19.5045)  bad@0.5: 95.2810 (95.3026)  bad@1.0: 90.6063 (90.7252)  bad@2.0: 81.4823 (82.0447)  bad@3.0: 73.1972 (74.1590)  time: 0.4845  data: 0.0024  max mem: 15488
[17:58:32.945179] Epoch: [9]  [1300/1630]  eta: 0:02:41  lr: 0.000024  loss: 3.3816 (3.4125)  avgerr: 12.7974 (14.6383)  rmse: 18.3774 (19.5071)  bad@0.5: 94.8167 (95.3005)  bad@1.0: 89.8090 (90.7215)  bad@2.0: 81.1292 (82.0370)  bad@3.0: 73.3157 (74.1504)  time: 0.4849  data: 0.0002  max mem: 15488
[17:58:42.444169] Epoch: [9]  [1320/1630]  eta: 0:02:31  lr: 0.000024  loss: 3.3379 (3.4123)  avgerr: 12.3889 (14.6347)  rmse: 16.9262 (19.5017)  bad@0.5: 95.5506 (95.3009)  bad@1.0: 91.0187 (90.7219)  bad@2.0: 82.0373 (82.0368)  bad@3.0: 73.5627 (74.1487)  time: 0.4749  data: 0.0002  max mem: 15488
[17:58:51.952423] Epoch: [9]  [1340/1630]  eta: 0:02:21  lr: 0.000024  loss: 3.2351 (3.4113)  avgerr: 12.6032 (14.6260)  rmse: 16.4113 (19.4883)  bad@0.5: 95.2091 (95.2955)  bad@1.0: 90.3803 (90.7100)  bad@2.0: 81.3488 (82.0158)  bad@3.0: 72.8969 (74.1178)  time: 0.4753  data: 0.0003  max mem: 15488
[17:59:01.537077] Epoch: [9]  [1360/1630]  eta: 0:02:11  lr: 0.000024  loss: 3.4391 (3.4112)  avgerr: 14.2856 (14.6284)  rmse: 18.7370 (19.5016)  bad@0.5: 95.0750 (95.2950)  bad@1.0: 90.1474 (90.7089)  bad@2.0: 81.1370 (82.0150)  bad@3.0: 74.0783 (74.1205)  time: 0.4792  data: 0.0016  max mem: 15488
[17:59:11.100690] Epoch: [9]  [1380/1630]  eta: 0:02:02  lr: 0.000024  loss: 3.4392 (3.4115)  avgerr: 14.3552 (14.6323)  rmse: 19.1718 (19.5110)  bad@0.5: 95.9602 (95.2949)  bad@1.0: 91.8653 (90.7093)  bad@2.0: 83.4503 (82.0188)  bad@3.0: 75.3588 (74.1271)  time: 0.4781  data: 0.0006  max mem: 15488
[17:59:20.692674] Epoch: [9]  [1400/1630]  eta: 0:01:52  lr: 0.000024  loss: 3.4163 (3.4119)  avgerr: 13.3498 (14.6297)  rmse: 19.0076 (19.5069)  bad@0.5: 95.6513 (95.3003)  bad@1.0: 91.2325 (90.7195)  bad@2.0: 82.9323 (82.0369)  bad@3.0: 75.0695 (74.1492)  time: 0.4795  data: 0.0002  max mem: 15488
[17:59:30.358080] Epoch: [9]  [1420/1630]  eta: 0:01:42  lr: 0.000024  loss: 3.3453 (3.4123)  avgerr: 13.6261 (14.6371)  rmse: 19.3198 (19.5240)  bad@0.5: 95.6144 (95.3032)  bad@1.0: 91.2534 (90.7235)  bad@2.0: 82.8349 (82.0404)  bad@3.0: 75.3543 (74.1500)  time: 0.4832  data: 0.0008  max mem: 15488
[17:59:39.952187] Epoch: [9]  [1440/1630]  eta: 0:01:32  lr: 0.000024  loss: 3.2900 (3.4106)  avgerr: 12.5283 (14.6227)  rmse: 18.0991 (19.5090)  bad@0.5: 94.8561 (95.2953)  bad@1.0: 89.8724 (90.7061)  bad@2.0: 80.1452 (82.0052)  bad@3.0: 71.1730 (74.1022)  time: 0.4796  data: 0.0008  max mem: 15488
[17:59:49.551645] Epoch: [9]  [1460/1630]  eta: 0:01:22  lr: 0.000024  loss: 3.2382 (3.4092)  avgerr: 12.3162 (14.6065)  rmse: 16.6903 (19.4942)  bad@0.5: 94.6517 (95.2849)  bad@1.0: 89.3459 (90.6857)  bad@2.0: 79.9415 (81.9693)  bad@3.0: 72.2722 (74.0596)  time: 0.4799  data: 0.0008  max mem: 15488
[17:59:59.062940] Epoch: [9]  [1480/1630]  eta: 0:01:13  lr: 0.000024  loss: 3.3104 (3.4077)  avgerr: 12.7189 (14.5831)  rmse: 16.6315 (19.4617)  bad@0.5: 95.1117 (95.2824)  bad@1.0: 90.5190 (90.6811)  bad@2.0: 80.9759 (81.9595)  bad@3.0: 71.7725 (74.0437)  time: 0.4755  data: 0.0002  max mem: 15488
[18:00:08.644887] Epoch: [9]  [1500/1630]  eta: 0:01:03  lr: 0.000024  loss: 3.2106 (3.4061)  avgerr: 12.3211 (14.5604)  rmse: 16.4545 (19.4271)  bad@0.5: 94.8737 (95.2762)  bad@1.0: 89.6041 (90.6675)  bad@2.0: 79.4722 (81.9320)  bad@3.0: 69.6777 (74.0060)  time: 0.4790  data: 0.0005  max mem: 15488
[18:00:18.107308] Epoch: [9]  [1520/1630]  eta: 0:00:53  lr: 0.000024  loss: 3.3802 (3.4062)  avgerr: 14.1836 (14.5617)  rmse: 19.0608 (19.4283)  bad@0.5: 95.4708 (95.2770)  bad@1.0: 91.1858 (90.6683)  bad@2.0: 82.7716 (81.9310)  bad@3.0: 74.3180 (74.0009)  time: 0.4731  data: 0.0010  max mem: 15488
[18:00:27.781039] Epoch: [9]  [1540/1630]  eta: 0:00:43  lr: 0.000024  loss: 3.2860 (3.4054)  avgerr: 13.2488 (14.5473)  rmse: 17.6270 (19.4117)  bad@0.5: 95.5582 (95.2777)  bad@1.0: 90.8867 (90.6690)  bad@2.0: 82.0418 (81.9342)  bad@3.0: 73.3355 (74.0071)  time: 0.4836  data: 0.0008  max mem: 15488
[18:00:37.597296] Epoch: [9]  [1560/1630]  eta: 0:00:34  lr: 0.000024  loss: 3.2058 (3.4040)  avgerr: 11.8632 (14.5258)  rmse: 15.2467 (19.3803)  bad@0.5: 95.1461 (95.2719)  bad@1.0: 90.1372 (90.6559)  bad@2.0: 79.9980 (81.9079)  bad@3.0: 70.3357 (73.9728)  time: 0.4905  data: 0.0002  max mem: 15488
[18:00:47.069603] Epoch: [9]  [1580/1630]  eta: 0:00:24  lr: 0.000024  loss: 3.3458 (3.4041)  avgerr: 12.5885 (14.5268)  rmse: 17.1638 (19.3801)  bad@0.5: 95.0496 (95.2718)  bad@1.0: 90.2057 (90.6544)  bad@2.0: 81.4844 (81.9018)  bad@3.0: 73.6136 (73.9617)  time: 0.4735  data: 0.0002  max mem: 15488
[18:00:56.640950] Epoch: [9]  [1600/1630]  eta: 0:00:14  lr: 0.000024  loss: 3.4252 (3.4053)  avgerr: 14.5768 (14.5446)  rmse: 19.4210 (19.4030)  bad@0.5: 95.3567 (95.2735)  bad@1.0: 90.5781 (90.6564)  bad@2.0: 82.1744 (81.9057)  bad@3.0: 74.4913 (73.9677)  time: 0.4785  data: 0.0006  max mem: 15488
[18:01:06.285510] Epoch: [9]  [1620/1630]  eta: 0:00:04  lr: 0.000024  loss: 3.3261 (3.4047)  avgerr: 13.1871 (14.5346)  rmse: 17.0346 (19.3967)  bad@0.5: 94.7266 (95.2684)  bad@1.0: 89.5493 (90.6471)  bad@2.0: 80.1722 (81.8905)  bad@3.0: 71.4325 (73.9533)  time: 0.4822  data: 0.0012  max mem: 15488
[18:01:10.499436] Epoch: [9]  [1629/1630]  eta: 0:00:00  lr: 0.000024  loss: 3.3532 (3.4052)  avgerr: 13.6510 (14.5457)  rmse: 17.5517 (19.4095)  bad@0.5: 94.9842 (95.2659)  bad@1.0: 89.9440 (90.6412)  bad@2.0: 80.3163 (81.8813)  bad@3.0: 71.2086 (73.9430)  time: 0.4708  data: 0.0008  max mem: 15488
[18:01:10.551104] Epoch: [9] Total time: 0:13:13 (0.4869 s / it)
[18:01:10.551211] Averaged stats: lr: 0.000024  loss: 3.3532 (3.4052)  avgerr: 13.6510 (14.5457)  rmse: 17.5517 (19.4095)  bad@0.5: 94.9842 (95.2659)  bad@1.0: 89.9440 (90.6412)  bad@2.0: 80.3163 (81.8813)  bad@3.0: 71.2086 (73.9430)
[18:01:10.555335] log_dir: ./checkpoints/gator_ft_2870882
[18:01:10.941775] Epoch: [9]  [0/3]  eta: 0:00:01  loss_tiled: 0.8189 (0.8189)  loss: 0.8051 (0.8051)  ETH3DLowResDataset_subval_avgerr: 0.9321 (0.9321)  ETH3DLowResDataset_subval_rmse: 1.4774 (1.4774)  ETH3DLowResDataset_subval_bad@0.5: 56.9724 (56.9724)  ETH3DLowResDataset_subval_bad@1.0: 32.8345 (32.8345)  ETH3DLowResDataset_subval_bad@2.0: 10.8524 (10.8524)  ETH3DLowResDataset_subval_bad@3.0: 2.1048 (2.1048)  time: 0.3858  data: 0.2092  max mem: 15488
[18:01:11.695914] Epoch: [9]  [2/3]  eta: 0:00:00  loss_tiled: 1.5629 (1.6163)  loss: 1.4248 (1.5971)  ETH3DLowResDataset_subval_avgerr: 1.5361 (2.1660)  ETH3DLowResDataset_subval_rmse: 2.1985 (2.8427)  ETH3DLowResDataset_subval_bad@0.5: 71.6061 (73.1150)  ETH3DLowResDataset_subval_bad@1.0: 48.8564 (54.7040)  ETH3DLowResDataset_subval_bad@2.0: 24.5273 (35.4368)  ETH3DLowResDataset_subval_bad@3.0: 17.2130 (26.7339)  time: 0.3798  data: 0.0698  max mem: 15488
[18:01:11.731808] Epoch: [9] Total time: 0:00:01 (0.3921 s / it)
[18:01:21.328515] Epoch: [9]  [0/6]  eta: 0:00:57  loss_tiled: 3.6363 (3.6363)  loss: 3.3587 (3.3587)  Md14Dataset_subval_avgerr: 11.3774 (11.3774)  Md14Dataset_subval_rmse: 18.0182 (18.0182)  Md14Dataset_subval_bad@0.5: 96.5000 (96.5000)  Md14Dataset_subval_bad@1.0: 92.9692 (92.9692)  Md14Dataset_subval_bad@2.0: 86.2794 (86.2794)  Md14Dataset_subval_bad@3.0: 79.0326 (79.0326)  time: 9.5960  data: 1.0894  max mem: 15488
[18:02:02.370142] Epoch: [9]  [5/6]  eta: 0:00:08  loss_tiled: 3.9230 (3.8872)  loss: 3.7329 (3.6551)  Md14Dataset_subval_avgerr: 15.8769 (15.0891)  Md14Dataset_subval_rmse: 20.3219 (22.3611)  Md14Dataset_subval_bad@0.5: 97.8215 (97.9114)  Md14Dataset_subval_bad@1.0: 95.6870 (95.7769)  Md14Dataset_subval_bad@2.0: 91.3922 (91.4824)  Md14Dataset_subval_bad@3.0: 86.8944 (86.9016)  time: 8.4395  data: 0.1816  max mem: 15488
[18:02:02.423893] Epoch: [9] Total time: 0:00:50 (8.4487 s / it)
[18:02:24.738091] Epoch: [9]  [ 0/15]  eta: 0:05:34  loss_tiled: 4.8615 (4.8615)  loss: 4.2681 (4.2681)  BoosterDataset_subval_balanced_avgerr: 25.4591 (25.4591)  BoosterDataset_subval_balanced_rmse: 31.8405 (31.8405)  BoosterDataset_subval_balanced_bad@0.5: 99.0957 (99.0957)  BoosterDataset_subval_balanced_bad@1.0: 98.1548 (98.1548)  BoosterDataset_subval_balanced_bad@2.0: 96.1880 (96.1880)  BoosterDataset_subval_balanced_bad@3.0: 94.2463 (94.2463)  time: 22.3134  data: 1.6867  max mem: 15488
[18:07:08.432894] Epoch: [9]  [14/15]  eta: 0:00:20  loss_tiled: 5.6213 (5.6277)  loss: 4.6865 (4.9274)  BoosterDataset_subval_balanced_avgerr: 33.8902 (38.8806)  BoosterDataset_subval_balanced_rmse: 45.5376 (53.9865)  BoosterDataset_subval_balanced_bad@0.5: 99.0173 (98.9530)  BoosterDataset_subval_balanced_bad@1.0: 98.0355 (97.9129)  BoosterDataset_subval_balanced_bad@2.0: 96.0597 (95.8464)  BoosterDataset_subval_balanced_bad@3.0: 94.1398 (93.7796)  time: 20.4005  data: 0.1125  max mem: 15488
[18:07:08.476923] Epoch: [9] Total time: 0:05:06 (20.4035 s / it)
[18:07:11.422845] Epoch: [9]  [ 0/20]  eta: 0:00:58  loss_tiled: 3.3360 (3.3360)  loss: 3.1583 (3.1583)  Md21Dataset_subval_avgerr: 9.1206 (9.1206)  Md21Dataset_subval_rmse: 14.0032 (14.0032)  Md21Dataset_subval_bad@0.5: 96.0899 (96.0899)  Md21Dataset_subval_bad@1.0: 92.1739 (92.1739)  Md21Dataset_subval_bad@2.0: 83.9202 (83.9202)  Md21Dataset_subval_bad@3.0: 75.2681 (75.2681)  time: 2.9452  data: 0.4826  max mem: 15488
[18:07:56.022827] Epoch: [9]  [19/20]  eta: 0:00:02  loss_tiled: 3.3359 (3.3344)  loss: 3.2211 (3.2408)  Md21Dataset_subval_avgerr: 9.3710 (9.5229)  Md21Dataset_subval_rmse: 14.1162 (14.2974)  Md21Dataset_subval_bad@0.5: 96.3490 (96.2627)  Md21Dataset_subval_bad@1.0: 92.7007 (92.4728)  Md21Dataset_subval_bad@2.0: 84.3872 (84.7379)  Md21Dataset_subval_bad@3.0: 76.1731 (76.6357)  time: 2.3772  data: 0.0242  max mem: 15488
[18:07:56.060636] Epoch: [9] Total time: 0:00:47 (2.3792 s / it)
[18:07:56.062338] Averaged stats: {'loss_tiled': 3.3343567848205566, 'loss': 3.2407872080802917, 'ETH3DLowResDataset_subval_avgerr': 2.166028320789337, 'ETH3DLowResDataset_subval_rmse': 2.842686096827189, 'ETH3DLowResDataset_subval_bad@0.5': 73.11501820882161, 'ETH3DLowResDataset_subval_bad@1.0': 54.7039909362793, 'ETH3DLowResDataset_subval_bad@2.0': 35.43678538004557, 'ETH3DLowResDataset_subval_bad@3.0': 26.733907143274944, 'Md14Dataset_subval_avgerr': 15.089097499847412, 'Md14Dataset_subval_rmse': 22.36109224955241, 'Md14Dataset_subval_bad@0.5': 97.91144307454427, 'Md14Dataset_subval_bad@1.0': 95.77686945597331, 'Md14Dataset_subval_bad@2.0': 91.48243459065755, 'Md14Dataset_subval_bad@3.0': 86.90158335367839, 'BoosterDataset_subval_balanced_avgerr': 38.88062833150228, 'BoosterDataset_subval_balanced_rmse': 53.98653742472331, 'BoosterDataset_subval_balanced_bad@0.5': 98.95304616292317, 'BoosterDataset_subval_balanced_bad@1.0': 97.91294352213542, 'BoosterDataset_subval_balanced_bad@2.0': 95.846364847819, 'BoosterDataset_subval_balanced_bad@3.0': 93.77956085205078, 'Md21Dataset_subval_avgerr': 9.522900152206422, 'Md21Dataset_subval_rmse': 14.297356224060058, 'Md21Dataset_subval_bad@0.5': 96.26271934509278, 'Md21Dataset_subval_bad@1.0': 92.47279014587403, 'Md21Dataset_subval_bad@2.0': 84.73793754577636, 'Md21Dataset_subval_bad@3.0': 76.63568496704102, 'AVG_avgerr': 16.41466357608636, 'AVG_rmse': 23.371917998790742, 'AVG_bad@0.5': 91.56055669784546, 'AVG_bad@1.0': 85.21664851506551, 'AVG_bad@2.0': 76.87588059107462, 'AVG_bad@3.0': 71.01268407901128}
[18:07:56.066197] >> Saving model to checkpoints/gator_ft_2870882/checkpoint-last.pth ...
[18:07:56.526640] log_dir: ./checkpoints/gator_ft_2870882
[18:08:01.113228] Epoch: [10]  [   0/1630]  eta: 2:04:34  lr: 0.000024  loss: 3.0610 (3.0610)  avgerr: 9.1504 (9.1504)  rmse: 12.3686 (12.3686)  bad@0.5: 95.3393 (95.3393)  bad@1.0: 90.7167 (90.7167)  bad@2.0: 81.6661 (81.6661)  bad@3.0: 71.8397 (71.8397)  time: 4.5856  data: 4.1092  max mem: 15488
[18:08:12.248145] Epoch: [10]  [  20/1630]  eta: 0:20:05  lr: 0.000024  loss: 3.2792 (3.2921)  avgerr: 11.4290 (12.6458)  rmse: 15.3889 (16.6259)  bad@0.5: 95.2164 (94.7510)  bad@1.0: 90.3488 (89.8857)  bad@2.0: 80.9632 (80.7925)  bad@3.0: 72.5418 (72.5554)  time: 0.5567  data: 0.0828  max mem: 15488
[18:08:22.919334] Epoch: [10]  [  40/1630]  eta: 0:17:03  lr: 0.000024  loss: 3.3121 (3.3233)  avgerr: 13.4180 (13.2482)  rmse: 18.1904 (17.5204)  bad@0.5: 94.6855 (94.8341)  bad@1.0: 89.5855 (89.8795)  bad@2.0: 79.5490 (80.5740)  bad@3.0: 71.7386 (72.1485)  time: 0.5335  data: 0.0613  max mem: 15488
[18:08:32.528668] Epoch: [10]  [  60/1630]  eta: 0:15:26  lr: 0.000024  loss: 3.1781 (3.3194)  avgerr: 11.0488 (13.1914)  rmse: 15.3385 (17.3831)  bad@0.5: 95.0410 (94.8361)  bad@1.0: 90.0132 (89.8460)  bad@2.0: 80.1398 (80.4585)  bad@3.0: 71.0765 (72.0046)  time: 0.4804  data: 0.0007  max mem: 15488
[18:08:42.032050] Epoch: [10]  [  80/1630]  eta: 0:14:30  lr: 0.000024  loss: 3.3514 (3.3313)  avgerr: 13.4198 (13.4607)  rmse: 18.3168 (17.8880)  bad@0.5: 94.7529 (94.8599)  bad@1.0: 89.6910 (89.8912)  bad@2.0: 80.2635 (80.5508)  bad@3.0: 71.3165 (72.1312)  time: 0.4750  data: 0.0004  max mem: 15488
[18:08:51.583251] Epoch: [10]  [ 100/1630]  eta: 0:13:53  lr: 0.000024  loss: 3.1488 (3.3074)  avgerr: 11.3532 (13.1728)  rmse: 15.2892 (17.5552)  bad@0.5: 94.8087 (94.8157)  bad@1.0: 89.7282 (89.7833)  bad@2.0: 80.0299 (80.3255)  bad@3.0: 71.5971 (71.8180)  time: 0.4775  data: 0.0002  max mem: 15488
[18:09:01.344847] Epoch: [10]  [ 120/1630]  eta: 0:13:28  lr: 0.000024  loss: 3.2486 (3.3253)  avgerr: 12.6111 (13.3701)  rmse: 17.1568 (17.7639)  bad@0.5: 95.3804 (94.8690)  bad@1.0: 90.5347 (89.8818)  bad@2.0: 81.7801 (80.5004)  bad@3.0: 72.6791 (72.0094)  time: 0.4880  data: 0.0019  max mem: 15488
[18:09:11.075865] Epoch: [10]  [ 140/1630]  eta: 0:13:07  lr: 0.000024  loss: 3.5382 (3.3529)  avgerr: 14.4640 (13.7128)  rmse: 19.3532 (18.1730)  bad@0.5: 95.8755 (94.9923)  bad@1.0: 91.8962 (90.1149)  bad@2.0: 84.2029 (80.8919)  bad@3.0: 76.0132 (72.5410)  time: 0.4865  data: 0.0013  max mem: 15488
[18:09:20.730959] Epoch: [10]  [ 160/1630]  eta: 0:12:48  lr: 0.000024  loss: 3.3210 (3.3494)  avgerr: 12.4149 (13.6107)  rmse: 16.7785 (18.1046)  bad@0.5: 95.9791 (95.0574)  bad@1.0: 92.0911 (90.2294)  bad@2.0: 83.7963 (81.0816)  bad@3.0: 75.3960 (72.7790)  time: 0.4827  data: 0.0002  max mem: 15488
[18:09:30.302334] Epoch: [10]  [ 180/1630]  eta: 0:12:31  lr: 0.000024  loss: 3.3732 (3.3528)  avgerr: 12.2302 (13.5695)  rmse: 16.1166 (18.0758)  bad@0.5: 96.0769 (95.1402)  bad@1.0: 92.1244 (90.3879)  bad@2.0: 84.3439 (81.3569)  bad@3.0: 77.0465 (73.1283)  time: 0.4785  data: 0.0011  max mem: 15488
[18:09:40.027785] Epoch: [10]  [ 200/1630]  eta: 0:12:16  lr: 0.000024  loss: 3.3088 (3.3501)  avgerr: 12.8012 (13.5456)  rmse: 17.8228 (18.0994)  bad@0.5: 95.2363 (95.1504)  bad@1.0: 90.3849 (90.4010)  bad@2.0: 80.5371 (81.3632)  bad@3.0: 72.3402 (73.1132)  time: 0.4862  data: 0.0002  max mem: 15488
[18:09:49.564646] Epoch: [10]  [ 220/1630]  eta: 0:12:01  lr: 0.000024  loss: 3.2402 (3.3453)  avgerr: 11.2433 (13.4859)  rmse: 16.0796 (18.0632)  bad@0.5: 94.6152 (95.1330)  bad@1.0: 89.3673 (90.3687)  bad@2.0: 80.8011 (81.3118)  bad@3.0: 72.4832 (73.0586)  time: 0.4768  data: 0.0012  max mem: 15488
[18:09:59.184861] Epoch: [10]  [ 240/1630]  eta: 0:11:47  lr: 0.000024  loss: 3.2854 (3.3481)  avgerr: 11.7676 (13.5301)  rmse: 16.4814 (18.0916)  bad@0.5: 95.0961 (95.1507)  bad@1.0: 90.3116 (90.3913)  bad@2.0: 80.8430 (81.3510)  bad@3.0: 73.4461 (73.1292)  time: 0.4809  data: 0.0008  max mem: 15488
[18:10:08.879175] Epoch: [10]  [ 260/1630]  eta: 0:11:34  lr: 0.000024  loss: 3.4312 (3.3609)  avgerr: 13.7708 (13.7397)  rmse: 18.1520 (18.3400)  bad@0.5: 95.5778 (95.1930)  bad@1.0: 91.1238 (90.4753)  bad@2.0: 82.7921 (81.5049)  bad@3.0: 75.2480 (73.3217)  time: 0.4846  data: 0.0024  max mem: 15488
[18:10:18.541082] Epoch: [10]  [ 280/1630]  eta: 0:11:22  lr: 0.000024  loss: 3.3495 (3.3618)  avgerr: 13.9669 (13.8023)  rmse: 18.3297 (18.4366)  bad@0.5: 95.3568 (95.1975)  bad@1.0: 90.5963 (90.4872)  bad@2.0: 81.0947 (81.5314)  bad@3.0: 72.5869 (73.3486)  time: 0.4830  data: 0.0008  max mem: 15488
[18:10:28.140261] Epoch: [10]  [ 300/1630]  eta: 0:11:09  lr: 0.000024  loss: 3.1882 (3.3526)  avgerr: 11.6466 (13.7128)  rmse: 16.8922 (18.3401)  bad@0.5: 94.7742 (95.1558)  bad@1.0: 89.6326 (90.4037)  bad@2.0: 79.1586 (81.3731)  bad@3.0: 68.5317 (73.1339)  time: 0.4799  data: 0.0013  max mem: 15488
[18:10:37.639438] Epoch: [10]  [ 320/1630]  eta: 0:10:57  lr: 0.000024  loss: 3.2090 (3.3463)  avgerr: 11.6077 (13.6538)  rmse: 15.7033 (18.2994)  bad@0.5: 95.1148 (95.1192)  bad@1.0: 90.2431 (90.3314)  bad@2.0: 79.9606 (81.2425)  bad@3.0: 71.5848 (72.9843)  time: 0.4749  data: 0.0005  max mem: 15488
[18:10:47.257863] Epoch: [10]  [ 340/1630]  eta: 0:10:45  lr: 0.000024  loss: 3.3662 (3.3487)  avgerr: 13.4493 (13.6836)  rmse: 18.7266 (18.3857)  bad@0.5: 95.5172 (95.1288)  bad@1.0: 90.9563 (90.3489)  bad@2.0: 81.8480 (81.2746)  bad@3.0: 73.4053 (73.0342)  time: 0.4809  data: 0.0002  max mem: 15488
[18:10:56.872981] Epoch: [10]  [ 360/1630]  eta: 0:10:34  lr: 0.000024  loss: 3.3734 (3.3498)  avgerr: 13.7399 (13.6889)  rmse: 17.7193 (18.3860)  bad@0.5: 95.6638 (95.1298)  bad@1.0: 91.4625 (90.3509)  bad@2.0: 82.7384 (81.2820)  bad@3.0: 72.9314 (73.0496)  time: 0.4807  data: 0.0008  max mem: 15488
[18:11:06.647818] Epoch: [10]  [ 380/1630]  eta: 0:10:23  lr: 0.000024  loss: 3.3372 (3.3540)  avgerr: 12.7670 (13.7515)  rmse: 17.5424 (18.4730)  bad@0.5: 95.4859 (95.1492)  bad@1.0: 90.7988 (90.3864)  bad@2.0: 82.1985 (81.3388)  bad@3.0: 74.7168 (73.1313)  time: 0.4887  data: 0.0008  max mem: 15488
[18:11:16.358559] Epoch: [10]  [ 400/1630]  eta: 0:10:12  lr: 0.000024  loss: 3.4422 (3.3572)  avgerr: 15.1438 (13.8035)  rmse: 19.7908 (18.5229)  bad@0.5: 95.9326 (95.1513)  bad@1.0: 91.9316 (90.3984)  bad@2.0: 84.1528 (81.3675)  bad@3.0: 76.1507 (73.1797)  time: 0.4855  data: 0.0007  max mem: 15488
[18:11:25.954864] Epoch: [10]  [ 420/1630]  eta: 0:10:01  lr: 0.000024  loss: 3.3159 (3.3586)  avgerr: 12.9485 (13.8223)  rmse: 17.6004 (18.5285)  bad@0.5: 95.1164 (95.1529)  bad@1.0: 90.1740 (90.4034)  bad@2.0: 81.2449 (81.3791)  bad@3.0: 73.6339 (73.2040)  time: 0.4797  data: 0.0002  max mem: 15488
[18:11:35.584737] Epoch: [10]  [ 440/1630]  eta: 0:09:51  lr: 0.000024  loss: 3.3143 (3.3563)  avgerr: 11.7281 (13.7924)  rmse: 15.8991 (18.4744)  bad@0.5: 95.3661 (95.1623)  bad@1.0: 90.4610 (90.4186)  bad@2.0: 80.9548 (81.3889)  bad@3.0: 72.7424 (73.2079)  time: 0.4814  data: 0.0015  max mem: 15488
[18:11:45.204305] Epoch: [10]  [ 460/1630]  eta: 0:09:40  lr: 0.000024  loss: 3.3998 (3.3601)  avgerr: 13.6659 (13.8597)  rmse: 18.7441 (18.5577)  bad@0.5: 95.4199 (95.1707)  bad@1.0: 90.6843 (90.4341)  bad@2.0: 81.5632 (81.4173)  bad@3.0: 73.4800 (73.2493)  time: 0.4809  data: 0.0008  max mem: 15488
[18:11:54.773100] Epoch: [10]  [ 480/1630]  eta: 0:09:29  lr: 0.000024  loss: 3.2952 (3.3592)  avgerr: 13.1160 (13.8488)  rmse: 17.3304 (18.5499)  bad@0.5: 94.7554 (95.1715)  bad@1.0: 89.8392 (90.4366)  bad@2.0: 80.1072 (81.4193)  bad@3.0: 71.4440 (73.2456)  time: 0.4784  data: 0.0002  max mem: 15488
[18:12:04.340847] Epoch: [10]  [ 500/1630]  eta: 0:09:18  lr: 0.000024  loss: 3.2616 (3.3559)  avgerr: 12.2568 (13.8219)  rmse: 16.8385 (18.5322)  bad@0.5: 95.0392 (95.1604)  bad@1.0: 89.8515 (90.4136)  bad@2.0: 81.2818 (81.3759)  bad@3.0: 72.8068 (73.1885)  time: 0.4783  data: 0.0002  max mem: 15488
[18:12:14.197387] Epoch: [10]  [ 520/1630]  eta: 0:09:08  lr: 0.000024  loss: 3.2884 (3.3591)  avgerr: 13.2014 (13.8751)  rmse: 17.5702 (18.5957)  bad@0.5: 95.4692 (95.1554)  bad@1.0: 91.0945 (90.4044)  bad@2.0: 82.0432 (81.3587)  bad@3.0: 72.6554 (73.1589)  time: 0.4928  data: 0.0005  max mem: 15488
[18:12:23.825669] Epoch: [10]  [ 540/1630]  eta: 0:08:58  lr: 0.000024  loss: 3.2416 (3.3565)  avgerr: 11.5173 (13.8197)  rmse: 15.5345 (18.5233)  bad@0.5: 94.9532 (95.1461)  bad@1.0: 90.0768 (90.3845)  bad@2.0: 80.7761 (81.3242)  bad@3.0: 72.0992 (73.1068)  time: 0.4813  data: 0.0018  max mem: 15488
[18:12:33.405709] Epoch: [10]  [ 560/1630]  eta: 0:08:48  lr: 0.000024  loss: 3.2838 (3.3565)  avgerr: 12.9343 (13.8289)  rmse: 17.3364 (18.5453)  bad@0.5: 95.0881 (95.1426)  bad@1.0: 90.3852 (90.3752)  bad@2.0: 80.6178 (81.3132)  bad@3.0: 72.7196 (73.0968)  time: 0.4789  data: 0.0013  max mem: 15488
[18:12:43.175373] Epoch: [10]  [ 580/1630]  eta: 0:08:37  lr: 0.000024  loss: 3.1802 (3.3561)  avgerr: 12.9942 (13.8484)  rmse: 17.5650 (18.5653)  bad@0.5: 94.5689 (95.1328)  bad@1.0: 89.5085 (90.3634)  bad@2.0: 80.3817 (81.2978)  bad@3.0: 70.8430 (73.0724)  time: 0.4884  data: 0.0019  max mem: 15488
[18:12:52.784655] Epoch: [10]  [ 600/1630]  eta: 0:08:27  lr: 0.000024  loss: 3.3139 (3.3569)  avgerr: 12.8311 (13.8477)  rmse: 17.5339 (18.5693)  bad@0.5: 95.6260 (95.1525)  bad@1.0: 91.3265 (90.3997)  bad@2.0: 82.7798 (81.3538)  bad@3.0: 74.6880 (73.1338)  time: 0.4804  data: 0.0014  max mem: 15488
[18:13:02.373399] Epoch: [10]  [ 620/1630]  eta: 0:08:17  lr: 0.000024  loss: 3.3996 (3.3593)  avgerr: 13.9118 (13.9249)  rmse: 20.3475 (18.6792)  bad@0.5: 94.6444 (95.1441)  bad@1.0: 89.2956 (90.3790)  bad@2.0: 79.9653 (81.3227)  bad@3.0: 72.5508 (73.1082)  time: 0.4793  data: 0.0002  max mem: 15488
[18:13:12.001364] Epoch: [10]  [ 640/1630]  eta: 0:08:07  lr: 0.000024  loss: 3.2976 (3.3583)  avgerr: 13.2274 (13.9297)  rmse: 16.9624 (18.6825)  bad@0.5: 94.7433 (95.1288)  bad@1.0: 89.7471 (90.3481)  bad@2.0: 79.8846 (81.2668)  bad@3.0: 71.5047 (73.0359)  time: 0.4813  data: 0.0005  max mem: 15488
[18:13:21.674222] Epoch: [10]  [ 660/1630]  eta: 0:07:57  lr: 0.000024  loss: 3.2545 (3.3571)  avgerr: 11.7375 (13.9241)  rmse: 15.7985 (18.6867)  bad@0.5: 95.4256 (95.1176)  bad@1.0: 90.8428 (90.3314)  bad@2.0: 81.3783 (81.2467)  bad@3.0: 71.7744 (73.0058)  time: 0.4836  data: 0.0010  max mem: 15488
[18:13:31.489174] Epoch: [10]  [ 680/1630]  eta: 0:07:47  lr: 0.000024  loss: 3.4188 (3.3616)  avgerr: 13.9862 (13.9780)  rmse: 18.4548 (18.7503)  bad@0.5: 95.2299 (95.1146)  bad@1.0: 90.4926 (90.3251)  bad@2.0: 81.3095 (81.2350)  bad@3.0: 72.9795 (72.9972)  time: 0.4907  data: 0.0069  max mem: 15488
[18:13:41.037715] Epoch: [10]  [ 700/1630]  eta: 0:07:36  lr: 0.000024  loss: 3.3622 (3.3616)  avgerr: 14.1279 (13.9833)  rmse: 18.4761 (18.7571)  bad@0.5: 95.1313 (95.1166)  bad@1.0: 90.5735 (90.3276)  bad@2.0: 81.0795 (81.2401)  bad@3.0: 72.9408 (73.0090)  time: 0.4774  data: 0.0002  max mem: 15488
[18:13:50.867286] Epoch: [10]  [ 720/1630]  eta: 0:07:27  lr: 0.000024  loss: 3.3046 (3.3610)  avgerr: 12.9939 (13.9583)  rmse: 17.3767 (18.7380)  bad@0.5: 95.2331 (95.1213)  bad@1.0: 90.4048 (90.3336)  bad@2.0: 81.5768 (81.2468)  bad@3.0: 74.2138 (73.0264)  time: 0.4914  data: 0.0008  max mem: 15488
[18:14:00.633106] Epoch: [10]  [ 740/1630]  eta: 0:07:17  lr: 0.000024  loss: 3.3872 (3.3637)  avgerr: 13.7260 (13.9929)  rmse: 19.0089 (18.7821)  bad@0.5: 95.5431 (95.1279)  bad@1.0: 91.1361 (90.3466)  bad@2.0: 82.9840 (81.2678)  bad@3.0: 74.4766 (73.0537)  time: 0.4882  data: 0.0007  max mem: 15488
[18:14:10.311831] Epoch: [10]  [ 760/1630]  eta: 0:07:07  lr: 0.000024  loss: 3.2989 (3.3644)  avgerr: 12.9820 (14.0162)  rmse: 17.1256 (18.8125)  bad@0.5: 94.6845 (95.1155)  bad@1.0: 89.9536 (90.3233)  bad@2.0: 81.3916 (81.2339)  bad@3.0: 72.3356 (73.0191)  time: 0.4839  data: 0.0008  max mem: 15488
[18:14:19.932760] Epoch: [10]  [ 780/1630]  eta: 0:06:57  lr: 0.000024  loss: 3.2101 (3.3609)  avgerr: 12.5998 (13.9720)  rmse: 17.4927 (18.7598)  bad@0.5: 94.8857 (95.1047)  bad@1.0: 89.9287 (90.2994)  bad@2.0: 80.5297 (81.1888)  bad@3.0: 72.1962 (72.9627)  time: 0.4810  data: 0.0002  max mem: 15488
[18:14:29.707313] Epoch: [10]  [ 800/1630]  eta: 0:06:47  lr: 0.000024  loss: 3.2717 (3.3598)  avgerr: 13.0086 (13.9578)  rmse: 18.2303 (18.7442)  bad@0.5: 94.7115 (95.0959)  bad@1.0: 89.4057 (90.2833)  bad@2.0: 80.5790 (81.1685)  bad@3.0: 72.2519 (72.9443)  time: 0.4887  data: 0.0022  max mem: 15488
[18:14:39.407528] Epoch: [10]  [ 820/1630]  eta: 0:06:37  lr: 0.000024  loss: 3.3562 (3.3620)  avgerr: 13.8736 (14.0120)  rmse: 18.8399 (18.8228)  bad@0.5: 95.1185 (95.0945)  bad@1.0: 89.8694 (90.2810)  bad@2.0: 81.2646 (81.1671)  bad@3.0: 73.4129 (72.9414)  time: 0.4849  data: 0.0008  max mem: 15488
[18:14:49.036050] Epoch: [10]  [ 840/1630]  eta: 0:06:27  lr: 0.000024  loss: 3.3486 (3.3624)  avgerr: 13.0175 (14.0189)  rmse: 18.1460 (18.8304)  bad@0.5: 95.2869 (95.0959)  bad@1.0: 90.7514 (90.2843)  bad@2.0: 81.1051 (81.1762)  bad@3.0: 71.8602 (72.9613)  time: 0.4814  data: 0.0018  max mem: 15488
[18:14:58.686227] Epoch: [10]  [ 860/1630]  eta: 0:06:17  lr: 0.000024  loss: 3.3741 (3.3642)  avgerr: 13.6148 (14.0332)  rmse: 18.9526 (18.8471)  bad@0.5: 95.5854 (95.1086)  bad@1.0: 91.2781 (90.3066)  bad@2.0: 82.9370 (81.2111)  bad@3.0: 75.3917 (73.0074)  time: 0.4824  data: 0.0002  max mem: 15488
[18:15:08.222151] Epoch: [10]  [ 880/1630]  eta: 0:06:07  lr: 0.000024  loss: 3.2191 (3.3606)  avgerr: 11.7272 (13.9887)  rmse: 16.5341 (18.7927)  bad@0.5: 94.6635 (95.0890)  bad@1.0: 89.4638 (90.2737)  bad@2.0: 78.3600 (81.1551)  bad@3.0: 68.9924 (72.9349)  time: 0.4767  data: 0.0007  max mem: 15488
[18:15:17.760908] Epoch: [10]  [ 900/1630]  eta: 0:05:57  lr: 0.000024  loss: 3.2485 (3.3590)  avgerr: 13.2255 (13.9780)  rmse: 16.9541 (18.7796)  bad@0.5: 94.9040 (95.0828)  bad@1.0: 89.7912 (90.2617)  bad@2.0: 79.9296 (81.1314)  bad@3.0: 70.9100 (72.9010)  time: 0.4769  data: 0.0025  max mem: 15488
[18:15:27.437131] Epoch: [10]  [ 920/1630]  eta: 0:05:47  lr: 0.000023  loss: 3.2295 (3.3580)  avgerr: 12.1907 (13.9721)  rmse: 15.9508 (18.7784)  bad@0.5: 95.0690 (95.0788)  bad@1.0: 90.1641 (90.2563)  bad@2.0: 80.6184 (81.1281)  bad@3.0: 72.2915 (72.9027)  time: 0.4837  data: 0.0005  max mem: 15488
[18:15:37.034969] Epoch: [10]  [ 940/1630]  eta: 0:05:37  lr: 0.000023  loss: 3.1953 (3.3557)  avgerr: 11.6366 (13.9445)  rmse: 15.5883 (18.7498)  bad@0.5: 94.1563 (95.0601)  bad@1.0: 88.7412 (90.2237)  bad@2.0: 78.7992 (81.0811)  bad@3.0: 69.5188 (72.8505)  time: 0.4798  data: 0.0002  max mem: 15488
[18:15:46.738628] Epoch: [10]  [ 960/1630]  eta: 0:05:27  lr: 0.000023  loss: 3.3053 (3.3555)  avgerr: 13.4269 (13.9455)  rmse: 18.5079 (18.7599)  bad@0.5: 95.2849 (95.0637)  bad@1.0: 90.6124 (90.2291)  bad@2.0: 80.8405 (81.0785)  bad@3.0: 71.8310 (72.8346)  time: 0.4851  data: 0.0027  max mem: 15488
[18:15:56.452152] Epoch: [10]  [ 980/1630]  eta: 0:05:17  lr: 0.000023  loss: 3.3594 (3.3552)  avgerr: 13.0880 (13.9402)  rmse: 18.0820 (18.7514)  bad@0.5: 95.2122 (95.0628)  bad@1.0: 90.5804 (90.2278)  bad@2.0: 80.9267 (81.0762)  bad@3.0: 72.6679 (72.8273)  time: 0.4856  data: 0.0011  max mem: 15488
[18:16:06.041784] Epoch: [10]  [1000/1630]  eta: 0:05:08  lr: 0.000023  loss: 3.2377 (3.3550)  avgerr: 12.5842 (13.9345)  rmse: 17.9505 (18.7542)  bad@0.5: 95.1803 (95.0667)  bad@1.0: 90.4758 (90.2339)  bad@2.0: 81.2059 (81.0829)  bad@3.0: 72.6566 (72.8333)  time: 0.4794  data: 0.0015  max mem: 15488
[18:16:15.656099] Epoch: [10]  [1020/1630]  eta: 0:04:58  lr: 0.000023  loss: 3.3431 (3.3555)  avgerr: 13.8054 (13.9494)  rmse: 18.0122 (18.7627)  bad@0.5: 94.7921 (95.0641)  bad@1.0: 89.6265 (90.2293)  bad@2.0: 80.3828 (81.0742)  bad@3.0: 72.4063 (72.8213)  time: 0.4806  data: 0.0004  max mem: 15488
[18:16:25.304998] Epoch: [10]  [1040/1630]  eta: 0:04:48  lr: 0.000023  loss: 3.3347 (3.3561)  avgerr: 13.4709 (13.9652)  rmse: 17.9537 (18.7828)  bad@0.5: 95.0644 (95.0657)  bad@1.0: 90.3027 (90.2316)  bad@2.0: 80.9074 (81.0779)  bad@3.0: 73.1380 (72.8238)  time: 0.4824  data: 0.0002  max mem: 15488
[18:16:34.763473] Epoch: [10]  [1060/1630]  eta: 0:04:38  lr: 0.000023  loss: 3.2074 (3.3532)  avgerr: 10.9511 (13.9201)  rmse: 15.2605 (18.7356)  bad@0.5: 94.8496 (95.0601)  bad@1.0: 89.7299 (90.2200)  bad@2.0: 79.9028 (81.0533)  bad@3.0: 70.7610 (72.7852)  time: 0.4729  data: 0.0005  max mem: 15488
[18:16:44.219879] Epoch: [10]  [1080/1630]  eta: 0:04:28  lr: 0.000023  loss: 3.2126 (3.3515)  avgerr: 12.5656 (13.9085)  rmse: 17.7545 (18.7178)  bad@0.5: 93.9226 (95.0419)  bad@1.0: 88.1299 (90.1847)  bad@2.0: 76.9662 (80.9970)  bad@3.0: 67.5467 (72.7205)  time: 0.4728  data: 0.0008  max mem: 15488
[18:16:53.809035] Epoch: [10]  [1100/1630]  eta: 0:04:18  lr: 0.000023  loss: 3.3194 (3.3513)  avgerr: 12.4300 (13.9102)  rmse: 18.9798 (18.7266)  bad@0.5: 95.1573 (95.0395)  bad@1.0: 90.4879 (90.1789)  bad@2.0: 81.9612 (80.9871)  bad@3.0: 73.9560 (72.7097)  time: 0.4794  data: 0.0005  max mem: 15488
[18:17:03.339454] Epoch: [10]  [1120/1630]  eta: 0:04:08  lr: 0.000023  loss: 3.2069 (3.3488)  avgerr: 11.4777 (13.8712)  rmse: 15.2007 (18.6803)  bad@0.5: 94.8067 (95.0337)  bad@1.0: 89.4506 (90.1665)  bad@2.0: 79.4447 (80.9592)  bad@3.0: 70.1857 (72.6716)  time: 0.4765  data: 0.0007  max mem: 15488
[18:17:12.914979] Epoch: [10]  [1140/1630]  eta: 0:03:58  lr: 0.000023  loss: 3.2657 (3.3483)  avgerr: 11.1277 (13.8586)  rmse: 15.7771 (18.6736)  bad@0.5: 95.3340 (95.0364)  bad@1.0: 90.1552 (90.1703)  bad@2.0: 80.5376 (80.9661)  bad@3.0: 72.0383 (72.6810)  time: 0.4787  data: 0.0002  max mem: 15488
[18:17:22.611553] Epoch: [10]  [1160/1630]  eta: 0:03:49  lr: 0.000023  loss: 3.3827 (3.3484)  avgerr: 13.4574 (13.8610)  rmse: 18.1186 (18.6736)  bad@0.5: 95.0607 (95.0400)  bad@1.0: 90.2447 (90.1756)  bad@2.0: 80.6635 (80.9726)  bad@3.0: 72.3441 (72.6860)  time: 0.4847  data: 0.0006  max mem: 15488
[18:17:32.339042] Epoch: [10]  [1180/1630]  eta: 0:03:39  lr: 0.000023  loss: 3.2681 (3.3482)  avgerr: 12.7052 (13.8477)  rmse: 17.3680 (18.6497)  bad@0.5: 94.8903 (95.0402)  bad@1.0: 89.8451 (90.1741)  bad@2.0: 80.1563 (80.9652)  bad@3.0: 71.6048 (72.6768)  time: 0.4863  data: 0.0007  max mem: 15488
[18:17:41.826970] Epoch: [10]  [1200/1630]  eta: 0:03:29  lr: 0.000023  loss: 3.4336 (3.3501)  avgerr: 14.1874 (13.8677)  rmse: 18.9286 (18.6720)  bad@0.5: 94.8064 (95.0385)  bad@1.0: 89.8568 (90.1714)  bad@2.0: 80.8405 (80.9660)  bad@3.0: 72.4143 (72.6869)  time: 0.4743  data: 0.0002  max mem: 15488
[18:17:51.335773] Epoch: [10]  [1220/1630]  eta: 0:03:19  lr: 0.000023  loss: 3.1632 (3.3481)  avgerr: 10.7603 (13.8475)  rmse: 14.6794 (18.6484)  bad@0.5: 94.3068 (95.0264)  bad@1.0: 88.6563 (90.1470)  bad@2.0: 78.6223 (80.9231)  bad@3.0: 69.4000 (72.6349)  time: 0.4754  data: 0.0002  max mem: 15488
[18:18:01.082512] Epoch: [10]  [1240/1630]  eta: 0:03:09  lr: 0.000023  loss: 3.1758 (3.3459)  avgerr: 10.9118 (13.8174)  rmse: 15.1018 (18.6126)  bad@0.5: 94.7649 (95.0185)  bad@1.0: 89.3968 (90.1314)  bad@2.0: 78.8468 (80.8917)  bad@3.0: 70.0062 (72.5896)  time: 0.4873  data: 0.0012  max mem: 15488
[18:18:10.949980] Epoch: [10]  [1260/1630]  eta: 0:03:00  lr: 0.000023  loss: 3.3466 (3.3476)  avgerr: 13.5672 (13.8403)  rmse: 18.8604 (18.6397)  bad@0.5: 94.5386 (95.0120)  bad@1.0: 89.6672 (90.1194)  bad@2.0: 79.6213 (80.8730)  bad@3.0: 71.7157 (72.5676)  time: 0.4933  data: 0.0042  max mem: 15488
[18:18:20.553321] Epoch: [10]  [1280/1630]  eta: 0:02:50  lr: 0.000023  loss: 3.2537 (3.3471)  avgerr: 11.9311 (13.8463)  rmse: 17.7165 (18.6528)  bad@0.5: 94.7950 (95.0045)  bad@1.0: 89.6801 (90.1056)  bad@2.0: 79.9826 (80.8493)  bad@3.0: 71.9677 (72.5395)  time: 0.4801  data: 0.0015  max mem: 15488
[18:18:30.344250] Epoch: [10]  [1300/1630]  eta: 0:02:40  lr: 0.000023  loss: 3.2917 (3.3459)  avgerr: 12.1381 (13.8326)  rmse: 16.7092 (18.6390)  bad@0.5: 94.8951 (95.0006)  bad@1.0: 89.4507 (90.0961)  bad@2.0: 79.5616 (80.8329)  bad@3.0: 70.9489 (72.5195)  time: 0.4895  data: 0.0005  max mem: 15488
[18:18:39.878157] Epoch: [10]  [1320/1630]  eta: 0:02:30  lr: 0.000023  loss: 3.2462 (3.3449)  avgerr: 12.7771 (13.8209)  rmse: 18.2783 (18.6311)  bad@0.5: 94.7178 (94.9956)  bad@1.0: 89.4985 (90.0860)  bad@2.0: 79.5528 (80.8154)  bad@3.0: 71.0952 (72.5004)  time: 0.4766  data: 0.0007  max mem: 15488
[18:18:49.530648] Epoch: [10]  [1340/1630]  eta: 0:02:21  lr: 0.000023  loss: 3.2498 (3.3451)  avgerr: 13.1731 (13.8378)  rmse: 17.8800 (18.6511)  bad@0.5: 94.4210 (94.9883)  bad@1.0: 88.9587 (90.0740)  bad@2.0: 79.2285 (80.7988)  bad@3.0: 70.5854 (72.4817)  time: 0.4826  data: 0.0009  max mem: 15488
[18:18:59.020702] Epoch: [10]  [1360/1630]  eta: 0:02:11  lr: 0.000023  loss: 3.2215 (3.3436)  avgerr: 11.4876 (13.8233)  rmse: 15.9517 (18.6296)  bad@0.5: 94.7720 (94.9855)  bad@1.0: 89.8069 (90.0694)  bad@2.0: 80.4940 (80.7871)  bad@3.0: 70.9777 (72.4587)  time: 0.4744  data: 0.0002  max mem: 15488
[18:19:08.669616] Epoch: [10]  [1380/1630]  eta: 0:02:01  lr: 0.000023  loss: 3.3370 (3.3437)  avgerr: 12.8125 (13.8205)  rmse: 17.7365 (18.6358)  bad@0.5: 95.2500 (94.9902)  bad@1.0: 90.2215 (90.0777)  bad@2.0: 81.3449 (80.8036)  bad@3.0: 73.6332 (72.4823)  time: 0.4824  data: 0.0015  max mem: 15488
[18:19:18.261058] Epoch: [10]  [1400/1630]  eta: 0:01:51  lr: 0.000023  loss: 3.2573 (3.3432)  avgerr: 11.8080 (13.8172)  rmse: 15.7594 (18.6304)  bad@0.5: 94.7301 (94.9896)  bad@1.0: 89.7988 (90.0768)  bad@2.0: 80.7371 (80.8000)  bad@3.0: 72.5738 (72.4738)  time: 0.4787  data: 0.0002  max mem: 15488
[18:19:27.915874] Epoch: [10]  [1420/1630]  eta: 0:01:42  lr: 0.000023  loss: 3.1548 (3.3417)  avgerr: 11.5775 (13.7972)  rmse: 15.3673 (18.6071)  bad@0.5: 94.7487 (94.9864)  bad@1.0: 89.7856 (90.0718)  bad@2.0: 79.7099 (80.7923)  bad@3.0: 71.5843 (72.4640)  time: 0.4827  data: 0.0002  max mem: 15488
[18:19:37.509756] Epoch: [10]  [1440/1630]  eta: 0:01:32  lr: 0.000023  loss: 3.2611 (3.3405)  avgerr: 12.7377 (13.7840)  rmse: 17.1177 (18.5896)  bad@0.5: 94.6617 (94.9844)  bad@1.0: 89.6465 (90.0672)  bad@2.0: 79.7228 (80.7820)  bad@3.0: 70.8265 (72.4460)  time: 0.4796  data: 0.0017  max mem: 15488
[18:19:47.209997] Epoch: [10]  [1460/1630]  eta: 0:01:22  lr: 0.000023  loss: 3.2088 (3.3397)  avgerr: 12.2737 (13.7784)  rmse: 16.5466 (18.5863)  bad@0.5: 94.8870 (94.9806)  bad@1.0: 89.7660 (90.0589)  bad@2.0: 79.6728 (80.7652)  bad@3.0: 70.2412 (72.4234)  time: 0.4849  data: 0.0019  max mem: 15488
[18:19:56.847227] Epoch: [10]  [1480/1630]  eta: 0:01:12  lr: 0.000023  loss: 3.3577 (3.3404)  avgerr: 13.6895 (13.7950)  rmse: 18.5649 (18.6134)  bad@0.5: 95.3420 (94.9861)  bad@1.0: 90.6730 (90.0694)  bad@2.0: 81.9465 (80.7838)  bad@3.0: 73.8399 (72.4449)  time: 0.4818  data: 0.0002  max mem: 15488
[18:20:06.833525] Epoch: [10]  [1500/1630]  eta: 0:01:03  lr: 0.000023  loss: 3.2057 (3.3389)  avgerr: 11.5434 (13.7775)  rmse: 16.2330 (18.5893)  bad@0.5: 94.0813 (94.9769)  bad@1.0: 88.2847 (90.0508)  bad@2.0: 77.8437 (80.7527)  bad@3.0: 68.4523 (72.4081)  time: 0.4992  data: 0.0218  max mem: 15488
[18:20:16.546646] Epoch: [10]  [1520/1630]  eta: 0:00:53  lr: 0.000023  loss: 3.3058 (3.3391)  avgerr: 12.5951 (13.7860)  rmse: 17.5329 (18.6006)  bad@0.5: 95.0074 (94.9797)  bad@1.0: 90.1278 (90.0553)  bad@2.0: 81.5250 (80.7585)  bad@3.0: 72.5163 (72.4115)  time: 0.4856  data: 0.0009  max mem: 15488
[18:20:26.112349] Epoch: [10]  [1540/1630]  eta: 0:00:43  lr: 0.000023  loss: 3.2995 (3.3390)  avgerr: 12.9085 (13.7760)  rmse: 17.1301 (18.5850)  bad@0.5: 95.4560 (94.9825)  bad@1.0: 90.5321 (90.0608)  bad@2.0: 81.9396 (80.7689)  bad@3.0: 72.4129 (72.4261)  time: 0.4782  data: 0.0014  max mem: 15488
[18:20:35.723532] Epoch: [10]  [1560/1630]  eta: 0:00:34  lr: 0.000023  loss: 3.3069 (3.3391)  avgerr: 13.7663 (13.7730)  rmse: 17.9273 (18.5864)  bad@0.5: 95.2782 (94.9858)  bad@1.0: 90.8874 (90.0671)  bad@2.0: 82.0981 (80.7786)  bad@3.0: 73.7365 (72.4374)  time: 0.4805  data: 0.0002  max mem: 15488
[18:20:45.376268] Epoch: [10]  [1580/1630]  eta: 0:00:24  lr: 0.000023  loss: 3.1516 (3.3373)  avgerr: 11.3133 (13.7508)  rmse: 15.1427 (18.5599)  bad@0.5: 94.0557 (94.9767)  bad@1.0: 88.0629 (90.0485)  bad@2.0: 77.5398 (80.7459)  bad@3.0: 68.5775 (72.3967)  time: 0.4826  data: 0.0018  max mem: 15488
[18:20:55.086542] Epoch: [10]  [1600/1630]  eta: 0:00:14  lr: 0.000023  loss: 3.1224 (3.3357)  avgerr: 10.2896 (13.7290)  rmse: 14.6322 (18.5311)  bad@0.5: 94.6480 (94.9698)  bad@1.0: 89.3284 (90.0365)  bad@2.0: 79.5123 (80.7281)  bad@3.0: 70.4138 (72.3739)  time: 0.4854  data: 0.0012  max mem: 15488
[18:21:04.663685] Epoch: [10]  [1620/1630]  eta: 0:00:04  lr: 0.000023  loss: 3.3491 (3.3355)  avgerr: 12.9587 (13.7258)  rmse: 17.8932 (18.5259)  bad@0.5: 94.6953 (94.9668)  bad@1.0: 89.1770 (90.0319)  bad@2.0: 79.2796 (80.7252)  bad@3.0: 71.2866 (72.3767)  time: 0.4788  data: 0.0002  max mem: 15488
[18:21:08.854646] Epoch: [10]  [1629/1630]  eta: 0:00:00  lr: 0.000023  loss: 3.2373 (3.3349)  avgerr: 11.8024 (13.7165)  rmse: 16.0667 (18.5126)  bad@0.5: 94.6953 (94.9664)  bad@1.0: 89.1770 (90.0313)  bad@2.0: 78.5079 (80.7229)  bad@3.0: 70.4684 (72.3711)  time: 0.4696  data: 0.0001  max mem: 15488
[18:21:08.901580] Epoch: [10] Total time: 0:13:12 (0.4861 s / it)
[18:21:08.901692] Averaged stats: lr: 0.000023  loss: 3.2373 (3.3349)  avgerr: 11.8024 (13.7165)  rmse: 16.0667 (18.5126)  bad@0.5: 94.6953 (94.9664)  bad@1.0: 89.1770 (90.0313)  bad@2.0: 78.5079 (80.7229)  bad@3.0: 70.4684 (72.3711)
[18:21:08.906651] log_dir: ./checkpoints/gator_ft_2870882
[18:21:09.295334] Epoch: [10]  [0/3]  eta: 0:00:01  loss_tiled: 0.4269 (0.4269)  loss: 0.4502 (0.4502)  ETH3DLowResDataset_subval_avgerr: 0.5944 (0.5944)  ETH3DLowResDataset_subval_rmse: 1.2293 (1.2293)  ETH3DLowResDataset_subval_bad@0.5: 33.1497 (33.1497)  ETH3DLowResDataset_subval_bad@1.0: 12.9590 (12.9590)  ETH3DLowResDataset_subval_bad@2.0: 4.0141 (4.0141)  ETH3DLowResDataset_subval_bad@3.0: 1.3979 (1.3979)  time: 0.3880  data: 0.2119  max mem: 15488
[18:21:10.048465] Epoch: [10]  [2/3]  eta: 0:00:00  loss_tiled: 1.6042 (1.5003)  loss: 1.6213 (1.5530)  ETH3DLowResDataset_subval_avgerr: 1.8278 (2.2491)  ETH3DLowResDataset_subval_rmse: 2.0857 (2.7700)  ETH3DLowResDataset_subval_bad@0.5: 92.5844 (73.7732)  ETH3DLowResDataset_subval_bad@1.0: 80.8865 (61.3153)  ETH3DLowResDataset_subval_bad@2.0: 35.7620 (38.9920)  ETH3DLowResDataset_subval_bad@3.0: 12.8422 (26.5128)  time: 0.3802  data: 0.0707  max mem: 15488
[18:21:10.085543] Epoch: [10] Total time: 0:00:01 (0.3929 s / it)
[18:21:19.839127] Epoch: [10]  [0/6]  eta: 0:00:58  loss_tiled: 3.4759 (3.4759)  loss: 3.2338 (3.2338)  Md14Dataset_subval_avgerr: 10.1136 (10.1136)  Md14Dataset_subval_rmse: 16.8547 (16.8547)  Md14Dataset_subval_bad@0.5: 96.3589 (96.3589)  Md14Dataset_subval_bad@1.0: 92.6547 (92.6547)  Md14Dataset_subval_bad@2.0: 84.6943 (84.6943)  Md14Dataset_subval_bad@3.0: 76.4635 (76.4635)  time: 9.7528  data: 1.2136  max mem: 15488
[18:22:01.056181] Epoch: [10]  [5/6]  eta: 0:00:08  loss_tiled: 3.5805 (3.6574)  loss: 3.3704 (3.4220)  Md14Dataset_subval_avgerr: 10.4349 (11.6902)  Md14Dataset_subval_rmse: 16.3021 (18.3045)  Md14Dataset_subval_bad@0.5: 95.9193 (96.3539)  Md14Dataset_subval_bad@1.0: 91.7702 (92.6965)  Md14Dataset_subval_bad@2.0: 83.2085 (85.2181)  Md14Dataset_subval_bad@3.0: 75.2559 (77.7822)  time: 8.4949  data: 0.2023  max mem: 15488
[18:22:01.091823] Epoch: [10] Total time: 0:00:51 (8.5010 s / it)
[18:22:23.643721] Epoch: [10]  [ 0/15]  eta: 0:05:38  loss_tiled: 4.4817 (4.4817)  loss: 3.9542 (3.9542)  BoosterDataset_subval_balanced_avgerr: 19.3410 (19.3410)  BoosterDataset_subval_balanced_rmse: 26.1602 (26.1602)  BoosterDataset_subval_balanced_bad@0.5: 97.6781 (97.6781)  BoosterDataset_subval_balanced_bad@1.0: 95.4202 (95.4202)  BoosterDataset_subval_balanced_bad@2.0: 91.0760 (91.0760)  BoosterDataset_subval_balanced_bad@3.0: 86.7910 (86.7910)  time: 22.5511  data: 2.0090  max mem: 15488
[18:27:07.568490] Epoch: [10]  [14/15]  eta: 0:00:20  loss_tiled: 4.8082 (5.4911)  loss: 4.1700 (4.9439)  BoosterDataset_subval_balanced_avgerr: 23.7515 (39.4332)  BoosterDataset_subval_balanced_rmse: 32.5237 (54.0489)  BoosterDataset_subval_balanced_bad@0.5: 98.1253 (98.1278)  BoosterDataset_subval_balanced_bad@1.0: 96.2711 (96.2673)  BoosterDataset_subval_balanced_bad@2.0: 92.5913 (92.6057)  BoosterDataset_subval_balanced_bad@3.0: 88.8071 (89.0553)  time: 20.4317  data: 0.1340  max mem: 15488
[18:27:07.610750] Epoch: [10] Total time: 0:05:06 (20.4346 s / it)
[18:27:10.573058] Epoch: [10]  [ 0/20]  eta: 0:00:59  loss_tiled: 3.2367 (3.2367)  loss: 3.1101 (3.1101)  Md21Dataset_subval_avgerr: 9.1185 (9.1185)  Md21Dataset_subval_rmse: 12.8018 (12.8018)  Md21Dataset_subval_bad@0.5: 96.3788 (96.3788)  Md21Dataset_subval_bad@1.0: 92.4928 (92.4928)  Md21Dataset_subval_bad@2.0: 84.8205 (84.8205)  Md21Dataset_subval_bad@3.0: 76.3973 (76.3973)  time: 2.9615  data: 0.5215  max mem: 15488
[18:27:55.115066] Epoch: [10]  [19/20]  eta: 0:00:02  loss_tiled: 3.0548 (3.0930)  loss: 2.9237 (2.9657)  Md21Dataset_subval_avgerr: 8.2111 (8.3920)  Md21Dataset_subval_rmse: 12.7253 (12.7799)  Md21Dataset_subval_bad@0.5: 93.1670 (93.5505)  Md21Dataset_subval_bad@1.0: 86.4706 (87.2795)  Md21Dataset_subval_bad@2.0: 74.0626 (75.7996)  Md21Dataset_subval_bad@3.0: 64.2252 (65.9069)  time: 2.3751  data: 0.0261  max mem: 15488
[18:27:55.158471] Epoch: [10] Total time: 0:00:47 (2.3774 s / it)
[18:27:55.172864] Averaged stats: {'loss_tiled': 3.0930141687393187, 'loss': 2.965675640106201, 'ETH3DLowResDataset_subval_avgerr': 2.249077558517456, 'ETH3DLowResDataset_subval_rmse': 2.7700005769729614, 'ETH3DLowResDataset_subval_bad@0.5': 73.77321370442708, 'ETH3DLowResDataset_subval_bad@1.0': 61.31530793507894, 'ETH3DLowResDataset_subval_bad@2.0': 38.991983572642006, 'ETH3DLowResDataset_subval_bad@3.0': 26.512786467870075, 'Md14Dataset_subval_avgerr': 11.690170447031656, 'Md14Dataset_subval_rmse': 18.30450677871704, 'Md14Dataset_subval_bad@0.5': 96.3538932800293, 'Md14Dataset_subval_bad@1.0': 92.6964734395345, 'Md14Dataset_subval_bad@2.0': 85.2181167602539, 'Md14Dataset_subval_bad@3.0': 77.78223419189453, 'BoosterDataset_subval_balanced_avgerr': 39.43316783905029, 'BoosterDataset_subval_balanced_rmse': 54.04885164896647, 'BoosterDataset_subval_balanced_bad@0.5': 98.12779693603515, 'BoosterDataset_subval_balanced_bad@1.0': 96.26731465657552, 'BoosterDataset_subval_balanced_bad@2.0': 92.60569610595704, 'BoosterDataset_subval_balanced_bad@3.0': 89.05529327392578, 'Md21Dataset_subval_avgerr': 8.392025423049926, 'Md21Dataset_subval_rmse': 12.779880857467651, 'Md21Dataset_subval_bad@0.5': 93.55045166015626, 'Md21Dataset_subval_bad@1.0': 87.27951698303222, 'Md21Dataset_subval_bad@2.0': 75.79955177307129, 'Md21Dataset_subval_bad@3.0': 65.90691452026367, 'AVG_avgerr': 15.441110316912333, 'AVG_rmse': 21.97580996553103, 'AVG_bad@0.5': 90.45133889516194, 'AVG_bad@1.0': 84.3896532535553, 'AVG_bad@2.0': 73.15383705298106, 'AVG_bad@3.0': 64.81430711348851}
[18:27:55.176736] >> Saving model to checkpoints/gator_ft_2870882/checkpoint-best.pth ...
[18:27:55.621001] >> Saving model to checkpoints/gator_ft_2870882/checkpoint-last.pth ...
[18:27:56.062003] log_dir: ./checkpoints/gator_ft_2870882
[18:28:00.430009] Epoch: [11]  [   0/1630]  eta: 1:58:38  lr: 0.000023  loss: 3.5348 (3.5348)  avgerr: 16.7771 (16.7771)  rmse: 23.7468 (23.7468)  bad@0.5: 94.8861 (94.8861)  bad@1.0: 89.8819 (89.8819)  bad@2.0: 80.5230 (80.5230)  bad@3.0: 72.8660 (72.8660)  time: 4.3671  data: 3.9020  max mem: 15488
[18:28:13.580501] Epoch: [11]  [  20/1630]  eta: 0:22:22  lr: 0.000023  loss: 3.2710 (3.3442)  avgerr: 12.5811 (13.5291)  rmse: 16.9184 (18.6184)  bad@0.5: 95.6021 (95.5033)  bad@1.0: 91.3561 (91.1007)  bad@2.0: 82.4727 (82.3274)  bad@3.0: 74.2767 (74.2190)  time: 0.6575  data: 0.1836  max mem: 15488
[18:28:23.101056] Epoch: [11]  [  40/1630]  eta: 0:17:28  lr: 0.000023  loss: 3.2814 (3.3658)  avgerr: 12.5479 (13.9817)  rmse: 16.5389 (18.7449)  bad@0.5: 95.0132 (95.3023)  bad@1.0: 90.1751 (90.6907)  bad@2.0: 81.6026 (81.7163)  bad@3.0: 72.9680 (73.5376)  time: 0.4760  data: 0.0006  max mem: 15488
[18:28:32.680389] Epoch: [11]  [  60/1630]  eta: 0:15:42  lr: 0.000023  loss: 3.2485 (3.3760)  avgerr: 12.3433 (14.3538)  rmse: 16.7584 (19.2078)  bad@0.5: 94.8875 (95.1050)  bad@1.0: 90.0398 (90.3604)  bad@2.0: 81.1528 (81.2791)  bad@3.0: 73.0745 (73.1002)  time: 0.4789  data: 0.0002  max mem: 15488
[18:28:42.327225] Epoch: [11]  [  80/1630]  eta: 0:14:45  lr: 0.000023  loss: 3.2894 (3.3508)  avgerr: 12.4528 (14.0241)  rmse: 16.6243 (18.8775)  bad@0.5: 94.6531 (94.9775)  bad@1.0: 89.3410 (90.1235)  bad@2.0: 79.3140 (80.8663)  bad@3.0: 70.5330 (72.5503)  time: 0.4823  data: 0.0004  max mem: 15488
[18:28:52.057975] Epoch: [11]  [ 100/1630]  eta: 0:14:08  lr: 0.000023  loss: 3.3001 (3.3402)  avgerr: 12.1300 (13.8286)  rmse: 16.2638 (18.6170)  bad@0.5: 94.5369 (94.9601)  bad@1.0: 89.2620 (90.0920)  bad@2.0: 79.1863 (80.8486)  bad@3.0: 70.6658 (72.5238)  time: 0.4865  data: 0.0014  max mem: 15488
[18:29:01.748328] Epoch: [11]  [ 120/1630]  eta: 0:13:39  lr: 0.000023  loss: 3.3785 (3.3418)  avgerr: 13.9031 (13.8278)  rmse: 18.3823 (18.5610)  bad@0.5: 95.3627 (95.0094)  bad@1.0: 90.5509 (90.1720)  bad@2.0: 81.4742 (80.9473)  bad@3.0: 73.8128 (72.6212)  time: 0.4844  data: 0.0002  max mem: 15488
[18:29:11.400299] Epoch: [11]  [ 140/1630]  eta: 0:13:16  lr: 0.000023  loss: 3.2253 (3.3319)  avgerr: 11.5384 (13.6977)  rmse: 15.4891 (18.4540)  bad@0.5: 94.7605 (94.9709)  bad@1.0: 89.7169 (90.0942)  bad@2.0: 79.8017 (80.8221)  bad@3.0: 71.0063 (72.4537)  time: 0.4825  data: 0.0013  max mem: 15488
[18:29:21.130325] Epoch: [11]  [ 160/1630]  eta: 0:12:56  lr: 0.000023  loss: 3.3777 (3.3385)  avgerr: 12.3323 (13.7924)  rmse: 16.5940 (18.5081)  bad@0.5: 95.3268 (94.9770)  bad@1.0: 91.1505 (90.1063)  bad@2.0: 82.7970 (80.8652)  bad@3.0: 74.5430 (72.5317)  time: 0.4864  data: 0.0002  max mem: 15488
[18:29:30.635473] Epoch: [11]  [ 180/1630]  eta: 0:12:37  lr: 0.000023  loss: 3.2533 (3.3327)  avgerr: 12.2591 (13.7029)  rmse: 17.2861 (18.4265)  bad@0.5: 94.6612 (94.9576)  bad@1.0: 89.6501 (90.0646)  bad@2.0: 79.9141 (80.7922)  bad@3.0: 70.5970 (72.4220)  time: 0.4752  data: 0.0015  max mem: 15488
[18:29:40.336402] Epoch: [11]  [ 200/1630]  eta: 0:12:21  lr: 0.000023  loss: 3.2110 (3.3275)  avgerr: 11.4280 (13.6519)  rmse: 15.1687 (18.3927)  bad@0.5: 94.9654 (94.9320)  bad@1.0: 89.6671 (90.0140)  bad@2.0: 79.5058 (80.6893)  bad@3.0: 70.8055 (72.2693)  time: 0.4850  data: 0.0024  max mem: 15488
[18:29:49.907148] Epoch: [11]  [ 220/1630]  eta: 0:12:06  lr: 0.000023  loss: 3.2648 (3.3239)  avgerr: 12.3093 (13.6356)  rmse: 17.1907 (18.3968)  bad@0.5: 95.0898 (94.9477)  bad@1.0: 89.9945 (90.0331)  bad@2.0: 80.8923 (80.7229)  bad@3.0: 72.8784 (72.2930)  time: 0.4785  data: 0.0002  max mem: 15488
[18:29:59.694945] Epoch: [11]  [ 240/1630]  eta: 0:11:52  lr: 0.000023  loss: 3.3415 (3.3256)  avgerr: 12.7640 (13.6707)  rmse: 17.1708 (18.4258)  bad@0.5: 94.8961 (94.9463)  bad@1.0: 90.1008 (90.0293)  bad@2.0: 81.4480 (80.7163)  bad@3.0: 73.2175 (72.2726)  time: 0.4893  data: 0.0009  max mem: 15488
[18:30:09.390788] Epoch: [11]  [ 260/1630]  eta: 0:11:39  lr: 0.000023  loss: 3.3028 (3.3240)  avgerr: 12.4920 (13.6365)  rmse: 17.2576 (18.3993)  bad@0.5: 95.2827 (94.9541)  bad@1.0: 90.5400 (90.0355)  bad@2.0: 81.3671 (80.7324)  bad@3.0: 73.8286 (72.3219)  time: 0.4847  data: 0.0015  max mem: 15488
[18:30:19.089903] Epoch: [11]  [ 280/1630]  eta: 0:11:27  lr: 0.000023  loss: 3.2678 (3.3267)  avgerr: 12.9782 (13.6545)  rmse: 17.7969 (18.4199)  bad@0.5: 95.6741 (94.9948)  bad@1.0: 91.2951 (90.1110)  bad@2.0: 82.7411 (80.8530)  bad@3.0: 74.9922 (72.4601)  time: 0.4849  data: 0.0017  max mem: 15488
[18:30:28.616319] Epoch: [11]  [ 300/1630]  eta: 0:11:13  lr: 0.000023  loss: 3.1899 (3.3267)  avgerr: 12.1149 (13.6869)  rmse: 15.7133 (18.4486)  bad@0.5: 94.4879 (94.9698)  bad@1.0: 88.9763 (90.0531)  bad@2.0: 78.4523 (80.7660)  bad@3.0: 70.5161 (72.3776)  time: 0.4763  data: 0.0010  max mem: 15488
[18:30:38.299410] Epoch: [11]  [ 320/1630]  eta: 0:11:01  lr: 0.000023  loss: 3.3472 (3.3277)  avgerr: 13.1979 (13.6996)  rmse: 17.5465 (18.4913)  bad@0.5: 95.3474 (94.9985)  bad@1.0: 90.9094 (90.1062)  bad@2.0: 81.9524 (80.8595)  bad@3.0: 72.8053 (72.5006)  time: 0.4841  data: 0.0002  max mem: 15488
[18:30:48.035618] Epoch: [11]  [ 340/1630]  eta: 0:10:50  lr: 0.000023  loss: 3.1880 (3.3274)  avgerr: 11.7251 (13.7126)  rmse: 16.1806 (18.4878)  bad@0.5: 94.5026 (94.9773)  bad@1.0: 89.0447 (90.0618)  bad@2.0: 78.7280 (80.7752)  bad@3.0: 69.6565 (72.4069)  time: 0.4867  data: 0.0015  max mem: 15488
[18:30:57.504586] Epoch: [11]  [ 360/1630]  eta: 0:10:38  lr: 0.000023  loss: 3.1919 (3.3243)  avgerr: 11.7319 (13.6430)  rmse: 16.2502 (18.4319)  bad@0.5: 94.8028 (94.9730)  bad@1.0: 89.4859 (90.0513)  bad@2.0: 79.3529 (80.7570)  bad@3.0: 70.1134 (72.3777)  time: 0.4734  data: 0.0004  max mem: 15488
[18:31:07.203701] Epoch: [11]  [ 380/1630]  eta: 0:10:27  lr: 0.000023  loss: 3.2593 (3.3251)  avgerr: 12.1659 (13.6766)  rmse: 16.5671 (18.4490)  bad@0.5: 94.8493 (94.9558)  bad@1.0: 89.7611 (90.0152)  bad@2.0: 79.8555 (80.6975)  bad@3.0: 71.1140 (72.3037)  time: 0.4849  data: 0.0012  max mem: 15488
[18:31:16.958038] Epoch: [11]  [ 400/1630]  eta: 0:10:16  lr: 0.000023  loss: 3.2248 (3.3210)  avgerr: 11.9695 (13.6298)  rmse: 17.3481 (18.3767)  bad@0.5: 94.3036 (94.9358)  bad@1.0: 89.0687 (89.9795)  bad@2.0: 79.1163 (80.6426)  bad@3.0: 70.2579 (72.2421)  time: 0.4870  data: 0.0009  max mem: 15488
[18:31:26.588695] Epoch: [11]  [ 420/1630]  eta: 0:10:04  lr: 0.000023  loss: 3.2892 (3.3230)  avgerr: 13.6529 (13.6829)  rmse: 19.3090 (18.4404)  bad@0.5: 95.1988 (94.9451)  bad@1.0: 90.5443 (89.9957)  bad@2.0: 81.1038 (80.6654)  bad@3.0: 72.8087 (72.2580)  time: 0.4814  data: 0.0002  max mem: 15488
[18:31:36.212862] Epoch: [11]  [ 440/1630]  eta: 0:09:53  lr: 0.000023  loss: 3.1926 (3.3204)  avgerr: 11.2019 (13.6586)  rmse: 15.4094 (18.4022)  bad@0.5: 94.5219 (94.9302)  bad@1.0: 89.2855 (89.9666)  bad@2.0: 79.5889 (80.6096)  bad@3.0: 71.0674 (72.1856)  time: 0.4811  data: 0.0013  max mem: 15488
[18:31:45.738690] Epoch: [11]  [ 460/1630]  eta: 0:09:42  lr: 0.000023  loss: 3.2055 (3.3191)  avgerr: 11.4638 (13.6591)  rmse: 15.5790 (18.3910)  bad@0.5: 94.8336 (94.9260)  bad@1.0: 89.6299 (89.9565)  bad@2.0: 79.6371 (80.5814)  bad@3.0: 70.6944 (72.1396)  time: 0.4762  data: 0.0002  max mem: 15488
[18:31:55.323206] Epoch: [11]  [ 480/1630]  eta: 0:09:31  lr: 0.000023  loss: 3.1724 (3.3179)  avgerr: 12.2236 (13.6455)  rmse: 16.6233 (18.3757)  bad@0.5: 95.1878 (94.9233)  bad@1.0: 90.0110 (89.9464)  bad@2.0: 80.6801 (80.5553)  bad@3.0: 72.5339 (72.1063)  time: 0.4792  data: 0.0002  max mem: 15488
[18:32:04.785103] Epoch: [11]  [ 500/1630]  eta: 0:09:20  lr: 0.000023  loss: 3.2645 (3.3205)  avgerr: 12.1269 (13.6891)  rmse: 17.6653 (18.4371)  bad@0.5: 94.9337 (94.9215)  bad@1.0: 89.7075 (89.9446)  bad@2.0: 80.3176 (80.5508)  bad@3.0: 71.3392 (72.0967)  time: 0.4730  data: 0.0002  max mem: 15488
[18:32:14.270113] Epoch: [11]  [ 520/1630]  eta: 0:09:10  lr: 0.000023  loss: 3.4007 (3.3241)  avgerr: 14.6377 (13.7583)  rmse: 19.9346 (18.5158)  bad@0.5: 94.9829 (94.9126)  bad@1.0: 90.1539 (89.9377)  bad@2.0: 81.3237 (80.5503)  bad@3.0: 72.1724 (72.1062)  time: 0.4742  data: 0.0005  max mem: 15488
[18:32:23.961466] Epoch: [11]  [ 540/1630]  eta: 0:08:59  lr: 0.000023  loss: 3.2542 (3.3229)  avgerr: 12.9718 (13.7392)  rmse: 17.6612 (18.4860)  bad@0.5: 94.4958 (94.9065)  bad@1.0: 89.1191 (89.9235)  bad@2.0: 78.8716 (80.5325)  bad@3.0: 70.3464 (72.0937)  time: 0.4845  data: 0.0002  max mem: 15488
[18:32:33.713461] Epoch: [11]  [ 560/1630]  eta: 0:08:49  lr: 0.000022  loss: 3.5035 (3.3300)  avgerr: 15.5879 (13.8182)  rmse: 20.8156 (18.5910)  bad@0.5: 95.6395 (94.9322)  bad@1.0: 91.2678 (89.9732)  bad@2.0: 83.2338 (80.6277)  bad@3.0: 76.4292 (72.2242)  time: 0.4875  data: 0.0002  max mem: 15488
[18:32:43.423287] Epoch: [11]  [ 580/1630]  eta: 0:08:39  lr: 0.000022  loss: 3.1159 (3.3241)  avgerr: 11.2075 (13.7343)  rmse: 15.8468 (18.4838)  bad@0.5: 94.6745 (94.9129)  bad@1.0: 89.3943 (89.9357)  bad@2.0: 79.0505 (80.5521)  bad@3.0: 69.2454 (72.1165)  time: 0.4854  data: 0.0015  max mem: 15488
[18:32:53.010029] Epoch: [11]  [ 600/1630]  eta: 0:08:28  lr: 0.000022  loss: 3.2242 (3.3226)  avgerr: 11.1556 (13.7094)  rmse: 15.7569 (18.4800)  bad@0.5: 95.0493 (94.9157)  bad@1.0: 90.3077 (89.9401)  bad@2.0: 80.3691 (80.5579)  bad@3.0: 71.0556 (72.1195)  time: 0.4793  data: 0.0015  max mem: 15488
[18:33:02.574384] Epoch: [11]  [ 620/1630]  eta: 0:08:18  lr: 0.000022  loss: 3.2797 (3.3212)  avgerr: 11.8295 (13.6804)  rmse: 16.3206 (18.4424)  bad@0.5: 94.4620 (94.9036)  bad@1.0: 89.1921 (89.9169)  bad@2.0: 80.5527 (80.5257)  bad@3.0: 71.2425 (72.0891)  time: 0.4781  data: 0.0009  max mem: 15488
[18:33:12.089405] Epoch: [11]  [ 640/1630]  eta: 0:08:07  lr: 0.000022  loss: 3.1758 (3.3177)  avgerr: 12.6154 (13.6406)  rmse: 16.7977 (18.3960)  bad@0.5: 94.3831 (94.8903)  bad@1.0: 88.9871 (89.8913)  bad@2.0: 78.5927 (80.4770)  bad@3.0: 69.4655 (72.0189)  time: 0.4757  data: 0.0002  max mem: 15488
[18:33:21.723764] Epoch: [11]  [ 660/1630]  eta: 0:07:57  lr: 0.000022  loss: 3.4337 (3.3221)  avgerr: 15.3783 (13.7230)  rmse: 20.9867 (18.4924)  bad@0.5: 94.7887 (94.8879)  bad@1.0: 89.7507 (89.8892)  bad@2.0: 79.7998 (80.4740)  bad@3.0: 71.0640 (72.0166)  time: 0.4817  data: 0.0004  max mem: 15488
[18:33:31.309977] Epoch: [11]  [ 680/1630]  eta: 0:07:47  lr: 0.000022  loss: 3.2337 (3.3202)  avgerr: 12.5490 (13.6922)  rmse: 16.6303 (18.4594)  bad@0.5: 95.0843 (94.8888)  bad@1.0: 90.2630 (89.8972)  bad@2.0: 81.3478 (80.4913)  bad@3.0: 72.7914 (72.0337)  time: 0.4792  data: 0.0009  max mem: 15488
[18:33:40.912956] Epoch: [11]  [ 700/1630]  eta: 0:07:37  lr: 0.000022  loss: 3.2607 (3.3184)  avgerr: 11.9439 (13.6760)  rmse: 16.5930 (18.4434)  bad@0.5: 95.1688 (94.8743)  bad@1.0: 90.2355 (89.8737)  bad@2.0: 80.7358 (80.4575)  bad@3.0: 70.9478 (71.9905)  time: 0.4796  data: 0.0016  max mem: 15488
[18:33:50.507071] Epoch: [11]  [ 720/1630]  eta: 0:07:27  lr: 0.000022  loss: 3.2250 (3.3161)  avgerr: 11.7947 (13.6453)  rmse: 15.5879 (18.4085)  bad@0.5: 94.7655 (94.8708)  bad@1.0: 89.7169 (89.8685)  bad@2.0: 79.8166 (80.4442)  bad@3.0: 71.0367 (71.9676)  time: 0.4790  data: 0.0012  max mem: 15488
[18:34:00.270138] Epoch: [11]  [ 740/1630]  eta: 0:07:17  lr: 0.000022  loss: 3.2010 (3.3155)  avgerr: 12.0382 (13.6319)  rmse: 16.4135 (18.3918)  bad@0.5: 95.0191 (94.8781)  bad@1.0: 89.9455 (89.8778)  bad@2.0: 79.9374 (80.4546)  bad@3.0: 71.4155 (71.9760)  time: 0.4881  data: 0.0003  max mem: 15488
[18:34:09.787246] Epoch: [11]  [ 760/1630]  eta: 0:07:07  lr: 0.000022  loss: 3.1662 (3.3132)  avgerr: 11.5065 (13.6041)  rmse: 15.2656 (18.3522)  bad@0.5: 94.5843 (94.8680)  bad@1.0: 89.2039 (89.8602)  bad@2.0: 79.3745 (80.4242)  bad@3.0: 70.0262 (71.9352)  time: 0.4758  data: 0.0002  max mem: 15488
[18:34:19.347985] Epoch: [11]  [ 780/1630]  eta: 0:06:57  lr: 0.000022  loss: 3.2642 (3.3132)  avgerr: 12.6550 (13.6050)  rmse: 16.9918 (18.3545)  bad@0.5: 95.2568 (94.8711)  bad@1.0: 90.5211 (89.8634)  bad@2.0: 81.1396 (80.4186)  bad@3.0: 71.3783 (71.9226)  time: 0.4780  data: 0.0006  max mem: 15488
[18:34:28.908366] Epoch: [11]  [ 800/1630]  eta: 0:06:46  lr: 0.000022  loss: 3.2140 (3.3118)  avgerr: 12.3473 (13.5838)  rmse: 17.1356 (18.3311)  bad@0.5: 94.3938 (94.8606)  bad@1.0: 88.6378 (89.8443)  bad@2.0: 79.1696 (80.3899)  bad@3.0: 70.3901 (71.8884)  time: 0.4779  data: 0.0007  max mem: 15488
[18:34:38.587908] Epoch: [11]  [ 820/1630]  eta: 0:06:37  lr: 0.000022  loss: 3.1726 (3.3092)  avgerr: 11.9905 (13.5687)  rmse: 16.9044 (18.3061)  bad@0.5: 94.5063 (94.8518)  bad@1.0: 89.3760 (89.8270)  bad@2.0: 79.2405 (80.3531)  bad@3.0: 70.0780 (71.8345)  time: 0.4839  data: 0.0011  max mem: 15488
[18:34:48.181210] Epoch: [11]  [ 840/1630]  eta: 0:06:27  lr: 0.000022  loss: 3.3541 (3.3103)  avgerr: 13.0925 (13.5809)  rmse: 17.2029 (18.3170)  bad@0.5: 95.3277 (94.8586)  bad@1.0: 90.6376 (89.8394)  bad@2.0: 81.3676 (80.3709)  bad@3.0: 72.7790 (71.8573)  time: 0.4796  data: 0.0002  max mem: 15488
[18:34:57.798229] Epoch: [11]  [ 860/1630]  eta: 0:06:17  lr: 0.000022  loss: 3.3006 (3.3110)  avgerr: 13.2961 (13.5924)  rmse: 19.1903 (18.3426)  bad@0.5: 94.8755 (94.8611)  bad@1.0: 89.3630 (89.8411)  bad@2.0: 79.2202 (80.3707)  bad@3.0: 70.5030 (71.8560)  time: 0.4808  data: 0.0009  max mem: 15488
[18:35:07.540190] Epoch: [11]  [ 880/1630]  eta: 0:06:07  lr: 0.000022  loss: 3.3099 (3.3106)  avgerr: 12.6396 (13.5696)  rmse: 16.5055 (18.3097)  bad@0.5: 95.4710 (94.8690)  bad@1.0: 90.9107 (89.8545)  bad@2.0: 81.9769 (80.3884)  bad@3.0: 74.0669 (71.8747)  time: 0.4870  data: 0.0005  max mem: 15488
[18:35:17.535239] Epoch: [11]  [ 900/1630]  eta: 0:05:57  lr: 0.000022  loss: 3.2187 (3.3090)  avgerr: 12.6383 (13.5532)  rmse: 16.5865 (18.2876)  bad@0.5: 94.4837 (94.8587)  bad@1.0: 89.0890 (89.8347)  bad@2.0: 79.4113 (80.3555)  bad@3.0: 70.4787 (71.8345)  time: 0.4997  data: 0.0013  max mem: 15488
[18:35:27.273823] Epoch: [11]  [ 920/1630]  eta: 0:05:47  lr: 0.000022  loss: 3.2596 (3.3083)  avgerr: 12.0178 (13.5341)  rmse: 17.1607 (18.2670)  bad@0.5: 95.5474 (94.8726)  bad@1.0: 90.9770 (89.8586)  bad@2.0: 81.4182 (80.3871)  bad@3.0: 72.8277 (71.8619)  time: 0.4869  data: 0.0008  max mem: 15488
[18:35:36.851177] Epoch: [11]  [ 940/1630]  eta: 0:05:37  lr: 0.000022  loss: 3.2139 (3.3073)  avgerr: 12.3351 (13.5185)  rmse: 17.7720 (18.2514)  bad@0.5: 94.7840 (94.8673)  bad@1.0: 89.5295 (89.8512)  bad@2.0: 79.6007 (80.3754)  bad@3.0: 70.8568 (71.8509)  time: 0.4788  data: 0.0002  max mem: 15488
[18:35:46.362088] Epoch: [11]  [ 960/1630]  eta: 0:05:27  lr: 0.000022  loss: 3.2478 (3.3073)  avgerr: 12.3994 (13.5189)  rmse: 16.5398 (18.2521)  bad@0.5: 94.7787 (94.8681)  bad@1.0: 89.6142 (89.8517)  bad@2.0: 79.8372 (80.3748)  bad@3.0: 72.0104 (71.8459)  time: 0.4755  data: 0.0002  max mem: 15488
[18:35:56.084615] Epoch: [11]  [ 980/1630]  eta: 0:05:17  lr: 0.000022  loss: 3.2453 (3.3070)  avgerr: 12.7697 (13.5164)  rmse: 17.1080 (18.2534)  bad@0.5: 94.7111 (94.8625)  bad@1.0: 89.6261 (89.8428)  bad@2.0: 79.9821 (80.3597)  bad@3.0: 71.3608 (71.8270)  time: 0.4860  data: 0.0020  max mem: 15488
[18:36:05.595553] Epoch: [11]  [1000/1630]  eta: 0:05:08  lr: 0.000022  loss: 3.3259 (3.3070)  avgerr: 12.8360 (13.5175)  rmse: 16.6870 (18.2544)  bad@0.5: 94.5285 (94.8599)  bad@1.0: 89.2987 (89.8395)  bad@2.0: 79.9036 (80.3569)  bad@3.0: 71.3114 (71.8247)  time: 0.4755  data: 0.0008  max mem: 15488
[18:36:15.184224] Epoch: [11]  [1020/1630]  eta: 0:04:58  lr: 0.000022  loss: 3.1451 (3.3052)  avgerr: 11.3627 (13.5090)  rmse: 16.9276 (18.2420)  bad@0.5: 93.5986 (94.8386)  bad@1.0: 87.4072 (89.8008)  bad@2.0: 75.7918 (80.2993)  bad@3.0: 67.7834 (71.7620)  time: 0.4794  data: 0.0002  max mem: 15488
[18:36:24.690747] Epoch: [11]  [1040/1630]  eta: 0:04:48  lr: 0.000022  loss: 3.2577 (3.3046)  avgerr: 13.4910 (13.5121)  rmse: 18.2424 (18.2524)  bad@0.5: 94.6280 (94.8323)  bad@1.0: 89.1499 (89.7881)  bad@2.0: 78.9152 (80.2741)  bad@3.0: 69.8358 (71.7309)  time: 0.4753  data: 0.0007  max mem: 15488
[18:36:34.259352] Epoch: [11]  [1060/1630]  eta: 0:04:38  lr: 0.000022  loss: 3.1509 (3.3044)  avgerr: 10.6685 (13.5075)  rmse: 14.3115 (18.2489)  bad@0.5: 94.5499 (94.8298)  bad@1.0: 89.0770 (89.7823)  bad@2.0: 78.9261 (80.2644)  bad@3.0: 69.4571 (71.7152)  time: 0.4784  data: 0.0012  max mem: 15488
[18:36:43.805660] Epoch: [11]  [1080/1630]  eta: 0:04:28  lr: 0.000022  loss: 3.2084 (3.3038)  avgerr: 12.4919 (13.4939)  rmse: 16.6167 (18.2284)  bad@0.5: 95.5750 (94.8383)  bad@1.0: 90.9688 (89.7955)  bad@2.0: 82.1165 (80.2798)  bad@3.0: 73.1935 (71.7246)  time: 0.4772  data: 0.0002  max mem: 15488
[18:36:53.371740] Epoch: [11]  [1100/1630]  eta: 0:04:18  lr: 0.000022  loss: 3.0932 (3.3010)  avgerr: 10.8837 (13.4717)  rmse: 14.9482 (18.2091)  bad@0.5: 93.6792 (94.8268)  bad@1.0: 87.1391 (89.7731)  bad@2.0: 76.6279 (80.2359)  bad@3.0: 67.6519 (71.6640)  time: 0.4782  data: 0.0007  max mem: 15488
[18:37:03.026087] Epoch: [11]  [1120/1630]  eta: 0:04:08  lr: 0.000022  loss: 3.2674 (3.3018)  avgerr: 11.8303 (13.4775)  rmse: 16.2349 (18.2122)  bad@0.5: 95.1379 (94.8300)  bad@1.0: 90.1469 (89.7775)  bad@2.0: 80.5658 (80.2425)  bad@3.0: 71.3913 (71.6708)  time: 0.4827  data: 0.0011  max mem: 15488
[18:37:12.525899] Epoch: [11]  [1140/1630]  eta: 0:03:58  lr: 0.000022  loss: 3.2751 (3.3030)  avgerr: 12.1166 (13.4880)  rmse: 16.3027 (18.2140)  bad@0.5: 95.0780 (94.8368)  bad@1.0: 89.9327 (89.7911)  bad@2.0: 80.5217 (80.2665)  bad@3.0: 73.3031 (71.7003)  time: 0.4749  data: 0.0005  max mem: 15488
[18:37:22.031856] Epoch: [11]  [1160/1630]  eta: 0:03:49  lr: 0.000022  loss: 3.2054 (3.3030)  avgerr: 11.9725 (13.4837)  rmse: 16.9313 (18.2158)  bad@0.5: 94.8437 (94.8394)  bad@1.0: 89.4066 (89.7946)  bad@2.0: 79.2995 (80.2694)  bad@3.0: 70.4608 (71.7034)  time: 0.4752  data: 0.0002  max mem: 15488
[18:37:31.682742] Epoch: [11]  [1180/1630]  eta: 0:03:39  lr: 0.000022  loss: 3.1517 (3.3019)  avgerr: 10.7654 (13.4722)  rmse: 14.6453 (18.2014)  bad@0.5: 94.4337 (94.8326)  bad@1.0: 89.1685 (89.7814)  bad@2.0: 79.4748 (80.2469)  bad@3.0: 70.3278 (71.6773)  time: 0.4825  data: 0.0002  max mem: 15488
[18:37:41.397298] Epoch: [11]  [1200/1630]  eta: 0:03:29  lr: 0.000022  loss: 3.1469 (3.2999)  avgerr: 10.5179 (13.4388)  rmse: 14.7914 (18.1634)  bad@0.5: 94.5439 (94.8322)  bad@1.0: 89.2309 (89.7804)  bad@2.0: 79.0684 (80.2411)  bad@3.0: 69.7179 (71.6652)  time: 0.4857  data: 0.0009  max mem: 15488
[18:37:50.897894] Epoch: [11]  [1220/1630]  eta: 0:03:19  lr: 0.000022  loss: 3.1668 (3.2985)  avgerr: 11.3918 (13.4219)  rmse: 15.6258 (18.1398)  bad@0.5: 94.8768 (94.8284)  bad@1.0: 89.6175 (89.7730)  bad@2.0: 79.9641 (80.2273)  bad@3.0: 70.5463 (71.6418)  time: 0.4750  data: 0.0002  max mem: 15488
[18:38:00.464826] Epoch: [11]  [1240/1630]  eta: 0:03:09  lr: 0.000022  loss: 3.1715 (3.2975)  avgerr: 12.8118 (13.4158)  rmse: 16.7916 (18.1348)  bad@0.5: 94.3942 (94.8184)  bad@1.0: 88.9684 (89.7556)  bad@2.0: 78.9799 (80.2034)  bad@3.0: 69.6095 (71.6118)  time: 0.4782  data: 0.0004  max mem: 15488
[18:38:10.010058] Epoch: [11]  [1260/1630]  eta: 0:03:00  lr: 0.000022  loss: 3.2349 (3.2989)  avgerr: 11.8126 (13.4355)  rmse: 17.1122 (18.1568)  bad@0.5: 94.7733 (94.8187)  bad@1.0: 89.7739 (89.7559)  bad@2.0: 80.3490 (80.2028)  bad@3.0: 71.9278 (71.6122)  time: 0.4772  data: 0.0009  max mem: 15488
[18:38:19.603810] Epoch: [11]  [1280/1630]  eta: 0:02:50  lr: 0.000022  loss: 3.1833 (3.2982)  avgerr: 12.1592 (13.4346)  rmse: 17.1201 (18.1511)  bad@0.5: 94.8522 (94.8168)  bad@1.0: 89.7382 (89.7516)  bad@2.0: 79.7602 (80.1913)  bad@3.0: 70.4711 (71.5953)  time: 0.4796  data: 0.0013  max mem: 15488
[18:38:29.232539] Epoch: [11]  [1300/1630]  eta: 0:02:40  lr: 0.000022  loss: 3.2451 (3.2983)  avgerr: 12.9920 (13.4404)  rmse: 17.3558 (18.1581)  bad@0.5: 95.1563 (94.8210)  bad@1.0: 90.2525 (89.7590)  bad@2.0: 80.2430 (80.2010)  bad@3.0: 72.1758 (71.6052)  time: 0.4814  data: 0.0002  max mem: 15488
[18:38:39.018932] Epoch: [11]  [1320/1630]  eta: 0:02:30  lr: 0.000022  loss: 3.3949 (3.3007)  avgerr: 13.5421 (13.4701)  rmse: 18.8326 (18.1989)  bad@0.5: 95.2899 (94.8280)  bad@1.0: 90.7059 (89.7736)  bad@2.0: 83.1366 (80.2327)  bad@3.0: 76.1769 (71.6523)  time: 0.4893  data: 0.0003  max mem: 15488
[18:38:48.603624] Epoch: [11]  [1340/1630]  eta: 0:02:21  lr: 0.000022  loss: 3.4002 (3.3023)  avgerr: 12.1152 (13.4869)  rmse: 16.6721 (18.2173)  bad@0.5: 94.9502 (94.8366)  bad@1.0: 90.2108 (89.7899)  bad@2.0: 81.5762 (80.2601)  bad@3.0: 73.7971 (71.6893)  time: 0.4792  data: 0.0012  max mem: 15488
[18:38:58.380653] Epoch: [11]  [1360/1630]  eta: 0:02:11  lr: 0.000022  loss: 3.2748 (3.3063)  avgerr: 12.3697 (13.5440)  rmse: 17.2340 (18.2801)  bad@0.5: 94.3614 (94.8321)  bad@1.0: 88.8658 (89.7839)  bad@2.0: 78.6430 (80.2584)  bad@3.0: 70.4567 (71.6925)  time: 0.4888  data: 0.0012  max mem: 15488
[18:39:08.131054] Epoch: [11]  [1380/1630]  eta: 0:02:01  lr: 0.000022  loss: 3.2126 (3.3061)  avgerr: 12.6223 (13.5421)  rmse: 16.0948 (18.2735)  bad@0.5: 94.9927 (94.8329)  bad@1.0: 89.9274 (89.7841)  bad@2.0: 80.0585 (80.2566)  bad@3.0: 71.0144 (71.6890)  time: 0.4874  data: 0.0007  max mem: 15488
[18:39:17.747981] Epoch: [11]  [1400/1630]  eta: 0:01:51  lr: 0.000022  loss: 3.2334 (3.3047)  avgerr: 12.7368 (13.5380)  rmse: 16.4333 (18.2705)  bad@0.5: 94.0840 (94.8182)  bad@1.0: 88.6903 (89.7547)  bad@2.0: 78.5399 (80.2072)  bad@3.0: 69.1437 (71.6283)  time: 0.4808  data: 0.0009  max mem: 15488
[18:39:27.491691] Epoch: [11]  [1420/1630]  eta: 0:01:42  lr: 0.000022  loss: 3.2335 (3.3043)  avgerr: 12.6567 (13.5440)  rmse: 18.0240 (18.2808)  bad@0.5: 93.9892 (94.8095)  bad@1.0: 87.8198 (89.7371)  bad@2.0: 78.2249 (80.1725)  bad@3.0: 70.3008 (71.5816)  time: 0.4871  data: 0.0022  max mem: 15488
[18:39:37.242504] Epoch: [11]  [1440/1630]  eta: 0:01:32  lr: 0.000022  loss: 3.3538 (3.3046)  avgerr: 14.0342 (13.5517)  rmse: 20.0518 (18.2994)  bad@0.5: 94.9595 (94.8091)  bad@1.0: 89.5188 (89.7367)  bad@2.0: 81.1207 (80.1721)  bad@3.0: 71.5212 (71.5816)  time: 0.4875  data: 0.0012  max mem: 15488
[18:39:46.826863] Epoch: [11]  [1460/1630]  eta: 0:01:22  lr: 0.000022  loss: 3.0428 (3.3018)  avgerr: 10.9175 (13.5186)  rmse: 15.5482 (18.2617)  bad@0.5: 94.2062 (94.7961)  bad@1.0: 88.3891 (89.7136)  bad@2.0: 77.9617 (80.1305)  bad@3.0: 69.4403 (71.5281)  time: 0.4791  data: 0.0008  max mem: 15488
[18:39:56.506528] Epoch: [11]  [1480/1630]  eta: 0:01:12  lr: 0.000022  loss: 3.2819 (3.3014)  avgerr: 12.2910 (13.5086)  rmse: 17.6063 (18.2508)  bad@0.5: 95.5856 (94.7974)  bad@1.0: 90.9343 (89.7156)  bad@2.0: 80.9734 (80.1286)  bad@3.0: 71.7297 (71.5247)  time: 0.4839  data: 0.0003  max mem: 15488
[18:40:06.305101] Epoch: [11]  [1500/1630]  eta: 0:01:03  lr: 0.000022  loss: 3.3632 (3.3029)  avgerr: 13.7184 (13.5343)  rmse: 19.4444 (18.2844)  bad@0.5: 95.4273 (94.7985)  bad@1.0: 90.5077 (89.7195)  bad@2.0: 81.7443 (80.1384)  bad@3.0: 73.5070 (71.5394)  time: 0.4898  data: 0.0012  max mem: 15488
[18:40:16.001283] Epoch: [11]  [1520/1630]  eta: 0:00:53  lr: 0.000022  loss: 3.1562 (3.3025)  avgerr: 12.3924 (13.5354)  rmse: 17.5137 (18.2890)  bad@0.5: 94.1627 (94.7899)  bad@1.0: 88.3015 (89.7045)  bad@2.0: 77.9140 (80.1149)  bad@3.0: 68.5515 (71.5131)  time: 0.4842  data: 0.0005  max mem: 15488
[18:40:25.762465] Epoch: [11]  [1540/1630]  eta: 0:00:43  lr: 0.000022  loss: 3.3168 (3.3024)  avgerr: 13.2375 (13.5301)  rmse: 17.1434 (18.2821)  bad@0.5: 95.1403 (94.7952)  bad@1.0: 90.3039 (89.7123)  bad@2.0: 80.3144 (80.1248)  bad@3.0: 72.0606 (71.5268)  time: 0.4880  data: 0.0009  max mem: 15488
[18:40:35.360057] Epoch: [11]  [1560/1630]  eta: 0:00:34  lr: 0.000022  loss: 3.0669 (3.3007)  avgerr: 11.2413 (13.5157)  rmse: 15.0177 (18.2625)  bad@0.5: 93.7126 (94.7813)  bad@1.0: 87.6297 (89.6861)  bad@2.0: 76.6887 (80.0818)  bad@3.0: 67.3332 (71.4759)  time: 0.4798  data: 0.0002  max mem: 15488
[18:40:45.055128] Epoch: [11]  [1580/1630]  eta: 0:00:24  lr: 0.000022  loss: 3.2973 (3.3006)  avgerr: 11.8460 (13.5114)  rmse: 16.5916 (18.2597)  bad@0.5: 94.4585 (94.7804)  bad@1.0: 88.9909 (89.6836)  bad@2.0: 78.5414 (80.0779)  bad@3.0: 70.5750 (71.4728)  time: 0.4847  data: 0.0007  max mem: 15488
[18:40:54.814622] Epoch: [11]  [1600/1630]  eta: 0:00:14  lr: 0.000022  loss: 3.1609 (3.2998)  avgerr: 12.1097 (13.5045)  rmse: 16.7240 (18.2492)  bad@0.5: 94.6036 (94.7780)  bad@1.0: 89.4132 (89.6790)  bad@2.0: 79.6086 (80.0682)  bad@3.0: 70.2671 (71.4555)  time: 0.4879  data: 0.0018  max mem: 15488
[18:41:04.401776] Epoch: [11]  [1620/1630]  eta: 0:00:04  lr: 0.000022  loss: 3.1303 (3.2987)  avgerr: 11.1012 (13.4872)  rmse: 15.6944 (18.2324)  bad@0.5: 94.1562 (94.7738)  bad@1.0: 88.6353 (89.6724)  bad@2.0: 78.2267 (80.0575)  bad@3.0: 67.9906 (71.4404)  time: 0.4793  data: 0.0003  max mem: 15488
[18:41:08.599842] Epoch: [11]  [1629/1630]  eta: 0:00:00  lr: 0.000022  loss: 3.1709 (3.2997)  avgerr: 11.6670 (13.5005)  rmse: 15.7380 (18.2446)  bad@0.5: 94.2995 (94.7738)  bad@1.0: 88.9666 (89.6729)  bad@2.0: 78.8767 (80.0602)  bad@3.0: 70.0744 (71.4456)  time: 0.4676  data: 0.0001  max mem: 15488
[18:41:08.649904] Epoch: [11] Total time: 0:13:12 (0.4863 s / it)
[18:41:08.650015] Averaged stats: lr: 0.000022  loss: 3.1709 (3.2997)  avgerr: 11.6670 (13.5005)  rmse: 15.7380 (18.2446)  bad@0.5: 94.2995 (94.7738)  bad@1.0: 88.9666 (89.6729)  bad@2.0: 78.8767 (80.0602)  bad@3.0: 70.0744 (71.4456)
[18:41:08.653962] log_dir: ./checkpoints/gator_ft_2870882
[18:41:09.047848] Epoch: [11]  [0/3]  eta: 0:00:01  loss_tiled: 1.3352 (1.3352)  loss: 1.4047 (1.4047)  ETH3DLowResDataset_subval_avgerr: 1.4745 (1.4745)  ETH3DLowResDataset_subval_rmse: 1.8991 (1.8991)  ETH3DLowResDataset_subval_bad@0.5: 93.5010 (93.5010)  ETH3DLowResDataset_subval_bad@1.0: 73.0052 (73.0052)  ETH3DLowResDataset_subval_bad@2.0: 16.0725 (16.0725)  ETH3DLowResDataset_subval_bad@3.0: 4.3301 (4.3301)  time: 0.3932  data: 0.2158  max mem: 15488
[18:41:09.801927] Epoch: [11]  [2/3]  eta: 0:00:00  loss_tiled: 1.5397 (1.7347)  loss: 1.5350 (1.7675)  ETH3DLowResDataset_subval_avgerr: 1.7126 (2.3189)  ETH3DLowResDataset_subval_rmse: 2.0655 (2.8381)  ETH3DLowResDataset_subval_bad@0.5: 92.2629 (90.6704)  ETH3DLowResDataset_subval_bad@1.0: 73.0052 (76.5923)  ETH3DLowResDataset_subval_bad@2.0: 34.3606 (40.2470)  ETH3DLowResDataset_subval_bad@3.0: 10.6276 (23.6048)  time: 0.3822  data: 0.0720  max mem: 15488
[18:41:09.838930] Epoch: [11] Total time: 0:00:01 (0.3950 s / it)
[18:41:19.573448] Epoch: [11]  [0/6]  eta: 0:00:58  loss_tiled: 3.4221 (3.4221)  loss: 3.1071 (3.1071)  Md14Dataset_subval_avgerr: 8.8023 (8.8023)  Md14Dataset_subval_rmse: 15.5721 (15.5721)  Md14Dataset_subval_bad@0.5: 94.7699 (94.7699)  Md14Dataset_subval_bad@1.0: 89.5636 (89.5636)  Md14Dataset_subval_bad@2.0: 79.0828 (79.0828)  Md14Dataset_subval_bad@3.0: 67.9702 (67.9702)  time: 9.7338  data: 1.2093  max mem: 15488
[18:42:00.722270] Epoch: [11]  [5/6]  eta: 0:00:08  loss_tiled: 3.5680 (3.6340)  loss: 3.3776 (3.3936)  Md14Dataset_subval_avgerr: 10.7190 (11.6459)  Md14Dataset_subval_rmse: 16.5041 (19.3602)  Md14Dataset_subval_bad@0.5: 95.7294 (95.8114)  Md14Dataset_subval_bad@1.0: 91.3808 (91.5642)  Md14Dataset_subval_bad@2.0: 82.5290 (82.9006)  Md14Dataset_subval_bad@3.0: 73.8416 (74.4605)  time: 8.4802  data: 0.2016  max mem: 15488
[18:42:00.762941] Epoch: [11] Total time: 0:00:50 (8.4873 s / it)
[18:42:23.437484] Epoch: [11]  [ 0/15]  eta: 0:05:40  loss_tiled: 4.5975 (4.5975)  loss: 4.1423 (4.1423)  BoosterDataset_subval_balanced_avgerr: 23.0752 (23.0752)  BoosterDataset_subval_balanced_rmse: 29.6096 (29.6096)  BoosterDataset_subval_balanced_bad@0.5: 98.2863 (98.2863)  BoosterDataset_subval_balanced_bad@1.0: 96.5993 (96.5993)  BoosterDataset_subval_balanced_bad@2.0: 93.1345 (93.1345)  BoosterDataset_subval_balanced_bad@3.0: 89.6932 (89.6932)  time: 22.6738  data: 1.9072  max mem: 15488
[18:47:08.027493] Epoch: [11]  [14/15]  eta: 0:00:20  loss_tiled: 5.1228 (5.6427)  loss: 4.4356 (5.1250)  BoosterDataset_subval_balanced_avgerr: 28.9823 (42.9699)  BoosterDataset_subval_balanced_rmse: 38.5804 (56.0758)  BoosterDataset_subval_balanced_bad@0.5: 98.9049 (98.7226)  BoosterDataset_subval_balanced_bad@1.0: 97.8265 (97.4473)  BoosterDataset_subval_balanced_bad@2.0: 95.5918 (94.8710)  BoosterDataset_subval_balanced_bad@3.0: 93.1472 (92.2875)  time: 20.4842  data: 0.1272  max mem: 15488
[18:47:08.071611] Epoch: [11] Total time: 0:05:07 (20.4872 s / it)
[18:47:10.990298] Epoch: [11]  [ 0/20]  eta: 0:00:58  loss_tiled: 3.1852 (3.1852)  loss: 3.0459 (3.0459)  Md21Dataset_subval_avgerr: 8.4069 (8.4069)  Md21Dataset_subval_rmse: 12.2357 (12.2357)  Md21Dataset_subval_bad@0.5: 95.5439 (95.5439)  Md21Dataset_subval_bad@1.0: 91.0547 (91.0547)  Md21Dataset_subval_bad@2.0: 82.8937 (82.8937)  Md21Dataset_subval_bad@3.0: 75.1717 (75.1717)  time: 2.9179  data: 0.4605  max mem: 15488
[18:47:55.413242] Epoch: [11]  [19/20]  eta: 0:00:02  loss_tiled: 2.9461 (3.0090)  loss: 2.8017 (2.8693)  Md21Dataset_subval_avgerr: 7.4915 (7.6469)  Md21Dataset_subval_rmse: 12.0934 (12.1458)  Md21Dataset_subval_bad@0.5: 92.3543 (92.7425)  Md21Dataset_subval_bad@1.0: 84.4074 (85.5853)  Md21Dataset_subval_bad@2.0: 70.8171 (72.5598)  Md21Dataset_subval_bad@3.0: 58.3376 (61.3928)  time: 2.3670  data: 0.0231  max mem: 15488
[18:47:55.456565] Epoch: [11] Total time: 0:00:47 (2.3692 s / it)
[18:47:55.458276] Averaged stats: {'loss_tiled': 3.0089820504188536, 'loss': 2.8693094730377195, 'ETH3DLowResDataset_subval_avgerr': 2.3188690741856894, 'ETH3DLowResDataset_subval_rmse': 2.8381227254867554, 'ETH3DLowResDataset_subval_bad@0.5': 90.67038981119792, 'ETH3DLowResDataset_subval_bad@1.0': 76.59232584635417, 'ETH3DLowResDataset_subval_bad@2.0': 40.24700355529785, 'ETH3DLowResDataset_subval_bad@3.0': 23.604772726694744, 'Md14Dataset_subval_avgerr': 11.645877361297607, 'Md14Dataset_subval_rmse': 19.360171794891357, 'Md14Dataset_subval_bad@0.5': 95.81144205729167, 'Md14Dataset_subval_bad@1.0': 91.56422170003255, 'Md14Dataset_subval_bad@2.0': 82.9005635579427, 'Md14Dataset_subval_bad@3.0': 74.46052169799805, 'BoosterDataset_subval_balanced_avgerr': 42.969905598958334, 'BoosterDataset_subval_balanced_rmse': 56.075765228271486, 'BoosterDataset_subval_balanced_bad@0.5': 98.72255401611328, 'BoosterDataset_subval_balanced_bad@1.0': 97.44725850423177, 'BoosterDataset_subval_balanced_bad@2.0': 94.8709950764974, 'BoosterDataset_subval_balanced_bad@3.0': 92.28748728434245, 'Md21Dataset_subval_avgerr': 7.646896886825561, 'Md21Dataset_subval_rmse': 12.145750522613525, 'Md21Dataset_subval_bad@0.5': 92.74247665405274, 'Md21Dataset_subval_bad@1.0': 85.58526878356933, 'Md21Dataset_subval_bad@2.0': 72.55975227355957, 'Md21Dataset_subval_bad@3.0': 61.39278373718262, 'AVG_avgerr': 16.1453872303168, 'AVG_rmse': 22.60495256781578, 'AVG_bad@0.5': 94.48671563466391, 'AVG_bad@1.0': 87.79726870854695, 'AVG_bad@2.0': 72.64457861582437, 'AVG_bad@3.0': 62.93639136155446}
[18:47:55.462219] >> Saving model to checkpoints/gator_ft_2870882/checkpoint-last.pth ...
[18:47:55.922192] log_dir: ./checkpoints/gator_ft_2870882
[18:48:01.587468] Epoch: [12]  [   0/1630]  eta: 2:33:53  lr: 0.000022  loss: 3.1525 (3.1525)  avgerr: 10.3989 (10.3989)  rmse: 13.3919 (13.3919)  bad@0.5: 94.9343 (94.9343)  bad@1.0: 89.8711 (89.8711)  bad@2.0: 79.6701 (79.6701)  bad@3.0: 69.9208 (69.9208)  time: 5.6644  data: 5.1996  max mem: 15488
[18:48:11.983338] Epoch: [12]  [  20/1630]  eta: 0:20:31  lr: 0.000022  loss: 3.1851 (3.2420)  avgerr: 11.4629 (12.0309)  rmse: 15.6083 (16.9036)  bad@0.5: 95.1688 (94.7130)  bad@1.0: 90.3730 (89.4490)  bad@2.0: 81.3250 (79.6625)  bad@3.0: 72.0904 (70.9778)  time: 0.5197  data: 0.0459  max mem: 15488
[18:48:22.472180] Epoch: [12]  [  40/1630]  eta: 0:17:09  lr: 0.000022  loss: 3.3168 (3.2770)  avgerr: 13.9347 (12.8052)  rmse: 19.0275 (17.7186)  bad@0.5: 94.8968 (94.8136)  bad@1.0: 89.8298 (89.6778)  bad@2.0: 80.8623 (80.2755)  bad@3.0: 72.2434 (71.8300)  time: 0.5243  data: 0.0480  max mem: 15488
[18:48:32.276099] Epoch: [12]  [  60/1630]  eta: 0:15:35  lr: 0.000022  loss: 3.1658 (3.2565)  avgerr: 12.0573 (12.8254)  rmse: 16.0693 (17.4933)  bad@0.5: 94.7310 (94.7318)  bad@1.0: 89.5194 (89.5380)  bad@2.0: 79.6587 (79.9404)  bad@3.0: 70.0893 (71.3082)  time: 0.4901  data: 0.0160  max mem: 15488
[18:48:43.544818] Epoch: [12]  [  80/1630]  eta: 0:15:11  lr: 0.000022  loss: 3.1966 (3.2556)  avgerr: 11.9624 (12.8957)  rmse: 16.7601 (17.5462)  bad@0.5: 95.0377 (94.7122)  bad@1.0: 90.1441 (89.5408)  bad@2.0: 80.6268 (79.8986)  bad@3.0: 72.1435 (71.2365)  time: 0.5634  data: 0.0919  max mem: 15488
[18:48:53.277599] Epoch: [12]  [ 100/1630]  eta: 0:14:28  lr: 0.000022  loss: 3.2589 (3.2779)  avgerr: 12.4532 (13.1832)  rmse: 17.7364 (17.9281)  bad@0.5: 94.3365 (94.7101)  bad@1.0: 88.8529 (89.5163)  bad@2.0: 78.6859 (79.7937)  bad@3.0: 69.8354 (71.0867)  time: 0.4866  data: 0.0008  max mem: 15488
[18:49:03.063890] Epoch: [12]  [ 120/1630]  eta: 0:13:57  lr: 0.000022  loss: 3.2801 (3.2847)  avgerr: 12.3537 (13.2290)  rmse: 17.2362 (18.0143)  bad@0.5: 95.0952 (94.7767)  bad@1.0: 89.7555 (89.6441)  bad@2.0: 79.0452 (79.9823)  bad@3.0: 71.2617 (71.2633)  time: 0.4892  data: 0.0007  max mem: 15488
[18:49:12.867397] Epoch: [12]  [ 140/1630]  eta: 0:13:32  lr: 0.000021  loss: 3.2532 (3.2790)  avgerr: 12.3085 (13.1158)  rmse: 16.6748 (17.8640)  bad@0.5: 94.4964 (94.7421)  bad@1.0: 89.0143 (89.5918)  bad@2.0: 79.0658 (79.9271)  bad@3.0: 70.4505 (71.2081)  time: 0.4901  data: 0.0018  max mem: 15488
[18:49:22.416000] Epoch: [12]  [ 160/1630]  eta: 0:13:09  lr: 0.000021  loss: 3.2151 (3.2793)  avgerr: 12.3708 (13.1478)  rmse: 18.7015 (17.9279)  bad@0.5: 94.8065 (94.7250)  bad@1.0: 89.4908 (89.5621)  bad@2.0: 79.5761 (79.8884)  bad@3.0: 71.0581 (71.1796)  time: 0.4774  data: 0.0002  max mem: 15488
[18:49:31.965242] Epoch: [12]  [ 180/1630]  eta: 0:12:49  lr: 0.000021  loss: 3.2747 (3.2844)  avgerr: 13.6309 (13.2228)  rmse: 17.7723 (17.9989)  bad@0.5: 94.6718 (94.7116)  bad@1.0: 89.4093 (89.5436)  bad@2.0: 79.4098 (79.8897)  bad@3.0: 70.7018 (71.2162)  time: 0.4774  data: 0.0006  max mem: 15488
[18:49:41.550461] Epoch: [12]  [ 200/1630]  eta: 0:12:31  lr: 0.000021  loss: 3.1733 (3.2737)  avgerr: 11.0375 (13.0945)  rmse: 15.1886 (17.8203)  bad@0.5: 93.5159 (94.6246)  bad@1.0: 88.3037 (89.3906)  bad@2.0: 79.2793 (79.6798)  bad@3.0: 70.6993 (70.9936)  time: 0.4792  data: 0.0009  max mem: 15488
[18:49:51.176798] Epoch: [12]  [ 220/1630]  eta: 0:12:15  lr: 0.000021  loss: 3.2204 (3.2704)  avgerr: 12.4075 (13.0706)  rmse: 16.4286 (17.8231)  bad@0.5: 94.0658 (94.6082)  bad@1.0: 88.2953 (89.3492)  bad@2.0: 77.9177 (79.5834)  bad@3.0: 68.1357 (70.8635)  time: 0.4812  data: 0.0008  max mem: 15488
[18:50:00.762995] Epoch: [12]  [ 240/1630]  eta: 0:11:59  lr: 0.000021  loss: 3.2143 (3.2696)  avgerr: 11.5472 (13.0363)  rmse: 15.8676 (17.7634)  bad@0.5: 94.6352 (94.6237)  bad@1.0: 89.4229 (89.3733)  bad@2.0: 79.7784 (79.5875)  bad@3.0: 70.3648 (70.8388)  time: 0.4792  data: 0.0002  max mem: 15488
[18:50:10.320464] Epoch: [12]  [ 260/1630]  eta: 0:11:45  lr: 0.000021  loss: 3.1834 (3.2657)  avgerr: 11.7315 (12.9919)  rmse: 15.9478 (17.7239)  bad@0.5: 94.5353 (94.6173)  bad@1.0: 89.0177 (89.3533)  bad@2.0: 78.7244 (79.5230)  bad@3.0: 69.4183 (70.7439)  time: 0.4778  data: 0.0006  max mem: 15488
[18:50:20.120321] Epoch: [12]  [ 280/1630]  eta: 0:11:32  lr: 0.000021  loss: 3.2664 (3.2703)  avgerr: 12.2352 (13.0462)  rmse: 16.4687 (17.7875)  bad@0.5: 95.2097 (94.6558)  bad@1.0: 90.2532 (89.4253)  bad@2.0: 81.3050 (79.6410)  bad@3.0: 72.9062 (70.8974)  time: 0.4893  data: 0.0008  max mem: 15488
[18:50:29.944417] Epoch: [12]  [ 300/1630]  eta: 0:11:20  lr: 0.000021  loss: 3.3322 (3.2764)  avgerr: 12.8539 (13.1201)  rmse: 18.0375 (17.8900)  bad@0.5: 95.0719 (94.6708)  bad@1.0: 90.1321 (89.4561)  bad@2.0: 80.9578 (79.7059)  bad@3.0: 73.2159 (70.9983)  time: 0.4911  data: 0.0008  max mem: 15488
[18:50:39.827465] Epoch: [12]  [ 320/1630]  eta: 0:11:08  lr: 0.000021  loss: 3.2146 (3.2742)  avgerr: 11.3172 (13.0647)  rmse: 15.4246 (17.8137)  bad@0.5: 94.2374 (94.6446)  bad@1.0: 88.7691 (89.4203)  bad@2.0: 77.9818 (79.6482)  bad@3.0: 68.6855 (70.8977)  time: 0.4940  data: 0.0015  max mem: 15488
[18:50:49.636320] Epoch: [12]  [ 340/1630]  eta: 0:10:57  lr: 0.000021  loss: 3.2342 (3.2726)  avgerr: 13.2721 (13.0527)  rmse: 16.9008 (17.7929)  bad@0.5: 94.4858 (94.6278)  bad@1.0: 89.3565 (89.3876)  bad@2.0: 79.2475 (79.6117)  bad@3.0: 70.6914 (70.8772)  time: 0.4904  data: 0.0016  max mem: 15488
[18:50:59.097147] Epoch: [12]  [ 360/1630]  eta: 0:10:44  lr: 0.000021  loss: 3.1787 (3.2682)  avgerr: 11.8571 (12.9787)  rmse: 15.9551 (17.6938)  bad@0.5: 94.9757 (94.6324)  bad@1.0: 89.7035 (89.3885)  bad@2.0: 80.0140 (79.6018)  bad@3.0: 70.5290 (70.8508)  time: 0.4730  data: 0.0006  max mem: 15488
[18:51:08.591799] Epoch: [12]  [ 380/1630]  eta: 0:10:31  lr: 0.000021  loss: 3.1448 (3.2638)  avgerr: 10.6686 (12.9255)  rmse: 14.6984 (17.6437)  bad@0.5: 94.9241 (94.6426)  bad@1.0: 89.4050 (89.4011)  bad@2.0: 79.4545 (79.6124)  bad@3.0: 70.6014 (70.8489)  time: 0.4747  data: 0.0002  max mem: 15488
[18:51:18.052850] Epoch: [12]  [ 400/1630]  eta: 0:10:19  lr: 0.000021  loss: 3.2438 (3.2651)  avgerr: 13.2529 (12.9679)  rmse: 17.9054 (17.6819)  bad@0.5: 94.8641 (94.6274)  bad@1.0: 89.7118 (89.3731)  bad@2.0: 79.5012 (79.5666)  bad@3.0: 70.8040 (70.8029)  time: 0.4730  data: 0.0002  max mem: 15488
[18:51:27.689005] Epoch: [12]  [ 420/1630]  eta: 0:10:08  lr: 0.000021  loss: 3.1643 (3.2650)  avgerr: 11.3822 (12.9760)  rmse: 15.3473 (17.6931)  bad@0.5: 94.8127 (94.6016)  bad@1.0: 89.8448 (89.3345)  bad@2.0: 80.3873 (79.5393)  bad@3.0: 72.0653 (70.8035)  time: 0.4817  data: 0.0017  max mem: 15488
[18:51:37.381517] Epoch: [12]  [ 440/1630]  eta: 0:09:57  lr: 0.000021  loss: 3.0894 (3.2587)  avgerr: 10.3814 (12.8919)  rmse: 13.5546 (17.5948)  bad@0.5: 94.7538 (94.6018)  bad@1.0: 89.1406 (89.3323)  bad@2.0: 79.4220 (79.5230)  bad@3.0: 70.7089 (70.7735)  time: 0.4846  data: 0.0005  max mem: 15488
[18:51:46.890630] Epoch: [12]  [ 460/1630]  eta: 0:09:46  lr: 0.000021  loss: 3.0753 (3.2548)  avgerr: 11.2433 (12.8477)  rmse: 15.6414 (17.5444)  bad@0.5: 94.3822 (94.5943)  bad@1.0: 88.7783 (89.3127)  bad@2.0: 77.6046 (79.4708)  bad@3.0: 68.1458 (70.7031)  time: 0.4754  data: 0.0008  max mem: 15488
[18:51:56.455600] Epoch: [12]  [ 480/1630]  eta: 0:09:34  lr: 0.000021  loss: 3.2298 (3.2551)  avgerr: 12.3913 (12.8635)  rmse: 17.0876 (17.5471)  bad@0.5: 94.6360 (94.5920)  bad@1.0: 89.1625 (89.3017)  bad@2.0: 79.0383 (79.4436)  bad@3.0: 69.8422 (70.6679)  time: 0.4782  data: 0.0007  max mem: 15488
[18:52:05.977809] Epoch: [12]  [ 500/1630]  eta: 0:09:23  lr: 0.000021  loss: 3.2308 (3.2572)  avgerr: 13.0005 (12.9071)  rmse: 17.6470 (17.6138)  bad@0.5: 94.9139 (94.6038)  bad@1.0: 89.7940 (89.3215)  bad@2.0: 79.6570 (79.4616)  bad@3.0: 70.6641 (70.6803)  time: 0.4760  data: 0.0005  max mem: 15488
[18:52:16.114316] Epoch: [12]  [ 520/1630]  eta: 0:09:14  lr: 0.000021  loss: 3.2234 (3.2591)  avgerr: 11.8992 (12.9239)  rmse: 17.8512 (17.6394)  bad@0.5: 95.1096 (94.6161)  bad@1.0: 90.2676 (89.3452)  bad@2.0: 80.7222 (79.4957)  bad@3.0: 71.0999 (70.7232)  time: 0.5068  data: 0.0272  max mem: 15488
[18:52:25.659349] Epoch: [12]  [ 540/1630]  eta: 0:09:03  lr: 0.000021  loss: 3.1462 (3.2562)  avgerr: 10.4820 (12.8703)  rmse: 14.0745 (17.5670)  bad@0.5: 94.9660 (94.6045)  bad@1.0: 89.6157 (89.3283)  bad@2.0: 79.6381 (79.4713)  bad@3.0: 71.3478 (70.6986)  time: 0.4771  data: 0.0002  max mem: 15488
[18:52:35.211397] Epoch: [12]  [ 560/1630]  eta: 0:08:52  lr: 0.000021  loss: 3.2941 (3.2602)  avgerr: 12.2519 (12.8735)  rmse: 17.3643 (17.5651)  bad@0.5: 95.1001 (94.6171)  bad@1.0: 90.1419 (89.3517)  bad@2.0: 80.0221 (79.5079)  bad@3.0: 71.9037 (70.7409)  time: 0.4775  data: 0.0011  max mem: 15488
[18:52:44.908356] Epoch: [12]  [ 580/1630]  eta: 0:08:42  lr: 0.000021  loss: 3.2213 (3.2612)  avgerr: 11.7328 (12.8681)  rmse: 15.8018 (17.5591)  bad@0.5: 94.5586 (94.6199)  bad@1.0: 89.1392 (89.3564)  bad@2.0: 79.3960 (79.5155)  bad@3.0: 70.4925 (70.7515)  time: 0.4848  data: 0.0004  max mem: 15488
[18:52:54.677341] Epoch: [12]  [ 600/1630]  eta: 0:08:31  lr: 0.000021  loss: 3.2220 (3.2647)  avgerr: 11.6764 (12.9158)  rmse: 16.6498 (17.6166)  bad@0.5: 94.9296 (94.6320)  bad@1.0: 89.8773 (89.3771)  bad@2.0: 79.8339 (79.5446)  bad@3.0: 71.0181 (70.7937)  time: 0.4884  data: 0.0006  max mem: 15488
[18:53:04.259442] Epoch: [12]  [ 620/1630]  eta: 0:08:21  lr: 0.000021  loss: 3.1280 (3.2632)  avgerr: 11.2883 (12.9005)  rmse: 16.5161 (17.6059)  bad@0.5: 94.7243 (94.6354)  bad@1.0: 89.3183 (89.3772)  bad@2.0: 78.7781 (79.5286)  bad@3.0: 69.0265 (70.7557)  time: 0.4790  data: 0.0011  max mem: 15488
[18:53:13.878672] Epoch: [12]  [ 640/1630]  eta: 0:08:10  lr: 0.000021  loss: 3.1655 (3.2632)  avgerr: 11.5595 (12.9209)  rmse: 16.2370 (17.6269)  bad@0.5: 94.3075 (94.6256)  bad@1.0: 88.6273 (89.3609)  bad@2.0: 77.8151 (79.5166)  bad@3.0: 68.3490 (70.7479)  time: 0.4809  data: 0.0002  max mem: 15488
[18:53:23.529924] Epoch: [12]  [ 660/1630]  eta: 0:08:00  lr: 0.000021  loss: 3.0844 (3.2607)  avgerr: 11.1725 (12.9030)  rmse: 16.0376 (17.5954)  bad@0.5: 94.0808 (94.6064)  bad@1.0: 88.2395 (89.3224)  bad@2.0: 78.0219 (79.4453)  bad@3.0: 68.7120 (70.6603)  time: 0.4825  data: 0.0005  max mem: 15488
[18:53:33.035391] Epoch: [12]  [ 680/1630]  eta: 0:07:50  lr: 0.000021  loss: 3.2398 (3.2616)  avgerr: 11.9317 (12.9180)  rmse: 17.1250 (17.6099)  bad@0.5: 94.6741 (94.6114)  bad@1.0: 89.3887 (89.3292)  bad@2.0: 79.2821 (79.4469)  bad@3.0: 69.5751 (70.6560)  time: 0.4752  data: 0.0005  max mem: 15488
[18:53:42.538508] Epoch: [12]  [ 700/1630]  eta: 0:07:39  lr: 0.000021  loss: 3.1646 (3.2588)  avgerr: 12.1515 (12.8921)  rmse: 15.9739 (17.5801)  bad@0.5: 94.3774 (94.6015)  bad@1.0: 88.5851 (89.3124)  bad@2.0: 78.1609 (79.4186)  bad@3.0: 69.1540 (70.6187)  time: 0.4751  data: 0.0002  max mem: 15488
[18:53:51.983889] Epoch: [12]  [ 720/1630]  eta: 0:07:29  lr: 0.000021  loss: 3.2282 (3.2584)  avgerr: 12.5849 (12.9245)  rmse: 17.0053 (17.6075)  bad@0.5: 93.8483 (94.5792)  bad@1.0: 87.8731 (89.2725)  bad@2.0: 76.5091 (79.3479)  bad@3.0: 65.7902 (70.5248)  time: 0.4722  data: 0.0002  max mem: 15488
[18:54:01.543896] Epoch: [12]  [ 740/1630]  eta: 0:07:19  lr: 0.000021  loss: 3.0830 (3.2546)  avgerr: 10.7016 (12.8734)  rmse: 14.5447 (17.5460)  bad@0.5: 94.1739 (94.5696)  bad@1.0: 88.4249 (89.2525)  bad@2.0: 77.9411 (79.3116)  bad@3.0: 68.7770 (70.4758)  time: 0.4779  data: 0.0002  max mem: 15488
[18:54:11.266532] Epoch: [12]  [ 760/1630]  eta: 0:07:09  lr: 0.000021  loss: 3.1563 (3.2531)  avgerr: 11.3762 (12.8585)  rmse: 15.0753 (17.5238)  bad@0.5: 94.3121 (94.5631)  bad@1.0: 88.5012 (89.2393)  bad@2.0: 78.0851 (79.2856)  bad@3.0: 68.8930 (70.4423)  time: 0.4861  data: 0.0011  max mem: 15488
[18:54:20.928028] Epoch: [12]  [ 780/1630]  eta: 0:06:58  lr: 0.000021  loss: 3.2347 (3.2537)  avgerr: 12.0822 (12.8616)  rmse: 16.2523 (17.5346)  bad@0.5: 94.8651 (94.5665)  bad@1.0: 89.9596 (89.2497)  bad@2.0: 80.5978 (79.3119)  bad@3.0: 71.8658 (70.4780)  time: 0.4830  data: 0.0013  max mem: 15488
[18:54:30.566270] Epoch: [12]  [ 800/1630]  eta: 0:06:48  lr: 0.000021  loss: 3.2728 (3.2539)  avgerr: 12.3443 (12.8508)  rmse: 17.1619 (17.5280)  bad@0.5: 95.2665 (94.5700)  bad@1.0: 90.7891 (89.2576)  bad@2.0: 82.6980 (79.3395)  bad@3.0: 75.0929 (70.5188)  time: 0.4818  data: 0.0026  max mem: 15488
[18:54:40.148479] Epoch: [12]  [ 820/1630]  eta: 0:06:38  lr: 0.000021  loss: 3.2829 (3.2550)  avgerr: 11.7979 (12.8771)  rmse: 16.3441 (17.5509)  bad@0.5: 94.3562 (94.5625)  bad@1.0: 88.9472 (89.2440)  bad@2.0: 78.5273 (79.3155)  bad@3.0: 69.9575 (70.4906)  time: 0.4790  data: 0.0008  max mem: 15488
[18:54:50.067820] Epoch: [12]  [ 840/1630]  eta: 0:06:28  lr: 0.000021  loss: 3.2255 (3.2578)  avgerr: 12.6986 (12.9440)  rmse: 17.4294 (17.6402)  bad@0.5: 94.6790 (94.5679)  bad@1.0: 89.2917 (89.2546)  bad@2.0: 79.4873 (79.3324)  bad@3.0: 69.4550 (70.5152)  time: 0.4959  data: 0.0018  max mem: 15488
[18:54:59.762358] Epoch: [12]  [ 860/1630]  eta: 0:06:18  lr: 0.000021  loss: 3.0875 (3.2557)  avgerr: 10.4764 (12.9146)  rmse: 14.2189 (17.6122)  bad@0.5: 94.4370 (94.5667)  bad@1.0: 89.0129 (89.2511)  bad@2.0: 78.8200 (79.3210)  bad@3.0: 69.9918 (70.4935)  time: 0.4847  data: 0.0002  max mem: 15488
[18:55:09.459774] Epoch: [12]  [ 880/1630]  eta: 0:06:09  lr: 0.000021  loss: 3.1793 (3.2555)  avgerr: 10.8466 (12.9205)  rmse: 16.3634 (17.6233)  bad@0.5: 94.3618 (94.5581)  bad@1.0: 88.6512 (89.2345)  bad@2.0: 77.4239 (79.2895)  bad@3.0: 67.2960 (70.4592)  time: 0.4848  data: 0.0005  max mem: 15488
[18:55:19.310953] Epoch: [12]  [ 900/1630]  eta: 0:05:59  lr: 0.000021  loss: 3.1475 (3.2533)  avgerr: 10.6204 (12.8906)  rmse: 14.2509 (17.5867)  bad@0.5: 94.4969 (94.5473)  bad@1.0: 89.1467 (89.2139)  bad@2.0: 78.3101 (79.2599)  bad@3.0: 69.0288 (70.4265)  time: 0.4925  data: 0.0002  max mem: 15488
[18:55:28.873415] Epoch: [12]  [ 920/1630]  eta: 0:05:49  lr: 0.000021  loss: 3.2187 (3.2528)  avgerr: 11.0738 (12.8785)  rmse: 17.1330 (17.5725)  bad@0.5: 94.9540 (94.5529)  bad@1.0: 89.6875 (89.2253)  bad@2.0: 79.7136 (79.2782)  bad@3.0: 70.2216 (70.4445)  time: 0.4781  data: 0.0004  max mem: 15488
[18:55:38.395336] Epoch: [12]  [ 940/1630]  eta: 0:05:39  lr: 0.000021  loss: 3.1743 (3.2516)  avgerr: 11.6140 (12.8654)  rmse: 14.9168 (17.5555)  bad@0.5: 94.9621 (94.5613)  bad@1.0: 89.8028 (89.2415)  bad@2.0: 79.7760 (79.3052)  bad@3.0: 70.2271 (70.4771)  time: 0.4760  data: 0.0002  max mem: 15488
[18:55:47.952546] Epoch: [12]  [ 960/1630]  eta: 0:05:29  lr: 0.000021  loss: 3.1376 (3.2495)  avgerr: 10.9860 (12.8338)  rmse: 16.1318 (17.5222)  bad@0.5: 93.9051 (94.5509)  bad@1.0: 88.0682 (89.2252)  bad@2.0: 77.5987 (79.2833)  bad@3.0: 69.2390 (70.4559)  time: 0.4778  data: 0.0012  max mem: 15488
[18:55:57.603958] Epoch: [12]  [ 980/1630]  eta: 0:05:19  lr: 0.000021  loss: 3.1777 (3.2490)  avgerr: 11.4560 (12.8309)  rmse: 16.4849 (17.5124)  bad@0.5: 94.3369 (94.5492)  bad@1.0: 88.7710 (89.2197)  bad@2.0: 78.1549 (79.2694)  bad@3.0: 69.6891 (70.4374)  time: 0.4825  data: 0.0007  max mem: 15488
[18:56:07.349285] Epoch: [12]  [1000/1630]  eta: 0:05:09  lr: 0.000021  loss: 3.0070 (3.2460)  avgerr: 10.2838 (12.7968)  rmse: 14.1432 (17.4707)  bad@0.5: 94.1012 (94.5363)  bad@1.0: 88.1823 (89.1985)  bad@2.0: 76.8459 (79.2330)  bad@3.0: 67.3742 (70.3869)  time: 0.4872  data: 0.0024  max mem: 15488
[18:56:16.851364] Epoch: [12]  [1020/1630]  eta: 0:04:59  lr: 0.000021  loss: 3.0870 (3.2450)  avgerr: 11.5399 (12.7935)  rmse: 15.5911 (17.4619)  bad@0.5: 93.7757 (94.5234)  bad@1.0: 87.7334 (89.1751)  bad@2.0: 76.4582 (79.1975)  bad@3.0: 67.1973 (70.3521)  time: 0.4750  data: 0.0002  max mem: 15488
[18:56:26.386298] Epoch: [12]  [1040/1630]  eta: 0:04:49  lr: 0.000021  loss: 3.1554 (3.2457)  avgerr: 12.6233 (12.8206)  rmse: 16.8306 (17.4988)  bad@0.5: 94.0407 (94.5158)  bad@1.0: 88.3986 (89.1643)  bad@2.0: 78.4151 (79.1876)  bad@3.0: 70.1340 (70.3437)  time: 0.4767  data: 0.0007  max mem: 15488
[18:56:36.001735] Epoch: [12]  [1060/1630]  eta: 0:04:39  lr: 0.000021  loss: 3.1977 (3.2472)  avgerr: 11.4461 (12.8555)  rmse: 16.5381 (17.5359)  bad@0.5: 94.0547 (94.5113)  bad@1.0: 88.0120 (89.1550)  bad@2.0: 76.7335 (79.1679)  bad@3.0: 67.7794 (70.3171)  time: 0.4807  data: 0.0012  max mem: 15488
[18:56:45.635490] Epoch: [12]  [1080/1630]  eta: 0:04:29  lr: 0.000021  loss: 3.3140 (3.2486)  avgerr: 13.2996 (12.8798)  rmse: 17.7333 (17.5620)  bad@0.5: 94.8448 (94.5070)  bad@1.0: 89.8024 (89.1476)  bad@2.0: 80.8343 (79.1588)  bad@3.0: 72.1813 (70.3115)  time: 0.4816  data: 0.0015  max mem: 15488
[18:56:55.254356] Epoch: [12]  [1100/1630]  eta: 0:04:19  lr: 0.000021  loss: 3.1784 (3.2488)  avgerr: 11.5845 (12.8787)  rmse: 16.0818 (17.5609)  bad@0.5: 94.6953 (94.5073)  bad@1.0: 89.5044 (89.1504)  bad@2.0: 79.0633 (79.1673)  bad@3.0: 70.3900 (70.3242)  time: 0.4799  data: 0.0012  max mem: 15488
[18:57:04.773119] Epoch: [12]  [1120/1630]  eta: 0:04:09  lr: 0.000021  loss: 3.1694 (3.2494)  avgerr: 11.5004 (12.8882)  rmse: 15.1413 (17.5645)  bad@0.5: 94.1878 (94.5092)  bad@1.0: 88.6921 (89.1546)  bad@2.0: 78.0380 (79.1734)  bad@3.0: 69.1786 (70.3337)  time: 0.4759  data: 0.0003  max mem: 15488
[18:57:14.328026] Epoch: [12]  [1140/1630]  eta: 0:03:59  lr: 0.000021  loss: 3.1153 (3.2478)  avgerr: 10.1535 (12.8717)  rmse: 14.3297 (17.5434)  bad@0.5: 94.0910 (94.5087)  bad@1.0: 88.2093 (89.1535)  bad@2.0: 77.2619 (79.1653)  bad@3.0: 68.4816 (70.3167)  time: 0.4777  data: 0.0002  max mem: 15488
[18:57:23.856098] Epoch: [12]  [1160/1630]  eta: 0:03:49  lr: 0.000021  loss: 3.1386 (3.2467)  avgerr: 11.4552 (12.8614)  rmse: 16.0214 (17.5276)  bad@0.5: 94.2107 (94.5037)  bad@1.0: 88.3270 (89.1411)  bad@2.0: 77.5507 (79.1405)  bad@3.0: 68.5560 (70.2858)  time: 0.4763  data: 0.0002  max mem: 15488
[18:57:33.499586] Epoch: [12]  [1180/1630]  eta: 0:03:40  lr: 0.000021  loss: 3.0993 (3.2464)  avgerr: 10.2668 (12.8605)  rmse: 14.8220 (17.5312)  bad@0.5: 94.0971 (94.4997)  bad@1.0: 88.0543 (89.1346)  bad@2.0: 77.1768 (79.1290)  bad@3.0: 68.3929 (70.2692)  time: 0.4821  data: 0.0006  max mem: 15488
[18:57:43.024321] Epoch: [12]  [1200/1630]  eta: 0:03:30  lr: 0.000021  loss: 3.2437 (3.2464)  avgerr: 11.8516 (12.8565)  rmse: 15.5108 (17.5205)  bad@0.5: 94.6669 (94.5003)  bad@1.0: 89.7082 (89.1357)  bad@2.0: 79.7445 (79.1324)  bad@3.0: 70.3359 (70.2771)  time: 0.4761  data: 0.0002  max mem: 15488
[18:57:52.548772] Epoch: [12]  [1220/1630]  eta: 0:03:20  lr: 0.000021  loss: 3.2080 (3.2462)  avgerr: 11.4781 (12.8526)  rmse: 15.5819 (17.5086)  bad@0.5: 94.4361 (94.4990)  bad@1.0: 88.6903 (89.1332)  bad@2.0: 78.4498 (79.1281)  bad@3.0: 69.6331 (70.2674)  time: 0.4762  data: 0.0002  max mem: 15488
[18:58:02.235458] Epoch: [12]  [1240/1630]  eta: 0:03:10  lr: 0.000021  loss: 3.1985 (3.2460)  avgerr: 11.2244 (12.8459)  rmse: 15.6390 (17.4986)  bad@0.5: 94.6503 (94.4993)  bad@1.0: 89.1106 (89.1327)  bad@2.0: 78.6123 (79.1248)  bad@3.0: 68.9203 (70.2591)  time: 0.4843  data: 0.0010  max mem: 15488
[18:58:11.854412] Epoch: [12]  [1260/1630]  eta: 0:03:00  lr: 0.000021  loss: 3.2032 (3.2478)  avgerr: 11.5008 (12.8718)  rmse: 15.9221 (17.5282)  bad@0.5: 95.2952 (94.5088)  bad@1.0: 90.1893 (89.1518)  bad@2.0: 80.2960 (79.1586)  bad@3.0: 71.7579 (70.3004)  time: 0.4809  data: 0.0013  max mem: 15488
[18:58:21.540085] Epoch: [12]  [1280/1630]  eta: 0:02:50  lr: 0.000021  loss: 3.2037 (3.2473)  avgerr: 10.7798 (12.8581)  rmse: 14.9001 (17.5081)  bad@0.5: 94.7427 (94.5144)  bad@1.0: 89.4117 (89.1619)  bad@2.0: 79.5359 (79.1675)  bad@3.0: 70.6919 (70.3078)  time: 0.4842  data: 0.0004  max mem: 15488
[18:58:31.363417] Epoch: [12]  [1300/1630]  eta: 0:02:41  lr: 0.000020  loss: 3.2726 (3.2489)  avgerr: 13.1816 (12.8846)  rmse: 17.5097 (17.5342)  bad@0.5: 94.9715 (94.5203)  bad@1.0: 89.8859 (89.1719)  bad@2.0: 80.3202 (79.1787)  bad@3.0: 71.7071 (70.3199)  time: 0.4911  data: 0.0014  max mem: 15488
[18:58:41.137530] Epoch: [12]  [1320/1630]  eta: 0:02:31  lr: 0.000020  loss: 3.0897 (3.2471)  avgerr: 11.2437 (12.8603)  rmse: 15.5202 (17.5057)  bad@0.5: 94.5787 (94.5179)  bad@1.0: 89.0513 (89.1665)  bad@2.0: 78.8419 (79.1655)  bad@3.0: 69.1475 (70.2964)  time: 0.4886  data: 0.0007  max mem: 15488
[18:58:50.814858] Epoch: [12]  [1340/1630]  eta: 0:02:21  lr: 0.000020  loss: 3.1765 (3.2472)  avgerr: 12.4680 (12.8649)  rmse: 17.4234 (17.5111)  bad@0.5: 94.1591 (94.5162)  bad@1.0: 88.4622 (89.1623)  bad@2.0: 78.0722 (79.1568)  bad@3.0: 68.1984 (70.2857)  time: 0.4838  data: 0.0004  max mem: 15488
[18:59:00.412306] Epoch: [12]  [1360/1630]  eta: 0:02:11  lr: 0.000020  loss: 3.2039 (3.2465)  avgerr: 11.5535 (12.8584)  rmse: 16.3884 (17.5043)  bad@0.5: 94.6523 (94.5165)  bad@1.0: 89.3634 (89.1627)  bad@2.0: 79.5359 (79.1545)  bad@3.0: 71.0339 (70.2822)  time: 0.4798  data: 0.0002  max mem: 15488
[18:59:10.087210] Epoch: [12]  [1380/1630]  eta: 0:02:02  lr: 0.000020  loss: 3.2306 (3.2475)  avgerr: 12.3778 (12.8770)  rmse: 16.4820 (17.5221)  bad@0.5: 95.0404 (94.5191)  bad@1.0: 90.0411 (89.1692)  bad@2.0: 80.1266 (79.1642)  bad@3.0: 71.5078 (70.2917)  time: 0.4837  data: 0.0002  max mem: 15488
[18:59:19.690287] Epoch: [12]  [1400/1630]  eta: 0:01:52  lr: 0.000020  loss: 3.2084 (3.2472)  avgerr: 11.4751 (12.8689)  rmse: 16.0987 (17.5123)  bad@0.5: 94.5546 (94.5165)  bad@1.0: 88.9929 (89.1631)  bad@2.0: 78.9265 (79.1539)  bad@3.0: 70.0037 (70.2815)  time: 0.4801  data: 0.0007  max mem: 15488
[18:59:29.349299] Epoch: [12]  [1420/1630]  eta: 0:01:42  lr: 0.000020  loss: 3.2135 (3.2478)  avgerr: 11.6313 (12.8815)  rmse: 15.5795 (17.5282)  bad@0.5: 94.7277 (94.5152)  bad@1.0: 89.6978 (89.1602)  bad@2.0: 79.9341 (79.1485)  bad@3.0: 70.0645 (70.2760)  time: 0.4829  data: 0.0002  max mem: 15488
[18:59:38.824332] Epoch: [12]  [1440/1630]  eta: 0:01:32  lr: 0.000020  loss: 3.0715 (3.2458)  avgerr: 10.8275 (12.8606)  rmse: 14.6300 (17.5030)  bad@0.5: 94.1818 (94.5049)  bad@1.0: 88.4581 (89.1416)  bad@2.0: 77.6665 (79.1184)  bad@3.0: 68.2638 (70.2397)  time: 0.4737  data: 0.0002  max mem: 15488
[18:59:48.358970] Epoch: [12]  [1460/1630]  eta: 0:01:22  lr: 0.000020  loss: 3.0791 (3.2435)  avgerr: 10.0791 (12.8283)  rmse: 13.9437 (17.4620)  bad@0.5: 93.9047 (94.4995)  bad@1.0: 87.8091 (89.1308)  bad@2.0: 77.1329 (79.0984)  bad@3.0: 68.1595 (70.2119)  time: 0.4767  data: 0.0002  max mem: 15488
[18:59:58.013548] Epoch: [12]  [1480/1630]  eta: 0:01:13  lr: 0.000020  loss: 3.2243 (3.2430)  avgerr: 12.2535 (12.8255)  rmse: 16.7812 (17.4624)  bad@0.5: 94.4830 (94.4962)  bad@1.0: 89.1611 (89.1255)  bad@2.0: 78.5516 (79.0878)  bad@3.0: 69.4228 (70.1947)  time: 0.4827  data: 0.0011  max mem: 15488
[19:00:07.609021] Epoch: [12]  [1500/1630]  eta: 0:01:03  lr: 0.000020  loss: 3.0574 (3.2416)  avgerr: 9.9725 (12.8126)  rmse: 13.7266 (17.4453)  bad@0.5: 93.8889 (94.4850)  bad@1.0: 87.8147 (89.1021)  bad@2.0: 76.2026 (79.0451)  bad@3.0: 67.2979 (70.1413)  time: 0.4797  data: 0.0018  max mem: 15488
[19:00:17.064294] Epoch: [12]  [1520/1630]  eta: 0:00:53  lr: 0.000020  loss: 3.1771 (3.2410)  avgerr: 12.3998 (12.8186)  rmse: 16.4852 (17.4473)  bad@0.5: 94.1715 (94.4755)  bad@1.0: 88.3321 (89.0853)  bad@2.0: 77.1662 (79.0191)  bad@3.0: 67.8998 (70.1087)  time: 0.4727  data: 0.0002  max mem: 15488
[19:00:26.666946] Epoch: [12]  [1540/1630]  eta: 0:00:43  lr: 0.000020  loss: 3.2986 (3.2419)  avgerr: 13.3672 (12.8327)  rmse: 19.0187 (17.4750)  bad@0.5: 94.8818 (94.4808)  bad@1.0: 89.8287 (89.0954)  bad@2.0: 80.5382 (79.0366)  bad@3.0: 71.3112 (70.1272)  time: 0.4801  data: 0.0005  max mem: 15488
[19:00:36.321390] Epoch: [12]  [1560/1630]  eta: 0:00:34  lr: 0.000020  loss: 3.1755 (3.2422)  avgerr: 11.8630 (12.8463)  rmse: 16.8141 (17.4877)  bad@0.5: 94.5847 (94.4764)  bad@1.0: 89.1634 (89.0871)  bad@2.0: 77.6958 (79.0197)  bad@3.0: 68.4843 (70.1066)  time: 0.4826  data: 0.0012  max mem: 15488
[19:00:45.812973] Epoch: [12]  [1580/1630]  eta: 0:00:24  lr: 0.000020  loss: 3.2014 (3.2418)  avgerr: 11.3246 (12.8342)  rmse: 15.3865 (17.4694)  bad@0.5: 94.7531 (94.4815)  bad@1.0: 89.1653 (89.0943)  bad@2.0: 78.6464 (79.0274)  bad@3.0: 69.6622 (70.1178)  time: 0.4745  data: 0.0002  max mem: 15488
[19:00:55.425721] Epoch: [12]  [1600/1630]  eta: 0:00:14  lr: 0.000020  loss: 3.2404 (3.2418)  avgerr: 11.8263 (12.8355)  rmse: 16.7262 (17.4724)  bad@0.5: 94.5591 (94.4798)  bad@1.0: 89.2947 (89.0924)  bad@2.0: 79.1131 (79.0249)  bad@3.0: 69.6991 (70.1134)  time: 0.4806  data: 0.0002  max mem: 15488
[19:01:05.072826] Epoch: [12]  [1620/1630]  eta: 0:00:04  lr: 0.000020  loss: 3.1412 (3.2428)  avgerr: 12.3989 (12.8579)  rmse: 16.8494 (17.4990)  bad@0.5: 94.3729 (94.4788)  bad@1.0: 88.8882 (89.0915)  bad@2.0: 78.9712 (79.0251)  bad@3.0: 69.3064 (70.1141)  time: 0.4816  data: 0.0002  max mem: 15488
[19:01:09.346605] Epoch: [12]  [1629/1630]  eta: 0:00:00  lr: 0.000020  loss: 3.2320 (3.2433)  avgerr: 12.7197 (12.8659)  rmse: 16.8881 (17.5089)  bad@0.5: 94.3804 (94.4789)  bad@1.0: 88.8882 (89.0920)  bad@2.0: 78.2479 (79.0242)  bad@3.0: 68.3023 (70.1120)  time: 0.4743  data: 0.0001  max mem: 15488
[19:01:09.395221] Epoch: [12] Total time: 0:13:13 (0.4868 s / it)
[19:01:09.395329] Averaged stats: lr: 0.000020  loss: 3.2320 (3.2433)  avgerr: 12.7197 (12.8659)  rmse: 16.8881 (17.5089)  bad@0.5: 94.3804 (94.4789)  bad@1.0: 88.8882 (89.0920)  bad@2.0: 78.2479 (79.0242)  bad@3.0: 68.3023 (70.1120)
[19:01:09.399291] log_dir: ./checkpoints/gator_ft_2870882
[19:01:09.791200] Epoch: [12]  [0/3]  eta: 0:00:01  loss_tiled: 0.4446 (0.4446)  loss: 0.4656 (0.4656)  ETH3DLowResDataset_subval_avgerr: 0.5779 (0.5779)  ETH3DLowResDataset_subval_rmse: 1.2054 (1.2054)  ETH3DLowResDataset_subval_bad@0.5: 38.5814 (38.5814)  ETH3DLowResDataset_subval_bad@1.0: 10.3023 (10.3023)  ETH3DLowResDataset_subval_bad@2.0: 2.1114 (2.1114)  ETH3DLowResDataset_subval_bad@3.0: 1.3036 (1.3036)  time: 0.3913  data: 0.2142  max mem: 15488
[19:01:10.545551] Epoch: [12]  [2/3]  eta: 0:00:00  loss_tiled: 1.4258 (1.4053)  loss: 1.2911 (1.3889)  ETH3DLowResDataset_subval_avgerr: 1.3010 (1.9127)  ETH3DLowResDataset_subval_rmse: 1.8701 (2.6048)  ETH3DLowResDataset_subval_bad@0.5: 67.8626 (65.5430)  ETH3DLowResDataset_subval_bad@1.0: 41.0082 (44.5192)  ETH3DLowResDataset_subval_bad@2.0: 21.6381 (30.8181)  ETH3DLowResDataset_subval_bad@3.0: 12.3870 (23.0048)  time: 0.3817  data: 0.0714  max mem: 15488
[19:01:10.593289] Epoch: [12] Total time: 0:00:01 (0.3980 s / it)
[19:01:20.276647] Epoch: [12]  [0/6]  eta: 0:00:58  loss_tiled: 3.3743 (3.3743)  loss: 3.0676 (3.0676)  Md14Dataset_subval_avgerr: 8.7065 (8.7065)  Md14Dataset_subval_rmse: 15.4610 (15.4610)  Md14Dataset_subval_bad@0.5: 94.0442 (94.0442)  Md14Dataset_subval_bad@1.0: 88.1099 (88.1099)  Md14Dataset_subval_bad@2.0: 77.6740 (77.6740)  Md14Dataset_subval_bad@3.0: 68.0199 (68.0199)  time: 9.6826  data: 1.1598  max mem: 15488
[19:02:01.353657] Epoch: [12]  [5/6]  eta: 0:00:08  loss_tiled: 3.4842 (3.5908)  loss: 3.1060 (3.2552)  Md14Dataset_subval_avgerr: 9.7189 (11.0359)  Md14Dataset_subval_rmse: 15.5332 (18.1884)  Md14Dataset_subval_bad@0.5: 94.8143 (95.2845)  Md14Dataset_subval_bad@1.0: 89.3783 (90.5279)  Md14Dataset_subval_bad@2.0: 78.2407 (81.3523)  Md14Dataset_subval_bad@3.0: 68.0783 (72.8138)  time: 8.4598  data: 0.1934  max mem: 15488
[19:02:01.395161] Epoch: [12] Total time: 0:00:50 (8.4670 s / it)
[19:02:24.094933] Epoch: [12]  [ 0/15]  eta: 0:05:40  loss_tiled: 4.5610 (4.5610)  loss: 3.7678 (3.7678)  BoosterDataset_subval_balanced_avgerr: 16.6712 (16.6712)  BoosterDataset_subval_balanced_rmse: 23.0096 (23.0096)  BoosterDataset_subval_balanced_bad@0.5: 97.7466 (97.7466)  BoosterDataset_subval_balanced_bad@1.0: 95.5317 (95.5317)  BoosterDataset_subval_balanced_bad@2.0: 90.9412 (90.9412)  BoosterDataset_subval_balanced_bad@3.0: 86.2799 (86.2799)  time: 22.6990  data: 2.1440  max mem: 15488
[19:07:08.112561] Epoch: [12]  [14/15]  eta: 0:00:20  loss_tiled: 5.4389 (5.2946)  loss: 4.1313 (4.5861)  BoosterDataset_subval_balanced_avgerr: 24.2675 (33.2275)  BoosterDataset_subval_balanced_rmse: 35.8656 (51.3184)  BoosterDataset_subval_balanced_bad@0.5: 97.7602 (97.7601)  BoosterDataset_subval_balanced_bad@1.0: 95.5317 (95.5344)  BoosterDataset_subval_balanced_bad@2.0: 91.0995 (91.1080)  BoosterDataset_subval_balanced_bad@3.0: 86.6305 (86.7447)  time: 20.4477  data: 0.1430  max mem: 15488
[19:07:08.161283] Epoch: [12] Total time: 0:05:06 (20.4511 s / it)
[19:07:11.041870] Epoch: [12]  [ 0/20]  eta: 0:00:57  loss_tiled: 3.2201 (3.2201)  loss: 3.1191 (3.1191)  Md21Dataset_subval_avgerr: 8.2794 (8.2794)  Md21Dataset_subval_rmse: 12.2036 (12.2036)  Md21Dataset_subval_bad@0.5: 94.4848 (94.4848)  Md21Dataset_subval_bad@1.0: 89.3598 (89.3598)  Md21Dataset_subval_bad@2.0: 80.6476 (80.6476)  Md21Dataset_subval_bad@3.0: 71.5350 (71.5350)  time: 2.8798  data: 0.4351  max mem: 15488
[19:07:55.577776] Epoch: [12]  [19/20]  eta: 0:00:02  loss_tiled: 2.9589 (3.0140)  loss: 2.8693 (2.9187)  Md21Dataset_subval_avgerr: 7.4916 (7.5979)  Md21Dataset_subval_rmse: 12.2036 (12.2696)  Md21Dataset_subval_bad@0.5: 91.0805 (91.8057)  Md21Dataset_subval_bad@1.0: 82.7771 (84.0667)  Md21Dataset_subval_bad@2.0: 68.8695 (70.6813)  Md21Dataset_subval_bad@3.0: 58.0128 (60.0099)  time: 2.3706  data: 0.0218  max mem: 15488
[19:07:55.623141] Epoch: [12] Total time: 0:00:47 (2.3731 s / it)
[19:07:55.626651] Averaged stats: {'loss_tiled': 3.0139755487442015, 'loss': 2.9187056183815003, 'ETH3DLowResDataset_subval_avgerr': 1.912657896677653, 'ETH3DLowResDataset_subval_rmse': 2.6047791242599487, 'ETH3DLowResDataset_subval_bad@0.5': 65.54295476277669, 'ETH3DLowResDataset_subval_bad@1.0': 44.51922289530436, 'ETH3DLowResDataset_subval_bad@2.0': 30.818102836608887, 'ETH3DLowResDataset_subval_bad@3.0': 23.004785815874737, 'Md14Dataset_subval_avgerr': 11.035932381947836, 'Md14Dataset_subval_rmse': 18.188406467437744, 'Md14Dataset_subval_bad@0.5': 95.28451410929362, 'Md14Dataset_subval_bad@1.0': 90.52792994181316, 'Md14Dataset_subval_bad@2.0': 81.3523063659668, 'Md14Dataset_subval_bad@3.0': 72.81379954020183, 'BoosterDataset_subval_balanced_avgerr': 33.227484957377115, 'BoosterDataset_subval_balanced_rmse': 51.318413416544594, 'BoosterDataset_subval_balanced_bad@0.5': 97.76005605061849, 'BoosterDataset_subval_balanced_bad@1.0': 95.53443094889323, 'BoosterDataset_subval_balanced_bad@2.0': 91.10803476969402, 'BoosterDataset_subval_balanced_bad@3.0': 86.74465738932291, 'Md21Dataset_subval_avgerr': 7.597880077362061, 'Md21Dataset_subval_rmse': 12.269639730453491, 'Md21Dataset_subval_bad@0.5': 91.80572357177735, 'Md21Dataset_subval_bad@1.0': 84.06667366027833, 'Md21Dataset_subval_bad@2.0': 70.68130760192871, 'Md21Dataset_subval_bad@3.0': 60.009890747070315, 'AVG_avgerr': 13.443488828341167, 'AVG_rmse': 21.095309684673943, 'AVG_bad@0.5': 87.59831212361654, 'AVG_bad@1.0': 78.66206436157226, 'AVG_bad@2.0': 68.48993789354961, 'AVG_bad@3.0': 60.64328337311745}
[19:07:55.630715] >> Saving model to checkpoints/gator_ft_2870882/checkpoint-best.pth ...
[19:07:56.116353] >> Saving model to checkpoints/gator_ft_2870882/checkpoint-last.pth ...
[19:07:56.563877] log_dir: ./checkpoints/gator_ft_2870882
[19:08:02.353454] Epoch: [13]  [   0/1630]  eta: 2:37:15  lr: 0.000020  loss: 3.2545 (3.2545)  avgerr: 13.1398 (13.1398)  rmse: 18.3654 (18.3654)  bad@0.5: 92.5041 (92.5041)  bad@1.0: 87.0760 (87.0760)  bad@2.0: 78.3254 (78.3254)  bad@3.0: 71.0199 (71.0199)  time: 5.7887  data: 5.3056  max mem: 15488
[19:08:11.905153] Epoch: [13]  [  20/1630]  eta: 0:19:34  lr: 0.000020  loss: 3.2460 (3.2285)  avgerr: 12.4886 (12.7221)  rmse: 16.5192 (17.3079)  bad@0.5: 94.6243 (94.6971)  bad@1.0: 89.2838 (89.5368)  bad@2.0: 80.0096 (79.5473)  bad@3.0: 70.9544 (70.4849)  time: 0.4766  data: 0.0007  max mem: 15488
[19:08:22.509702] Epoch: [13]  [  40/1630]  eta: 0:16:45  lr: 0.000020  loss: 3.1517 (3.2291)  avgerr: 10.7851 (12.7240)  rmse: 15.3713 (17.4174)  bad@0.5: 93.8496 (94.4279)  bad@1.0: 88.0620 (88.9909)  bad@2.0: 77.3915 (78.8038)  bad@3.0: 68.5474 (69.7230)  time: 0.5301  data: 0.0444  max mem: 15488
[19:08:32.275627] Epoch: [13]  [  60/1630]  eta: 0:15:18  lr: 0.000020  loss: 3.0856 (3.1945)  avgerr: 10.8786 (12.3150)  rmse: 14.9487 (16.8880)  bad@0.5: 94.0092 (94.2949)  bad@1.0: 88.1107 (88.6981)  bad@2.0: 77.1649 (78.2423)  bad@3.0: 67.6408 (68.9811)  time: 0.4877  data: 0.0002  max mem: 15488
[19:08:41.919921] Epoch: [13]  [  80/1630]  eta: 0:14:27  lr: 0.000020  loss: 3.1565 (3.2055)  avgerr: 11.2828 (12.6398)  rmse: 16.2164 (17.2847)  bad@0.5: 94.5653 (94.3557)  bad@1.0: 89.3350 (88.8160)  bad@2.0: 78.8190 (78.4460)  bad@3.0: 69.8178 (69.2202)  time: 0.4821  data: 0.0007  max mem: 15488
[19:08:51.750941] Epoch: [13]  [ 100/1630]  eta: 0:13:55  lr: 0.000020  loss: 3.2606 (3.2218)  avgerr: 13.5516 (12.7332)  rmse: 17.8245 (17.4436)  bad@0.5: 94.6926 (94.4359)  bad@1.0: 89.3674 (88.9653)  bad@2.0: 79.3305 (78.6649)  bad@3.0: 69.7964 (69.4310)  time: 0.4915  data: 0.0009  max mem: 15488
[19:09:01.518520] Epoch: [13]  [ 120/1630]  eta: 0:13:30  lr: 0.000020  loss: 3.3297 (3.2457)  avgerr: 13.0879 (13.0422)  rmse: 18.7325 (17.7757)  bad@0.5: 95.3197 (94.5392)  bad@1.0: 90.1017 (89.1692)  bad@2.0: 81.0495 (79.0352)  bad@3.0: 72.6850 (69.9203)  time: 0.4883  data: 0.0009  max mem: 15488
[19:09:12.353544] Epoch: [13]  [ 140/1630]  eta: 0:13:20  lr: 0.000020  loss: 3.2234 (3.2658)  avgerr: 12.4507 (13.3469)  rmse: 18.2799 (18.1396)  bad@0.5: 94.2570 (94.4784)  bad@1.0: 88.6686 (89.0724)  bad@2.0: 79.3571 (78.9297)  bad@3.0: 70.8865 (69.8894)  time: 0.5417  data: 0.0612  max mem: 15488
[19:09:22.506701] Epoch: [13]  [ 160/1630]  eta: 0:13:04  lr: 0.000020  loss: 3.0944 (3.2461)  avgerr: 10.9492 (13.0377)  rmse: 14.4017 (17.7521)  bad@0.5: 93.9365 (94.4264)  bad@1.0: 88.4451 (88.9778)  bad@2.0: 78.5337 (78.7688)  bad@3.0: 70.0901 (69.6952)  time: 0.5076  data: 0.0307  max mem: 15488
[19:09:32.058983] Epoch: [13]  [ 180/1630]  eta: 0:12:44  lr: 0.000020  loss: 3.0975 (3.2400)  avgerr: 11.5421 (12.9513)  rmse: 15.6404 (17.6500)  bad@0.5: 95.0791 (94.4567)  bad@1.0: 90.2231 (89.0270)  bad@2.0: 79.4242 (78.8377)  bad@3.0: 69.6280 (69.7769)  time: 0.4775  data: 0.0015  max mem: 15488
[19:09:41.668274] Epoch: [13]  [ 200/1630]  eta: 0:12:27  lr: 0.000020  loss: 3.1792 (3.2349)  avgerr: 11.7246 (12.8969)  rmse: 16.4122 (17.6002)  bad@0.5: 94.7675 (94.4347)  bad@1.0: 89.7416 (89.0051)  bad@2.0: 79.6069 (78.8303)  bad@3.0: 70.7698 (69.7885)  time: 0.4804  data: 0.0002  max mem: 15488
[19:09:51.291960] Epoch: [13]  [ 220/1630]  eta: 0:12:11  lr: 0.000020  loss: 3.1831 (3.2275)  avgerr: 11.0310 (12.7652)  rmse: 15.0411 (17.4181)  bad@0.5: 94.5042 (94.4285)  bad@1.0: 89.2235 (88.9990)  bad@2.0: 79.8860 (78.8181)  bad@3.0: 71.5145 (69.7789)  time: 0.4811  data: 0.0002  max mem: 15488
[19:10:00.859039] Epoch: [13]  [ 240/1630]  eta: 0:11:56  lr: 0.000020  loss: 3.0985 (3.2181)  avgerr: 10.8895 (12.6796)  rmse: 14.6539 (17.3306)  bad@0.5: 93.8873 (94.3713)  bad@1.0: 88.0288 (88.8859)  bad@2.0: 77.8031 (78.6185)  bad@3.0: 67.9814 (69.5354)  time: 0.4782  data: 0.0003  max mem: 15488
[19:10:10.446284] Epoch: [13]  [ 260/1630]  eta: 0:11:42  lr: 0.000020  loss: 3.1482 (3.2184)  avgerr: 12.2244 (12.7047)  rmse: 17.3073 (17.3707)  bad@0.5: 94.1928 (94.3383)  bad@1.0: 88.6081 (88.8248)  bad@2.0: 77.9127 (78.5373)  bad@3.0: 68.7990 (69.4420)  time: 0.4793  data: 0.0009  max mem: 15488
[19:10:20.091240] Epoch: [13]  [ 280/1630]  eta: 0:11:29  lr: 0.000020  loss: 3.1558 (3.2226)  avgerr: 10.3037 (12.8089)  rmse: 14.7116 (17.4663)  bad@0.5: 94.6190 (94.3324)  bad@1.0: 89.4181 (88.8166)  bad@2.0: 80.2297 (78.5255)  bad@3.0: 71.0607 (69.4294)  time: 0.4822  data: 0.0003  max mem: 15488
[19:10:29.687988] Epoch: [13]  [ 300/1630]  eta: 0:11:16  lr: 0.000020  loss: 3.2260 (3.2260)  avgerr: 13.8219 (12.8761)  rmse: 18.6822 (17.5817)  bad@0.5: 94.4231 (94.3195)  bad@1.0: 88.9941 (88.7963)  bad@2.0: 79.0912 (78.4970)  bad@3.0: 69.4127 (69.3990)  time: 0.4798  data: 0.0008  max mem: 15488
[19:10:39.436435] Epoch: [13]  [ 320/1630]  eta: 0:11:04  lr: 0.000020  loss: 3.2014 (3.2253)  avgerr: 11.3628 (12.8421)  rmse: 16.0026 (17.5474)  bad@0.5: 94.3520 (94.3226)  bad@1.0: 88.5545 (88.8083)  bad@2.0: 77.6457 (78.5290)  bad@3.0: 68.6014 (69.4450)  time: 0.4873  data: 0.0003  max mem: 15488
[19:10:48.874553] Epoch: [13]  [ 340/1630]  eta: 0:10:51  lr: 0.000020  loss: 3.1366 (3.2229)  avgerr: 10.8975 (12.8105)  rmse: 15.7275 (17.5029)  bad@0.5: 94.5622 (94.3118)  bad@1.0: 88.7453 (88.7865)  bad@2.0: 78.1018 (78.4739)  bad@3.0: 67.7613 (69.3595)  time: 0.4718  data: 0.0002  max mem: 15488
[19:10:58.521825] Epoch: [13]  [ 360/1630]  eta: 0:10:39  lr: 0.000020  loss: 3.2640 (3.2274)  avgerr: 13.1069 (12.8771)  rmse: 17.7785 (17.5782)  bad@0.5: 94.2249 (94.3202)  bad@1.0: 88.5595 (88.7955)  bad@2.0: 78.0978 (78.4857)  bad@3.0: 68.6867 (69.3794)  time: 0.4823  data: 0.0014  max mem: 15488
[19:11:08.343152] Epoch: [13]  [ 380/1630]  eta: 0:10:28  lr: 0.000020  loss: 3.1463 (3.2267)  avgerr: 11.2401 (12.8767)  rmse: 15.7233 (17.5892)  bad@0.5: 94.0176 (94.3151)  bad@1.0: 88.2123 (88.7844)  bad@2.0: 78.2570 (78.4619)  bad@3.0: 70.4946 (69.3440)  time: 0.4910  data: 0.0006  max mem: 15488
[19:11:17.977768] Epoch: [13]  [ 400/1630]  eta: 0:10:17  lr: 0.000020  loss: 3.2757 (3.2322)  avgerr: 13.7289 (12.9376)  rmse: 16.9557 (17.6514)  bad@0.5: 94.4668 (94.3234)  bad@1.0: 89.2296 (88.8032)  bad@2.0: 79.2357 (78.5117)  bad@3.0: 70.5322 (69.4353)  time: 0.4816  data: 0.0017  max mem: 15488
[19:11:27.546578] Epoch: [13]  [ 420/1630]  eta: 0:10:06  lr: 0.000020  loss: 3.1135 (3.2301)  avgerr: 11.3213 (12.8891)  rmse: 15.2680 (17.5769)  bad@0.5: 94.5582 (94.3201)  bad@1.0: 88.9970 (88.7934)  bad@2.0: 78.8611 (78.5041)  bad@3.0: 69.1195 (69.4477)  time: 0.4784  data: 0.0005  max mem: 15488
[19:11:37.504023] Epoch: [13]  [ 440/1630]  eta: 0:09:56  lr: 0.000020  loss: 3.1648 (3.2307)  avgerr: 11.4838 (12.9248)  rmse: 15.4979 (17.5875)  bad@0.5: 93.9060 (94.3013)  bad@1.0: 88.0331 (88.7540)  bad@2.0: 77.1916 (78.4434)  bad@3.0: 68.1431 (69.3693)  time: 0.4978  data: 0.0146  max mem: 15488
[19:11:47.165654] Epoch: [13]  [ 460/1630]  eta: 0:09:45  lr: 0.000020  loss: 3.2006 (3.2317)  avgerr: 11.8232 (12.9444)  rmse: 16.2996 (17.6261)  bad@0.5: 94.9481 (94.3182)  bad@1.0: 89.7075 (88.7807)  bad@2.0: 80.5316 (78.4766)  bad@3.0: 71.1717 (69.3988)  time: 0.4830  data: 0.0003  max mem: 15488
[19:11:56.815097] Epoch: [13]  [ 480/1630]  eta: 0:09:34  lr: 0.000020  loss: 3.1427 (3.2298)  avgerr: 12.1461 (12.9246)  rmse: 17.4692 (17.6081)  bad@0.5: 94.0478 (94.3082)  bad@1.0: 88.2854 (88.7592)  bad@2.0: 78.0198 (78.4221)  bad@3.0: 67.4407 (69.3257)  time: 0.4824  data: 0.0002  max mem: 15488
[19:12:06.432375] Epoch: [13]  [ 500/1630]  eta: 0:09:23  lr: 0.000020  loss: 3.1730 (3.2303)  avgerr: 10.7952 (12.9207)  rmse: 14.6806 (17.5992)  bad@0.5: 94.2378 (94.3110)  bad@1.0: 88.8655 (88.7663)  bad@2.0: 78.8704 (78.4380)  bad@3.0: 68.5862 (69.3448)  time: 0.4808  data: 0.0002  max mem: 15488
[19:12:16.158212] Epoch: [13]  [ 520/1630]  eta: 0:09:12  lr: 0.000020  loss: 3.1219 (3.2263)  avgerr: 10.7126 (12.8542)  rmse: 15.1782 (17.5246)  bad@0.5: 94.9146 (94.3167)  bad@1.0: 89.7313 (88.7702)  bad@2.0: 79.8452 (78.4362)  bad@3.0: 69.9532 (69.3298)  time: 0.4862  data: 0.0008  max mem: 15488
[19:12:25.721284] Epoch: [13]  [ 540/1630]  eta: 0:09:02  lr: 0.000020  loss: 3.1851 (3.2246)  avgerr: 11.2782 (12.8222)  rmse: 15.4771 (17.4931)  bad@0.5: 94.6439 (94.3217)  bad@1.0: 89.1254 (88.7751)  bad@2.0: 78.6618 (78.4349)  bad@3.0: 69.0764 (69.3210)  time: 0.4781  data: 0.0009  max mem: 15488
[19:12:35.369333] Epoch: [13]  [ 560/1630]  eta: 0:08:51  lr: 0.000020  loss: 3.0978 (3.2264)  avgerr: 11.8656 (12.8598)  rmse: 15.5203 (17.5287)  bad@0.5: 93.8034 (94.3128)  bad@1.0: 87.6028 (88.7596)  bad@2.0: 76.5631 (78.4120)  bad@3.0: 67.1404 (69.2947)  time: 0.4823  data: 0.0004  max mem: 15488
[19:12:45.182986] Epoch: [13]  [ 580/1630]  eta: 0:08:41  lr: 0.000020  loss: 3.2458 (3.2277)  avgerr: 14.1343 (12.8830)  rmse: 18.5468 (17.5624)  bad@0.5: 94.1369 (94.3124)  bad@1.0: 88.6290 (88.7619)  bad@2.0: 78.6470 (78.4251)  bad@3.0: 69.9008 (69.3175)  time: 0.4906  data: 0.0002  max mem: 15488
[19:12:54.680298] Epoch: [13]  [ 600/1630]  eta: 0:08:30  lr: 0.000020  loss: 3.1420 (3.2256)  avgerr: 11.0074 (12.8492)  rmse: 15.6084 (17.5195)  bad@0.5: 94.7324 (94.3240)  bad@1.0: 89.3454 (88.7794)  bad@2.0: 79.2326 (78.4354)  bad@3.0: 69.7904 (69.3117)  time: 0.4748  data: 0.0002  max mem: 15488
[19:13:04.336206] Epoch: [13]  [ 620/1630]  eta: 0:08:20  lr: 0.000020  loss: 3.0591 (3.2230)  avgerr: 11.0278 (12.8028)  rmse: 15.3692 (17.4662)  bad@0.5: 94.3888 (94.3259)  bad@1.0: 88.7750 (88.7838)  bad@2.0: 78.1928 (78.4326)  bad@3.0: 68.7292 (69.2970)  time: 0.4827  data: 0.0010  max mem: 15488
[19:13:13.959364] Epoch: [13]  [ 640/1630]  eta: 0:08:10  lr: 0.000020  loss: 3.2342 (3.2224)  avgerr: 11.3897 (12.7732)  rmse: 16.0585 (17.4535)  bad@0.5: 94.9404 (94.3327)  bad@1.0: 89.9726 (88.7963)  bad@2.0: 79.8181 (78.4524)  bad@3.0: 70.4907 (69.3219)  time: 0.4811  data: 0.0008  max mem: 15488
[19:13:23.835865] Epoch: [13]  [ 660/1630]  eta: 0:08:00  lr: 0.000020  loss: 3.1807 (3.2250)  avgerr: 12.2615 (12.8227)  rmse: 17.4085 (17.5268)  bad@0.5: 94.7735 (94.3326)  bad@1.0: 89.4509 (88.7950)  bad@2.0: 79.0412 (78.4575)  bad@3.0: 70.0285 (69.3376)  time: 0.4931  data: 0.0021  max mem: 15488
[19:13:33.465352] Epoch: [13]  [ 680/1630]  eta: 0:07:49  lr: 0.000020  loss: 3.2152 (3.2243)  avgerr: 11.7210 (12.7997)  rmse: 16.4015 (17.5028)  bad@0.5: 95.0964 (94.3408)  bad@1.0: 90.1733 (88.8129)  bad@2.0: 80.5320 (78.4944)  bad@3.0: 71.4573 (69.3843)  time: 0.4814  data: 0.0005  max mem: 15488
[19:13:43.169436] Epoch: [13]  [ 700/1630]  eta: 0:07:39  lr: 0.000020  loss: 3.1755 (3.2227)  avgerr: 11.9593 (12.7854)  rmse: 17.3014 (17.4808)  bad@0.5: 93.8392 (94.3258)  bad@1.0: 87.8115 (88.7891)  bad@2.0: 76.5346 (78.4623)  bad@3.0: 66.9092 (69.3440)  time: 0.4851  data: 0.0008  max mem: 15488
[19:13:52.610585] Epoch: [13]  [ 720/1630]  eta: 0:07:29  lr: 0.000020  loss: 3.1685 (3.2220)  avgerr: 12.0477 (12.7780)  rmse: 16.7481 (17.4793)  bad@0.5: 94.5055 (94.3236)  bad@1.0: 88.9888 (88.7884)  bad@2.0: 79.5703 (78.4697)  bad@3.0: 69.4198 (69.3546)  time: 0.4720  data: 0.0002  max mem: 15488
[19:14:02.159361] Epoch: [13]  [ 740/1630]  eta: 0:07:18  lr: 0.000020  loss: 3.1281 (3.2230)  avgerr: 11.0977 (12.7994)  rmse: 15.1760 (17.4969)  bad@0.5: 94.0130 (94.3182)  bad@1.0: 88.0658 (88.7830)  bad@2.0: 77.3187 (78.4679)  bad@3.0: 68.2152 (69.3557)  time: 0.4774  data: 0.0002  max mem: 15488
[19:14:11.670456] Epoch: [13]  [ 760/1630]  eta: 0:07:08  lr: 0.000020  loss: 3.1662 (3.2227)  avgerr: 11.1970 (12.8007)  rmse: 16.3337 (17.4975)  bad@0.5: 94.2209 (94.3147)  bad@1.0: 88.4306 (88.7759)  bad@2.0: 78.0038 (78.4505)  bad@3.0: 68.3234 (69.3305)  time: 0.4755  data: 0.0002  max mem: 15488
[19:14:21.186627] Epoch: [13]  [ 780/1630]  eta: 0:06:58  lr: 0.000020  loss: 3.0791 (3.2214)  avgerr: 10.5555 (12.7900)  rmse: 15.0869 (17.4861)  bad@0.5: 93.3708 (94.2973)  bad@1.0: 87.3171 (88.7467)  bad@2.0: 75.7942 (78.4157)  bad@3.0: 66.9161 (69.2958)  time: 0.4757  data: 0.0010  max mem: 15488
[19:14:30.815269] Epoch: [13]  [ 800/1630]  eta: 0:06:48  lr: 0.000020  loss: 3.1476 (3.2213)  avgerr: 10.9875 (12.7768)  rmse: 16.6010 (17.4786)  bad@0.5: 94.4907 (94.2974)  bad@1.0: 89.4716 (88.7511)  bad@2.0: 78.4645 (78.4294)  bad@3.0: 70.3393 (69.3155)  time: 0.4814  data: 0.0018  max mem: 15488
[19:14:40.556481] Epoch: [13]  [ 820/1630]  eta: 0:06:38  lr: 0.000019  loss: 3.3263 (3.2230)  avgerr: 12.6342 (12.7845)  rmse: 16.4092 (17.4830)  bad@0.5: 94.7201 (94.3092)  bad@1.0: 89.7395 (88.7742)  bad@2.0: 80.4205 (78.4746)  bad@3.0: 71.4751 (69.3751)  time: 0.4870  data: 0.0025  max mem: 15488
[19:14:50.140970] Epoch: [13]  [ 840/1630]  eta: 0:06:28  lr: 0.000019  loss: 3.2240 (3.2232)  avgerr: 11.4426 (12.7804)  rmse: 16.4805 (17.4893)  bad@0.5: 94.7981 (94.3175)  bad@1.0: 89.7354 (88.7910)  bad@2.0: 78.9530 (78.4984)  bad@3.0: 69.1865 (69.4002)  time: 0.4792  data: 0.0002  max mem: 15488
[19:14:59.717403] Epoch: [13]  [ 860/1630]  eta: 0:06:18  lr: 0.000019  loss: 3.1544 (3.2233)  avgerr: 11.6391 (12.7842)  rmse: 16.1784 (17.5014)  bad@0.5: 94.3199 (94.3163)  bad@1.0: 88.7310 (88.7865)  bad@2.0: 78.3012 (78.4944)  bad@3.0: 68.7195 (69.3965)  time: 0.4788  data: 0.0014  max mem: 15488
[19:15:09.284166] Epoch: [13]  [ 880/1630]  eta: 0:06:08  lr: 0.000019  loss: 3.1772 (3.2223)  avgerr: 11.0838 (12.7694)  rmse: 15.7855 (17.4822)  bad@0.5: 94.3536 (94.3175)  bad@1.0: 88.8359 (88.7892)  bad@2.0: 78.8885 (78.4996)  bad@3.0: 69.0589 (69.4075)  time: 0.4783  data: 0.0004  max mem: 15488
[19:15:18.780208] Epoch: [13]  [ 900/1630]  eta: 0:05:58  lr: 0.000019  loss: 3.1868 (3.2222)  avgerr: 11.1564 (12.7698)  rmse: 15.8607 (17.4814)  bad@0.5: 94.5520 (94.3193)  bad@1.0: 89.2855 (88.7905)  bad@2.0: 78.6591 (78.5037)  bad@3.0: 69.7639 (69.4162)  time: 0.4747  data: 0.0005  max mem: 15488
[19:15:28.414289] Epoch: [13]  [ 920/1630]  eta: 0:05:48  lr: 0.000019  loss: 3.1029 (3.2220)  avgerr: 10.7517 (12.7634)  rmse: 15.5920 (17.4734)  bad@0.5: 94.6119 (94.3213)  bad@1.0: 88.7964 (88.7934)  bad@2.0: 78.3703 (78.5064)  bad@3.0: 69.3704 (69.4173)  time: 0.4816  data: 0.0010  max mem: 15488
[19:15:37.998957] Epoch: [13]  [ 940/1630]  eta: 0:05:38  lr: 0.000019  loss: 3.1884 (3.2225)  avgerr: 11.9062 (12.7643)  rmse: 16.8739 (17.4934)  bad@0.5: 94.7047 (94.3280)  bad@1.0: 89.4022 (88.8046)  bad@2.0: 79.4729 (78.5221)  bad@3.0: 69.9908 (69.4382)  time: 0.4790  data: 0.0008  max mem: 15488
[19:15:47.584073] Epoch: [13]  [ 960/1630]  eta: 0:05:28  lr: 0.000019  loss: 3.1633 (3.2210)  avgerr: 11.4606 (12.7390)  rmse: 16.0839 (17.4643)  bad@0.5: 93.8911 (94.3284)  bad@1.0: 87.9152 (88.8055)  bad@2.0: 77.3527 (78.5197)  bad@3.0: 66.5631 (69.4283)  time: 0.4792  data: 0.0015  max mem: 15488
[19:15:57.217036] Epoch: [13]  [ 980/1630]  eta: 0:05:18  lr: 0.000019  loss: 3.0263 (3.2182)  avgerr: 10.4224 (12.7230)  rmse: 15.4293 (17.4541)  bad@0.5: 93.5980 (94.3152)  bad@1.0: 86.9983 (88.7791)  bad@2.0: 76.2669 (78.4643)  bad@3.0: 66.7053 (69.3489)  time: 0.4816  data: 0.0015  max mem: 15488
[19:16:07.007916] Epoch: [13]  [1000/1630]  eta: 0:05:08  lr: 0.000019  loss: 3.2225 (3.2181)  avgerr: 11.3094 (12.7109)  rmse: 15.6989 (17.4414)  bad@0.5: 94.5957 (94.3176)  bad@1.0: 89.2040 (88.7827)  bad@2.0: 78.5176 (78.4720)  bad@3.0: 70.3879 (69.3612)  time: 0.4895  data: 0.0011  max mem: 15488
[19:16:16.679664] Epoch: [13]  [1020/1630]  eta: 0:04:58  lr: 0.000019  loss: 3.1969 (3.2184)  avgerr: 11.3831 (12.7154)  rmse: 15.1060 (17.4458)  bad@0.5: 94.5847 (94.3181)  bad@1.0: 89.2166 (88.7819)  bad@2.0: 77.6759 (78.4679)  bad@3.0: 69.6281 (69.3541)  time: 0.4835  data: 0.0011  max mem: 15488
[19:16:26.419614] Epoch: [13]  [1040/1630]  eta: 0:04:48  lr: 0.000019  loss: 3.1768 (3.2182)  avgerr: 11.4322 (12.7026)  rmse: 15.3840 (17.4280)  bad@0.5: 95.1182 (94.3275)  bad@1.0: 90.7352 (88.8008)  bad@2.0: 82.3997 (78.5021)  bad@3.0: 72.8793 (69.3983)  time: 0.4869  data: 0.0011  max mem: 15488
[19:16:36.093285] Epoch: [13]  [1060/1630]  eta: 0:04:39  lr: 0.000019  loss: 3.1252 (3.2171)  avgerr: 10.6148 (12.6832)  rmse: 14.7651 (17.4034)  bad@0.5: 94.2752 (94.3308)  bad@1.0: 88.6512 (88.8084)  bad@2.0: 77.8895 (78.5182)  bad@3.0: 68.7119 (69.4207)  time: 0.4836  data: 0.0018  max mem: 15488
[19:16:45.680761] Epoch: [13]  [1080/1630]  eta: 0:04:29  lr: 0.000019  loss: 3.1683 (3.2174)  avgerr: 12.3880 (12.6874)  rmse: 18.0168 (17.4190)  bad@0.5: 94.7522 (94.3389)  bad@1.0: 89.6786 (88.8211)  bad@2.0: 80.0822 (78.5378)  bad@3.0: 70.1659 (69.4415)  time: 0.4792  data: 0.0003  max mem: 15488
[19:16:55.253905] Epoch: [13]  [1100/1630]  eta: 0:04:19  lr: 0.000019  loss: 3.1910 (3.2187)  avgerr: 11.7681 (12.7134)  rmse: 17.0063 (17.4427)  bad@0.5: 94.5595 (94.3383)  bad@1.0: 89.0964 (88.8201)  bad@2.0: 77.9571 (78.5342)  bad@3.0: 68.9498 (69.4330)  time: 0.4786  data: 0.0014  max mem: 15488
[19:17:04.788665] Epoch: [13]  [1120/1630]  eta: 0:04:09  lr: 0.000019  loss: 3.1659 (3.2176)  avgerr: 11.4569 (12.6937)  rmse: 16.0760 (17.4176)  bad@0.5: 94.0446 (94.3323)  bad@1.0: 87.9860 (88.8085)  bad@2.0: 77.6393 (78.5126)  bad@3.0: 67.4072 (69.4036)  time: 0.4767  data: 0.0009  max mem: 15488
[19:17:14.343929] Epoch: [13]  [1140/1630]  eta: 0:03:59  lr: 0.000019  loss: 2.9801 (3.2155)  avgerr: 10.3563 (12.6765)  rmse: 14.7678 (17.4044)  bad@0.5: 93.7142 (94.3168)  bad@1.0: 87.4834 (88.7778)  bad@2.0: 75.7015 (78.4591)  bad@3.0: 66.0449 (69.3407)  time: 0.4777  data: 0.0006  max mem: 15488
[19:17:23.910230] Epoch: [13]  [1160/1630]  eta: 0:03:49  lr: 0.000019  loss: 3.2287 (3.2166)  avgerr: 12.1362 (12.7036)  rmse: 17.0762 (17.4419)  bad@0.5: 94.3447 (94.3132)  bad@1.0: 88.7510 (88.7704)  bad@2.0: 78.5866 (78.4507)  bad@3.0: 69.6162 (69.3325)  time: 0.4782  data: 0.0015  max mem: 15488
[19:17:33.478694] Epoch: [13]  [1180/1630]  eta: 0:03:39  lr: 0.000019  loss: 3.1332 (3.2150)  avgerr: 10.7624 (12.6865)  rmse: 15.4183 (17.4214)  bad@0.5: 93.8689 (94.3004)  bad@1.0: 87.1291 (88.7468)  bad@2.0: 76.2363 (78.4164)  bad@3.0: 67.6203 (69.2945)  time: 0.4784  data: 0.0002  max mem: 15488
[19:17:43.000227] Epoch: [13]  [1200/1630]  eta: 0:03:29  lr: 0.000019  loss: 3.1704 (3.2152)  avgerr: 12.5753 (12.6991)  rmse: 16.9044 (17.4370)  bad@0.5: 94.4356 (94.2997)  bad@1.0: 89.1918 (88.7463)  bad@2.0: 79.3355 (78.4195)  bad@3.0: 70.0418 (69.2955)  time: 0.4760  data: 0.0002  max mem: 15488
[19:17:52.625037] Epoch: [13]  [1220/1630]  eta: 0:03:20  lr: 0.000019  loss: 3.1247 (3.2143)  avgerr: 10.6785 (12.6841)  rmse: 14.9248 (17.4206)  bad@0.5: 94.3342 (94.2996)  bad@1.0: 88.6581 (88.7455)  bad@2.0: 78.5275 (78.4192)  bad@3.0: 69.6068 (69.2966)  time: 0.4812  data: 0.0002  max mem: 15488
